TEAM_ID,season_start_year,season,TEAM_NAME,OFF_RATING,DEF_RATING,NET_RATING,PACE,AST_RATIO,TM_TOV_PCT,EFG_PCT,FF_EFG_PCT,FTA_RATE,FF_TM_TOV_PCT,OREB_PCT,OPP_EFG_PCT,OPP_FTA_RATE,OPP_TOV_PCT,OPP_OREB_PCT,CLUTCH_NET_RATING,CONFERENCE,CONF_RANK,WINS,LOSSES,WinPCT,made_playoff_bracket,target_a_top10_conf,target_b_made_bracket,OFF_RATING_PCTILE,DEF_RATING_PCTILE,NET_RATING_PCTILE,PACE_PCTILE,AST_RATIO_PCTILE,TM_TOV_PCT_PCTILE,EFG_PCT_PCTILE,FF_EFG_PCT_PCTILE,FTA_RATE_PCTILE,FF_TM_TOV_PCT_PCTILE,OREB_PCT_PCTILE,OPP_EFG_PCT_PCTILE,OPP_FTA_RATE_PCTILE,OPP_TOV_PCT_PCTILE,OPP_OREB_PCT_PCTILE,CLUTCH_NET_RATING_PCTILE,LEAGUE_RANK,is_bottom_n,NEXT_OFF_RATING_PCTILE,NEXT_DEF_RATING_PCTILE,NEXT_NET_RATING_PCTILE,NEXT_PACE_PCTILE,NEXT_AST_RATIO_PCTILE,NEXT_TM_TOV_PCT_PCTILE,NEXT_EFG_PCT_PCTILE,NEXT_FF_EFG_PCT_PCTILE,NEXT_FTA_RATE_PCTILE,NEXT_FF_TM_TOV_PCT_PCTILE,NEXT_OREB_PCT_PCTILE,NEXT_OPP_EFG_PCT_PCTILE,NEXT_OPP_FTA_RATE_PCTILE,NEXT_OPP_TOV_PCT_PCTILE,NEXT_OPP_OREB_PCT_PCTILE,NEXT_CLUTCH_NET_RATING_PCTILE,NEXT_target_a_top10_conf,NEXT_target_b_made_bracket,DELTA_OFF_RATING_PCTILE,DELTA_DEF_RATING_PCTILE,DELTA_NET_RATING_PCTILE,DELTA_PACE_PCTILE,DELTA_AST_RATIO_PCTILE,DELTA_TM_TOV_PCT_PCTILE,DELTA_EFG_PCT_PCTILE,DELTA_FF_EFG_PCT_PCTILE,DELTA_FTA_RATE_PCTILE,DELTA_FF_TM_TOV_PCT_PCTILE,DELTA_OREB_PCT_PCTILE,DELTA_OPP_EFG_PCT_PCTILE,DELTA_OPP_FTA_RATE_PCTILE,DELTA_OPP_TOV_PCT_PCTILE,DELTA_OPP_OREB_PCT_PCTILE,DELTA_CLUTCH_NET_RATING_PCTILE,ROOKIES_on_roster_count,ROOKIES_best_pick_on_roster,ROOKIES_max_minutes,ROOKIES_total_minutes,star_added
1610612737,2018,2018-19,Atlanta Hawks,107.5,113.1,-5.5,104.56,17.7,0.162,0.522,0.522,0.255,0.162,0.284,0.541,0.313,0.143,0.282,4.7,East,12,29,53,0.354,False,False,False,0.2413793103448276,0.9310344827586207,0.13793103448275862,1.0,0.4827586206896552,1.0,0.4482758620689655,0.4482758620689655,0.41379310344827586,1.0,0.7586206896551724,0.8620689655172413,0.9655172413793104,0.6206896551724138,0.7931034482758621,0.7586206896551724,26,True,0.1724137931034483,0.9310344827586207,0.06896551724137931,0.7931034482758621,0.27586206896551724,0.896551724137931,0.1724137931034483,0.1724137931034483,0.3793103448275862,0.896551724137931,0.4827586206896552,0.7931034482758621,0.9655172413793104,0.4827586206896552,0.9655172413793104,0.41379310344827586,False,False,-0.06896551724137931,0.0,-0.06896551724137931,-0.2068965517241379,-0.20689655172413796,-0.10344827586206895,-0.27586206896551724,-0.27586206896551724,-0.03448275862068967,-0.10344827586206895,-0.2758620689655172,-0.06896551724137923,0.0,-0.13793103448275862,0.1724137931034483,-0.3448275862068965,3,4.0,2017.935,4281.208333333333,False
1610612740,2019,2019-20,New Orleans Pelicans,110.5,111.8,-1.3,103.89,18.4,0.156,0.539,0.539,0.256,0.156,0.287,0.532,0.268,0.139,0.271,-23.3,West,13,30,42,0.417,False,False,False,0.5172413793103449,0.6896551724137931,0.3448275862068966,0.896551724137931,0.7931034482758621,0.9655172413793104,0.8275862068965517,0.8275862068965517,0.3103448275862069,0.9655172413793104,0.896551724137931,0.5172413793103449,0.5517241379310345,0.3448275862068966,0.5862068965517241,0.034482758620689655,21,True,0.6551724137931034,0.7586206896551724,0.41379310344827586,0.6896551724137931,0.6551724137931034,0.6896551724137931,0.4482758620689655,0.4482758620689655,0.9655172413793104,0.6896551724137931,1.0,0.8275862068965517,0.27586206896551724,0.3793103448275862,0.06896551724137931,0.6896551724137931,False,False,0.13793103448275856,0.06896551724137923,0.06896551724137928,-0.2068965517241379,-0.13793103448275867,-0.27586206896551724,-0.3793103448275862,-0.3793103448275862,0.6551724137931034,-0.27586206896551724,0.10344827586206895,0.31034482758620685,-0.27586206896551724,0.03448275862068961,-0.5172413793103448,0.6551724137931035,1,13.0,904.4433333333334,904.4433333333334,False
1610612764,2019,2019-20,Washington Wizards,110.2,114.7,-4.5,103.38,17.6,0.136,0.523,0.523,0.27,0.136,0.262,0.558,0.297,0.156,0.288,-16.8,East,9,25,47,0.347,False,True,False,0.4827586206896552,0.9655172413793104,0.1724137931034483,0.8620689655172413,0.4827586206896552,0.1724137931034483,0.3103448275862069,0.3103448275862069,0.7241379310344828,0.1724137931034483,0.3793103448275862,0.9655172413793104,0.896551724137931,0.896551724137931,0.896551724137931,0.10344827586206896,23,True,0.4482758620689655,0.6551724137931034,0.27586206896551724,1.0,0.41379310344827586,0.5172413793103449,0.3448275862068966,0.3448275862068966,0.9310344827586207,0.5172413793103449,0.20689655172413793,0.4827586206896552,0.9310344827586207,0.5172413793103449,0.4827586206896552,0.7241379310344828,True,True,-0.03448275862068967,-0.31034482758620696,0.10344827586206895,0.13793103448275867,-0.06896551724137934,0.3448275862068966,0.03448275862068967,0.03448275862068967,0.2068965517241379,0.3448275862068966,-0.17241379310344826,-0.4827586206896552,0.03448275862068961,-0.3793103448275862,-0.41379310344827586,0.6206896551724138,2,9.0,1256.8766666666668,1355.0716666666667,True
1610612754,2021,2021-22,Indiana Pacers,111.9,115.5,-3.6,98.55,18.1,0.145,0.531,0.531,0.239,0.145,0.31,0.552,0.256,0.133,0.275,-20.2,East,13,25,57,0.305,False,False,False,0.41379310344827586,0.9310344827586207,0.20689655172413793,0.41379310344827586,0.5517241379310345,0.7931034482758621,0.3448275862068966,0.3448275862068966,0.27586206896551724,0.7931034482758621,0.9310344827586207,0.9310344827586207,0.6896551724137931,0.3103448275862069,0.5172413793103449,0.034482758620689655,26,True,0.3103448275862069,0.8620689655172413,0.1724137931034483,0.8620689655172413,0.7931034482758621,0.7241379310344828,0.4827586206896552,0.4827586206896552,0.5172413793103449,0.7241379310344828,0.5862068965517241,0.7586206896551724,0.8275862068965517,0.7241379310344828,1.0,0.3793103448275862,False,False,-0.10344827586206895,-0.06896551724137934,-0.03448275862068964,0.44827586206896547,0.24137931034482762,-0.06896551724137934,0.13793103448275862,0.13793103448275862,0.24137931034482762,-0.06896551724137934,-0.3448275862068966,-0.1724137931034483,0.13793103448275856,0.41379310344827586,0.48275862068965514,0.3448275862068965,3,6.0,2222.38,4336.206666666667,False
1610612741,2017,2017-18,Chicago Bulls,103.4,110.5,-7.0,98.65,17.3,0.141,0.497,0.497,0.216,0.141,0.256,0.542,0.233,0.136,0.233,-1.3,East,13,27,55,0.329,False,False,False,0.06896551724137931,0.9310344827586207,0.06896551724137931,0.6551724137931034,0.5517241379310345,0.3103448275862069,0.034482758620689655,0.034482758620689655,0.034482758620689655,0.3103448275862069,0.27586206896551724,0.9655172413793104,0.2413793103448276,0.13793103448275862,0.0,0.4482758620689655,24,True,0.034482758620689655,0.8275862068965517,0.10344827586206896,0.3448275862068966,0.10344827586206896,0.6206896551724138,0.06896551724137931,0.06896551724137931,0.13793103448275862,0.6206896551724138,0.0,0.8620689655172413,0.27586206896551724,0.41379310344827586,0.5172413793103449,0.1724137931034483,False,False,-0.034482758620689655,-0.10344827586206895,0.034482758620689655,-0.31034482758620685,-0.4482758620689655,0.3103448275862069,0.034482758620689655,0.034482758620689655,0.10344827586206896,0.3103448275862069,-0.27586206896551724,-0.10344827586206906,0.03448275862068964,0.27586206896551724,0.5172413793103449,-0.27586206896551724,2,7.0,1109.8,2004.415,False
1610612745,2022,2022-23,Houston Rockets,110.5,118.6,-8.1,99.74,16.0,0.162,0.516,0.516,0.285,0.162,0.344,0.564,0.275,0.132,0.271,-8.1,West,14,22,60,0.268,False,False,False,0.10344827586206896,0.9655172413793104,0.034482758620689655,0.5517241379310345,0.0,1.0,0.0,0.0,0.7586206896551724,1.0,1.0,0.9310344827586207,0.6206896551724138,0.2413793103448276,0.27586206896551724,0.20689655172413793,28,True,0.3448275862068966,0.3103448275862069,0.41379310344827586,0.5862068965517241,0.034482758620689655,0.20689655172413793,0.10344827586206896,0.10344827586206896,0.7241379310344828,0.20689655172413793,0.7586206896551724,0.13793103448275862,0.9655172413793104,0.5172413793103449,0.3793103448275862,0.27586206896551724,False,False,0.24137931034482762,-0.6551724137931034,0.3793103448275862,0.03448275862068961,0.034482758620689655,-0.7931034482758621,0.10344827586206896,0.10344827586206896,-0.03448275862068961,-0.7931034482758621,-0.24137931034482762,-0.7931034482758621,0.3448275862068966,0.27586206896551724,0.10344827586206895,0.06896551724137931,2,4.0,1388.5316666666668,2268.8650000000002,True
1610612759,2022,2022-23,San Antonio Spurs,109.7,119.6,-9.9,102.07,18.7,0.148,0.525,0.525,0.229,0.148,0.299,0.576,0.26,0.135,0.291,-10.4,West,15,22,60,0.268,False,False,False,0.034482758620689655,1.0,0.0,0.9655172413793104,0.7586206896551724,0.7931034482758621,0.13793103448275862,0.13793103448275862,0.034482758620689655,0.7931034482758621,0.7931034482758621,1.0,0.3103448275862069,0.3448275862068966,0.7931034482758621,0.10344827586206896,28,True,0.13793103448275862,0.6896551724137931,0.1724137931034483,0.9310344827586207,0.9310344827586207,0.7931034482758621,0.20689655172413793,0.20689655172413793,0.06896551724137931,0.7931034482758621,0.2413793103448276,0.6551724137931034,0.10344827586206896,0.27586206896551724,0.41379310344827586,0.1724137931034483,False,False,0.10344827586206896,-0.31034482758620685,0.1724137931034483,-0.034482758620689724,0.1724137931034483,0.0,0.06896551724137931,0.06896551724137931,0.034482758620689655,0.0,-0.5517241379310345,-0.3448275862068966,-0.20689655172413796,-0.06896551724137934,-0.37931034482758624,0.06896551724137932,2,1.0,2106.235,2247.1533333333336,False
1610612747,2021,2021-22,Los Angeles Lakers,110.0,112.8,-2.9,100.47,17.3,0.142,0.537,0.537,0.259,0.142,0.256,0.54,0.257,0.138,0.28,-3.6,West,11,33,49,0.402,False,False,False,0.27586206896551724,0.6896551724137931,0.27586206896551724,0.7931034482758621,0.2413793103448276,0.6206896551724138,0.5172413793103449,0.5172413793103449,0.7586206896551724,0.6206896551724138,0.1724137931034483,0.6896551724137931,0.7241379310344828,0.5517241379310345,0.6896551724137931,0.3448275862068966,23,True,0.3793103448275862,0.3793103448275862,0.4827586206896552,0.896551724137931,0.41379310344827586,0.3448275862068966,0.41379310344827586,0.41379310344827586,0.9655172413793104,0.3448275862068966,0.27586206896551724,0.1724137931034483,0.0,0.034482758620689655,0.3103448275862069,0.5862068965517241,True,True,0.10344827586206895,-0.31034482758620696,0.20689655172413796,0.10344827586206895,0.17241379310344826,-0.27586206896551724,-0.103448275862069,-0.103448275862069,0.206896551724138,-0.27586206896551724,0.10344827586206895,-0.5172413793103449,-0.7241379310344828,-0.5172413793103449,-0.37931034482758624,0.2413793103448275,1,35.0,512.425,512.425,False
1610612753,2016,2016-17,Orlando Magic,103.7,110.3,-6.5,96.9,16.8,0.137,0.489,0.489,0.246,0.137,0.267,0.523,0.263,0.134,0.274,-10.8,East,13,29,53,0.354,False,False,False,0.06896551724137931,0.7931034482758621,0.034482758620689655,0.5517241379310345,0.3793103448275862,0.2413793103448276,0.034482758620689655,0.034482758620689655,0.10344827586206896,0.2413793103448276,0.3448275862068966,0.7241379310344828,0.3793103448275862,0.2413793103448276,0.3793103448275862,0.13793103448275862,26,True,0.1724137931034483,0.6551724137931034,0.1724137931034483,0.6206896551724138,0.6896551724137931,0.5517241379310345,0.27586206896551724,0.27586206896551724,0.3103448275862069,0.5517241379310345,0.1724137931034483,0.5517241379310345,0.3793103448275862,0.4827586206896552,0.9310344827586207,0.3448275862068966,False,False,0.10344827586206898,-0.13793103448275867,0.13793103448275862,0.06896551724137934,0.31034482758620696,0.31034482758620685,0.24137931034482757,0.24137931034482757,0.20689655172413796,0.31034482758620685,-0.1724137931034483,-0.1724137931034483,0.0,0.2413793103448276,0.5517241379310345,0.20689655172413796,2,6.0,1020.305,1555.7166666666667,False
1610612762,2024,2024-25,Utah Jazz,110.2,119.4,-9.2,100.85,17.9,0.17,0.533,0.533,0.252,0.17,0.311,0.559,0.243,0.116,0.295,-21.1,West,15,17,65,0.207,False,False,False,0.20689655172413793,1.0,0.06896551724137931,0.8275862068965517,0.20689655172413793,1.0,0.3103448275862069,0.3103448275862069,0.7586206896551724,1.0,0.7931034482758621,0.896551724137931,0.4827586206896552,0.0,0.5172413793103449,0.0,30,True,0.27586206896551724,0.9655172413793104,0.10344827586206896,0.9655172413793104,0.8620689655172413,0.7241379310344828,0.3448275862068966,0.3448275862068966,0.6896551724137931,0.7241379310344828,0.41379310344827586,1.0,0.9310344827586207,0.3793103448275862,0.5172413793103449,0.3793103448275862,False,False,0.06896551724137931,-0.03448275862068961,0.034482758620689655,0.13793103448275867,0.6551724137931034,-0.27586206896551724,0.03448275862068967,0.03448275862068967,-0.06896551724137923,-0.27586206896551724,-0.37931034482758624,0.10344827586206895,0.44827586206896547,0.3793103448275862,0.0,0.3793103448275862,1,5.0,1987.6433333333334,1987.6433333333334,True
1610612737,2017,2017-18,Atlanta Hawks,104.4,110.1,-5.7,98.76,17.6,0.157,0.512,0.512,0.236,0.157,0.263,0.536,0.237,0.153,0.281,-8.0,East,15,24,58,0.293,False,False,False,0.13793103448275862,0.7931034482758621,0.13793103448275862,0.7586206896551724,0.7586206896551724,0.9655172413793104,0.27586206896551724,0.27586206896551724,0.2413793103448276,0.9655172413793104,0.3793103448275862,0.8275862068965517,0.3103448275862069,0.7931034482758621,0.8620689655172413,0.1724137931034483,27,True,0.2413793103448276,0.9310344827586207,0.13793103448275862,1.0,0.4827586206896552,1.0,0.4482758620689655,0.4482758620689655,0.41379310344827586,1.0,0.7586206896551724,0.8620689655172413,0.9655172413793104,0.6206896551724138,0.7931034482758621,0.7586206896551724,False,False,0.10344827586206898,0.13793103448275856,0.0,0.24137931034482762,-0.2758620689655172,0.03448275862068961,0.1724137931034483,0.1724137931034483,0.17241379310344826,0.03448275862068961,0.3793103448275862,0.03448275862068961,0.6551724137931034,-0.1724137931034483,-0.06896551724137923,0.5862068965517241,3,5.0,2503.2816666666668,5356.3533333333335,False
1610612761,2020,2020-21,Toronto Raptors,111.6,112.0,-0.4,99.57,17.7,0.133,0.529,0.529,0.241,0.133,0.256,0.543,0.293,0.162,0.284,-16.9,East,12,27,45,0.375,False,False,False,0.4827586206896552,0.4827586206896552,0.3793103448275862,0.5517241379310345,0.3793103448275862,0.2413793103448276,0.3103448275862069,0.3103448275862069,0.41379310344827586,0.2413793103448276,0.41379310344827586,0.6551724137931034,1.0,1.0,0.9310344827586207,0.034482758620689655,24,True,0.4827586206896552,0.27586206896551724,0.6206896551724138,0.10344827586206896,0.0,0.06896551724137931,0.10344827586206896,0.10344827586206896,0.1724137931034483,0.06896551724137931,0.9655172413793104,0.5517241379310345,0.5517241379310345,1.0,0.7241379310344828,0.7931034482758621,True,True,0.0,-0.20689655172413796,0.24137931034482762,-0.4482758620689655,-0.3793103448275862,-0.1724137931034483,-0.20689655172413796,-0.20689655172413796,-0.24137931034482757,-0.1724137931034483,0.5517241379310345,-0.10344827586206895,-0.4482758620689655,0.0,-0.2068965517241379,0.7586206896551725,3,4.0,2617.2883333333334,3314.96,False
1610612764,2024,2024-25,Washington Wizards,105.8,118.0,-12.2,101.82,17.8,0.152,0.512,0.512,0.229,0.152,0.272,0.548,0.255,0.131,0.315,-9.2,East,15,18,64,0.22,False,False,False,0.0,0.9310344827586207,0.0,0.896551724137931,0.1724137931034483,0.8275862068965517,0.06896551724137931,0.06896551724137931,0.13793103448275862,0.8275862068965517,0.20689655172413793,0.6896551724137931,0.7241379310344828,0.1724137931034483,0.896551724137931,0.1724137931034483,29,True,0.034482758620689655,1.0,0.0,0.8275862068965517,0.06896551724137931,0.7931034482758621,0.3103448275862069,0.3103448275862069,0.13793103448275862,0.7931034482758621,0.20689655172413793,0.896551724137931,0.9310344827586207,0.27586206896551724,0.9655172413793104,0.10344827586206896,False,False,0.034482758620689655,0.06896551724137934,0.0,-0.06896551724137934,-0.10344827586206898,-0.03448275862068961,0.2413793103448276,0.2413793103448276,0.0,-0.03448275862068961,0.0,0.2068965517241379,0.2068965517241379,0.10344827586206895,0.06896551724137934,-0.06896551724137932,3,6.0,1632.4716666666666,4107.465,True
1610612753,2017,2017-18,Orlando Magic,104.7,109.4,-4.7,98.58,17.5,0.147,0.512,0.512,0.238,0.147,0.248,0.525,0.243,0.144,0.286,-5.1,East,14,25,57,0.305,False,False,False,0.1724137931034483,0.6551724137931034,0.1724137931034483,0.6206896551724138,0.6896551724137931,0.5517241379310345,0.27586206896551724,0.27586206896551724,0.3103448275862069,0.5517241379310345,0.1724137931034483,0.5517241379310345,0.3793103448275862,0.4827586206896552,0.9310344827586207,0.3448275862068966,26,True,0.27586206896551724,0.2413793103448276,0.5517241379310345,0.20689655172413793,0.7931034482758621,0.1724137931034483,0.3448275862068966,0.3448275862068966,0.034482758620689655,0.1724137931034483,0.27586206896551724,0.3103448275862069,0.13793103448275862,0.27586206896551724,0.06896551724137931,0.3448275862068966,True,True,0.10344827586206895,-0.4137931034482758,0.3793103448275862,-0.4137931034482759,0.10344827586206895,-0.3793103448275862,0.06896551724137934,0.06896551724137934,-0.27586206896551724,-0.3793103448275862,0.10344827586206895,-0.24137931034482757,-0.24137931034482757,-0.20689655172413796,-0.8620689655172413,0.0,2,6.0,766.1933333333334,810.6266666666667,False
1610612741,2020,2020-21,Chicago Bulls,110.4,111.5,-1.1,99.58,19.2,0.151,0.547,0.547,0.197,0.151,0.267,0.538,0.253,0.127,0.233,-7.4,East,11,31,41,0.431,False,False,False,0.3103448275862069,0.3448275862068966,0.3448275862068966,0.5862068965517241,0.7586206896551724,0.8620689655172413,0.6896551724137931,0.6896551724137931,0.0,0.8620689655172413,0.4827586206896552,0.4482758620689655,0.5172413793103449,0.13793103448275862,0.0,0.20689655172413793,21,True,0.5862068965517241,0.7586206896551724,0.3448275862068966,0.5517241379310345,0.41379310344827586,0.1724137931034483,0.6896551724137931,0.6896551724137931,0.4482758620689655,0.1724137931034483,0.06896551724137931,0.7241379310344828,0.4827586206896552,0.2413793103448276,0.20689655172413793,0.9310344827586207,True,True,0.2758620689655172,0.4137931034482758,0.0,-0.03448275862068961,-0.3448275862068965,-0.689655172413793,0.0,0.0,0.4482758620689655,-0.689655172413793,-0.4137931034482759,0.27586206896551724,-0.03448275862068967,0.10344827586206898,0.20689655172413793,0.7241379310344828,1,38.0,2109.641666666667,2109.641666666667,False
1610612765,2019,2019-20,Detroit Pistons,108.8,112.3,-3.5,97.86,17.7,0.155,0.529,0.529,0.261,0.155,0.277,0.541,0.239,0.142,0.283,-23.8,East,13,20,46,0.303,False,False,False,0.3448275862068966,0.7241379310344828,0.2413793103448276,0.06896551724137931,0.5172413793103449,0.896551724137931,0.3793103448275862,0.3793103448275862,0.4482758620689655,0.896551724137931,0.6551724137931034,0.6551724137931034,0.20689655172413793,0.41379310344827586,0.8275862068965517,0.0,26,True,0.13793103448275862,0.6206896551724138,0.1724137931034483,0.2413793103448276,0.41379310344827586,0.8620689655172413,0.13793103448275862,0.13793103448275862,0.8620689655172413,0.8620689655172413,0.4827586206896552,0.5517241379310345,0.6206896551724138,0.5517241379310345,0.7931034482758621,0.0,False,False,-0.20689655172413796,-0.10344827586206895,-0.06896551724137931,0.1724137931034483,-0.103448275862069,-0.034482758620689724,-0.24137931034482757,-0.24137931034482757,0.4137931034482758,-0.034482758620689724,-0.17241379310344823,-0.10344827586206895,0.4137931034482759,0.13793103448275862,-0.03448275862068961,0.0,4,7.0,1909.0166666666667,4814.651666666667,False
1610612753,2021,2021-22,Orlando Magic,103.9,112.1,-8.1,99.71,17.4,0.144,0.503,0.503,0.223,0.144,0.249,0.532,0.254,0.131,0.265,-3.0,East,15,22,60,0.268,False,False,False,0.034482758620689655,0.6206896551724138,0.06896551724137931,0.6896551724137931,0.3448275862068966,0.7586206896551724,0.06896551724137931,0.06896551724137931,0.06896551724137931,0.7586206896551724,0.06896551724137931,0.4482758620689655,0.6206896551724138,0.1724137931034483,0.20689655172413793,0.3793103448275862,29,True,0.13793103448275862,0.5862068965517241,0.20689655172413793,0.5172413793103449,0.10344827586206896,0.896551724137931,0.2413793103448276,0.2413793103448276,0.8620689655172413,0.896551724137931,0.5172413793103449,0.6896551724137931,0.41379310344827586,0.6896551724137931,0.2413793103448276,0.13793103448275862,False,False,0.10344827586206896,-0.034482758620689724,0.13793103448275862,-0.1724137931034483,-0.24137931034482762,0.13793103448275867,0.1724137931034483,0.1724137931034483,0.793103448275862,0.13793103448275867,0.4482758620689655,0.24137931034482762,-0.20689655172413796,0.5172413793103449,0.03448275862068967,-0.24137931034482757,2,1.0,2429.7233333333334,3241.9133333333334,False
1610612764,2018,2018-19,Washington Wizards,110.2,112.9,-2.7,102.23,18.4,0.136,0.531,0.531,0.266,0.136,0.252,0.546,0.255,0.152,0.294,-4.0,East,11,32,50,0.39,False,False,False,0.5172413793103449,0.8620689655172413,0.1724137931034483,0.7241379310344828,0.7241379310344828,0.3103448275862069,0.7241379310344828,0.7241379310344828,0.6551724137931034,0.3103448275862069,0.1724137931034483,0.9655172413793104,0.5172413793103449,0.7931034482758621,0.9310344827586207,0.3103448275862069,25,True,0.4827586206896552,0.9655172413793104,0.1724137931034483,0.8620689655172413,0.4827586206896552,0.1724137931034483,0.3103448275862069,0.3103448275862069,0.7241379310344828,0.1724137931034483,0.3793103448275862,0.9655172413793104,0.896551724137931,0.896551724137931,0.896551724137931,0.10344827586206896,True,False,-0.03448275862068967,0.10344827586206906,0.0,0.13793103448275856,-0.24137931034482757,-0.13793103448275862,-0.41379310344827586,-0.41379310344827586,0.06896551724137934,-0.13793103448275862,0.2068965517241379,0.0,0.3793103448275862,0.10344827586206895,-0.03448275862068961,-0.20689655172413796,2,9.0,1444.0316666666668,1812.4133333333334,True
1610612740,2024,2024-25,New Orleans Pelicans,109.7,119.1,-9.4,99.77,18.3,0.146,0.519,0.519,0.244,0.146,0.303,0.564,0.242,0.14,0.318,2.5,West,14,21,61,0.256,False,False,False,0.1724137931034483,0.9655172413793104,0.034482758620689655,0.5172413793103449,0.27586206896551724,0.5862068965517241,0.13793103448275862,0.13793103448275862,0.5172413793103449,0.5862068965517241,0.6551724137931034,0.9655172413793104,0.41379310344827586,0.41379310344827586,0.9310344827586207,0.5517241379310345,27,True,0.3448275862068966,0.7586206896551724,0.3103448275862069,0.6551724137931034,0.06896551724137931,0.3103448275862069,0.06896551724137931,0.06896551724137931,0.7586206896551724,0.3103448275862069,0.7586206896551724,0.7241379310344828,0.41379310344827586,0.41379310344827586,0.9310344827586207,0.034482758620689655,False,False,0.1724137931034483,-0.206896551724138,0.27586206896551724,0.13793103448275856,-0.20689655172413793,-0.2758620689655172,-0.06896551724137931,-0.06896551724137931,0.2413793103448275,-0.2758620689655172,0.10344827586206895,-0.24137931034482762,0.0,0.0,0.0,-0.5172413793103449,3,7.0,2111.903333333333,5048.218333333332,False
1610612757,2022,2022-23,Portland Trail Blazers,114.0,118.0,-4.0,99.25,17.8,0.145,0.549,0.549,0.289,0.145,0.264,0.563,0.276,0.136,0.291,-8.5,West,13,33,49,0.402,False,False,False,0.41379310344827586,0.9310344827586207,0.13793103448275862,0.4482758620689655,0.3103448275862069,0.6551724137931034,0.5517241379310345,0.5517241379310345,0.8275862068965517,0.6551724137931034,0.20689655172413793,0.8620689655172413,0.6551724137931034,0.3793103448275862,0.7931034482758621,0.1724137931034483,26,True,0.034482758620689655,0.7586206896551724,0.034482758620689655,0.3103448275862069,0.0,0.9655172413793104,0.0,0.0,0.2413793103448276,0.9655172413793104,0.9310344827586207,0.7931034482758621,0.896551724137931,0.8275862068965517,0.9310344827586207,0.4827586206896552,False,False,-0.3793103448275862,-0.1724137931034483,-0.10344827586206896,-0.13793103448275862,-0.3103448275862069,0.31034482758620696,-0.5517241379310345,-0.5517241379310345,-0.5862068965517241,0.31034482758620696,0.7241379310344828,-0.06896551724137923,0.24137931034482762,0.4482758620689655,0.13793103448275856,0.3103448275862069,4,3.0,1765.3933333333334,5486.21,False
1610612759,2021,2021-22,San Antonio Spurs,111.9,111.7,0.2,100.51,19.5,0.126,0.527,0.527,0.22,0.126,0.281,0.532,0.229,0.136,0.289,-12.3,West,10,34,48,0.415,False,True,False,0.41379310344827586,0.5172413793103449,0.4482758620689655,0.8275862068965517,0.8620689655172413,0.034482758620689655,0.3103448275862069,0.3103448275862069,0.0,0.034482758620689655,0.7241379310344828,0.4482758620689655,0.2413793103448276,0.41379310344827586,0.7931034482758621,0.10344827586206896,22,True,0.034482758620689655,1.0,0.0,0.9655172413793104,0.7586206896551724,0.7931034482758621,0.13793103448275862,0.13793103448275862,0.034482758620689655,0.7931034482758621,0.7931034482758621,1.0,0.3103448275862069,0.3448275862068966,0.7931034482758621,0.10344827586206896,False,False,-0.3793103448275862,0.48275862068965514,-0.4482758620689655,0.13793103448275867,-0.10344827586206895,0.7586206896551725,-0.1724137931034483,-0.1724137931034483,0.034482758620689655,0.7586206896551725,0.06896551724137934,0.5517241379310345,0.06896551724137931,-0.06896551724137928,0.0,0.0,3,9.0,1549.5966666666666,3676.3516666666665,False
1610612761,2024,2024-25,Toronto Raptors,109.6,113.6,-4.1,100.62,19.6,0.152,0.522,0.522,0.232,0.152,0.311,0.541,0.286,0.149,0.304,-16.3,East,11,30,52,0.366,False,False,False,0.13793103448275862,0.4827586206896552,0.20689655172413793,0.7241379310344828,0.6896551724137931,0.8275862068965517,0.20689655172413793,0.20689655172413793,0.1724137931034483,0.8275862068965517,0.7931034482758621,0.4482758620689655,0.9655172413793104,0.6551724137931034,0.7931034482758621,0.034482758620689655,24,True,0.5172413793103449,0.13793103448275862,0.6551724137931034,0.27586206896551724,1.0,0.20689655172413793,0.4827586206896552,0.4827586206896552,0.4827586206896552,0.20689655172413793,0.4827586206896552,0.20689655172413793,0.7586206896551724,0.896551724137931,0.5172413793103449,0.7586206896551724,True,True,0.37931034482758624,-0.3448275862068966,0.4482758620689655,-0.4482758620689655,0.31034482758620685,-0.6206896551724138,0.27586206896551724,0.27586206896551724,0.3103448275862069,-0.6206896551724138,-0.3103448275862069,-0.2413793103448276,-0.206896551724138,0.24137931034482762,-0.27586206896551724,0.7241379310344828,2,9.0,1245.6,1391.215,False
1610612740,2018,2018-19,New Orleans Pelicans,110.7,112.0,-1.3,103.89,18.6,0.142,0.529,0.529,0.254,0.142,0.285,0.532,0.253,0.13,0.271,-8.7,West,13,33,49,0.402,False,False,False,0.6206896551724138,0.7241379310344828,0.3448275862068966,0.9655172413793104,0.7931034482758621,0.6896551724137931,0.6206896551724138,0.6206896551724138,0.3793103448275862,0.6896551724137931,0.7931034482758621,0.6896551724137931,0.4482758620689655,0.20689655172413793,0.4482758620689655,0.13793103448275862,22,True,0.5172413793103449,0.6896551724137931,0.3448275862068966,0.896551724137931,0.7931034482758621,0.9655172413793104,0.8275862068965517,0.8275862068965517,0.3103448275862069,0.9655172413793104,0.896551724137931,0.5172413793103449,0.5517241379310345,0.3448275862068966,0.5862068965517241,0.034482758620689655,False,False,-0.10344827586206895,-0.03448275862068961,0.0,-0.06896551724137934,0.0,0.27586206896551724,0.2068965517241379,0.2068965517241379,-0.06896551724137928,0.27586206896551724,0.10344827586206895,-0.1724137931034483,0.10344827586206895,0.13793103448275865,0.13793103448275856,-0.10344827586206896,3,1.0,1079.715,2338.66,False
1610612750,2018,2018-19,Minnesota Timberwolves,110.6,112.2,-1.6,100.88,17.4,0.129,0.511,0.511,0.267,0.129,0.292,0.538,0.247,0.145,0.291,-15.5,West,11,36,46,0.439,False,False,False,0.5862068965517241,0.7931034482758621,0.2413793103448276,0.5862068965517241,0.41379310344827586,0.13793103448275862,0.1724137931034483,0.1724137931034483,0.7241379310344828,0.13793103448275862,0.896551724137931,0.7931034482758621,0.27586206896551724,0.6896551724137931,0.896551724137931,0.0,21,True,0.20689655172413793,0.6551724137931034,0.20689655172413793,0.9310344827586207,0.13793103448275862,0.5517241379310345,0.13793103448275862,0.13793103448275862,0.8620689655172413,0.5517241379310345,0.41379310344827586,0.6551724137931034,0.7241379310344828,0.5862068965517241,0.5172413793103449,0.4482758620689655,False,False,-0.3793103448275862,-0.13793103448275867,-0.03448275862068967,0.3448275862068966,-0.27586206896551724,0.41379310344827586,-0.03448275862068967,-0.03448275862068967,0.13793103448275856,0.41379310344827586,-0.4827586206896552,-0.13793103448275867,0.4482758620689655,-0.10344827586206906,-0.3793103448275862,0.4482758620689655,2,6.0,1505.6066666666666,1656.8083333333332,True
1610612765,2020,2020-21,Detroit Pistons,107.6,112.2,-4.5,98.19,17.8,0.151,0.519,0.519,0.273,0.151,0.267,0.541,0.257,0.141,0.275,-17.7,East,15,20,52,0.278,False,False,False,0.13793103448275862,0.6206896551724138,0.1724137931034483,0.2413793103448276,0.41379310344827586,0.8620689655172413,0.13793103448275862,0.13793103448275862,0.8620689655172413,0.8620689655172413,0.4827586206896552,0.5517241379310345,0.6206896551724138,0.5517241379310345,0.7931034482758621,0.0,29,True,0.06896551724137931,0.7931034482758621,0.13793103448275862,0.5862068965517241,0.1724137931034483,0.6551724137931034,0.0,0.0,0.5172413793103449,0.6551724137931034,0.5862068965517241,0.7241379310344828,1.0,0.7931034482758621,0.8620689655172413,0.06896551724137931,False,False,-0.06896551724137931,0.1724137931034483,-0.03448275862068967,0.34482758620689646,-0.24137931034482757,-0.2068965517241379,-0.13793103448275862,-0.13793103448275862,-0.34482758620689646,-0.2068965517241379,0.1034482758620689,0.1724137931034483,0.3793103448275862,0.24137931034482762,0.06896551724137923,0.06896551724137931,3,1.0,2088.055,2860.2766666666666,False
1610612751,2017,2017-18,Brooklyn Nets,106.1,109.7,-3.6,99.66,17.3,0.151,0.514,0.514,0.26,0.151,0.251,0.517,0.262,0.123,0.269,-8.1,East,12,28,54,0.341,False,False,False,0.27586206896551724,0.6896551724137931,0.20689655172413793,0.8275862068965517,0.5517241379310345,0.7241379310344828,0.41379310344827586,0.41379310344827586,0.6206896551724138,0.7241379310344828,0.20689655172413793,0.3448275862068966,0.7241379310344828,0.0,0.4482758620689655,0.13793103448275862,23,True,0.3793103448275862,0.4482758620689655,0.5172413793103449,0.6551724137931034,0.2413793103448276,0.8275862068965517,0.41379310344827586,0.41379310344827586,0.8620689655172413,0.8275862068965517,0.6896551724137931,0.1724137931034483,0.27586206896551724,0.27586206896551724,0.7586206896551724,0.5862068965517241,True,True,0.10344827586206895,-0.24137931034482762,0.31034482758620696,-0.1724137931034483,-0.31034482758620685,0.10344827586206895,0.0,0.0,0.2413793103448275,0.10344827586206895,0.48275862068965525,-0.1724137931034483,-0.4482758620689655,0.27586206896551724,0.31034482758620685,0.44827586206896547,2,29.0,1293.75,1333.0383333333334,False
1610612758,2017,2017-18,Sacramento Kings,103.1,110.4,-7.3,95.5,16.6,0.143,0.502,0.502,0.194,0.143,0.264,0.542,0.26,0.149,0.269,5.6,West,12,27,55,0.329,False,False,False,0.034482758620689655,0.8620689655172413,0.034482758620689655,0.0,0.20689655172413793,0.41379310344827586,0.10344827586206896,0.10344827586206896,0.0,0.41379310344827586,0.4482758620689655,0.9655172413793104,0.6896551724137931,0.6896551724137931,0.4482758620689655,0.7241379310344828,24,True,0.4482758620689655,0.6896551724137931,0.41379310344827586,0.9310344827586207,0.4827586206896552,0.10344827586206896,0.4827586206896552,0.4827586206896552,0.27586206896551724,0.10344827586206896,0.41379310344827586,0.7241379310344828,0.7586206896551724,0.8620689655172413,0.8620689655172413,0.4827586206896552,True,False,0.41379310344827586,-0.17241379310344818,0.3793103448275862,0.9310344827586207,0.27586206896551724,-0.3103448275862069,0.37931034482758624,0.37931034482758624,0.27586206896551724,-0.3103448275862069,-0.03448275862068967,-0.24137931034482762,0.06896551724137923,0.17241379310344818,0.4137931034482758,-0.24137931034482757,1,2.0,1567.495,1567.495,False
1610612751,2023,2023-24,Brooklyn Nets,112.4,115.4,-2.9,97.56,18.6,0.134,0.531,0.531,0.234,0.134,0.289,0.543,0.239,0.129,0.285,-5.9,East,11,32,50,0.39,False,False,False,0.2413793103448276,0.6551724137931034,0.27586206896551724,0.1724137931034483,0.3793103448275862,0.4482758620689655,0.1724137931034483,0.1724137931034483,0.3103448275862069,0.4482758620689655,0.6206896551724138,0.41379310344827586,0.41379310344827586,0.20689655172413793,0.6206896551724138,0.3448275862068966,22,True,0.06896551724137931,0.7586206896551724,0.13793103448275862,0.06896551724137931,0.3103448275862069,0.896551724137931,0.10344827586206896,0.10344827586206896,0.3448275862068966,0.896551724137931,0.4482758620689655,0.8275862068965517,0.9310344827586207,0.7931034482758621,0.7586206896551724,0.13793103448275862,False,False,-0.1724137931034483,0.10344827586206895,-0.13793103448275862,-0.10344827586206898,-0.06896551724137928,0.4482758620689655,-0.06896551724137932,-0.06896551724137932,0.03448275862068967,0.4482758620689655,-0.1724137931034483,0.41379310344827586,0.5172413793103448,0.5862068965517242,0.13793103448275856,-0.20689655172413796,0,,,0.0,False
1610612745,2021,2021-22,Houston Rockets,108.1,116.4,-8.3,101.16,17.1,0.162,0.534,0.534,0.284,0.162,0.265,0.554,0.263,0.139,0.29,-5.6,West,15,20,62,0.244,False,False,False,0.13793103448275862,1.0,0.034482758620689655,0.9655172413793104,0.1724137931034483,1.0,0.4482758620689655,0.4482758620689655,1.0,1.0,0.3448275862068966,0.9655172413793104,0.8275862068965517,0.6206896551724138,0.8275862068965517,0.27586206896551724,30,True,0.10344827586206896,0.9655172413793104,0.034482758620689655,0.5517241379310345,0.0,1.0,0.0,0.0,0.7586206896551724,1.0,1.0,0.9310344827586207,0.6206896551724138,0.2413793103448276,0.27586206896551724,0.20689655172413793,False,False,-0.034482758620689655,-0.03448275862068961,0.0,-0.4137931034482759,-0.1724137931034483,0.0,-0.4482758620689655,-0.4482758620689655,-0.24137931034482762,0.0,0.6551724137931034,-0.034482758620689724,-0.2068965517241379,-0.3793103448275862,-0.5517241379310345,-0.06896551724137931,3,3.0,2450.5466666666666,4650.48,False
1610612742,2022,2022-23,Dallas Mavericks,115.9,116.1,-0.2,97.21,17.4,0.124,0.565,0.565,0.298,0.124,0.226,0.549,0.29,0.133,0.283,-1.0,West,11,38,44,0.463,False,False,False,0.8275862068965517,0.8275862068965517,0.3448275862068966,0.06896551724137931,0.20689655172413793,0.034482758620689655,0.8620689655172413,0.8620689655172413,0.9310344827586207,0.034482758620689655,0.0,0.6551724137931034,0.896551724137931,0.27586206896551724,0.5517241379310345,0.4482758620689655,21,True,0.7586206896551724,0.5862068965517241,0.5172413793103449,0.7931034482758621,0.3448275862068966,0.06896551724137931,0.7586206896551724,0.7586206896551724,0.5862068965517241,0.06896551724137931,0.1724137931034483,0.5517241379310345,0.41379310344827586,0.4482758620689655,0.6896551724137931,0.9310344827586207,True,True,-0.06896551724137934,-0.24137931034482762,0.1724137931034483,0.7241379310344828,0.13793103448275865,0.034482758620689655,-0.10344827586206895,-0.10344827586206895,-0.3448275862068966,0.034482758620689655,0.1724137931034483,-0.10344827586206895,-0.4827586206896552,0.1724137931034483,0.13793103448275867,0.48275862068965514,2,12.0,1294.2816666666668,1630.4933333333333,False
1610612762,2023,2023-24,Utah Jazz,114.5,119.6,-5.1,100.26,18.9,0.155,0.539,0.539,0.251,0.155,0.325,0.567,0.235,0.122,0.283,9.9,West,12,31,51,0.378,False,False,False,0.41379310344827586,1.0,0.2413793103448276,0.6896551724137931,0.4482758620689655,1.0,0.41379310344827586,0.41379310344827586,0.5862068965517241,1.0,0.9655172413793104,0.9310344827586207,0.27586206896551724,0.034482758620689655,0.5172413793103449,0.6896551724137931,23,True,0.20689655172413793,1.0,0.06896551724137931,0.8275862068965517,0.20689655172413793,1.0,0.3103448275862069,0.3103448275862069,0.7586206896551724,1.0,0.7931034482758621,0.896551724137931,0.4827586206896552,0.0,0.5172413793103449,0.0,False,False,-0.20689655172413793,0.0,-0.1724137931034483,0.13793103448275856,-0.2413793103448276,0.0,-0.10344827586206895,-0.10344827586206895,0.1724137931034483,0.0,-0.1724137931034483,-0.03448275862068961,0.20689655172413796,-0.034482758620689655,0.0,-0.6896551724137931,3,10.0,1839.1066666666666,4420.258333333333,False
1610612763,2023,2023-24,Memphis Grizzlies,106.8,113.7,-6.9,98.68,17.9,0.152,0.509,0.509,0.238,0.152,0.287,0.551,0.25,0.152,0.294,-8.0,West,13,27,55,0.329,False,False,False,0.0,0.3793103448275862,0.13793103448275862,0.4482758620689655,0.10344827586206896,0.9310344827586207,0.034482758620689655,0.034482758620689655,0.41379310344827586,0.9310344827586207,0.5517241379310345,0.6206896551724138,0.5862068965517241,0.9310344827586207,0.7586206896551724,0.3103448275862069,24,True,0.8275862068965517,0.3448275862068966,0.8275862068965517,1.0,0.6206896551724138,0.7586206896551724,0.6206896551724138,0.6206896551724138,0.6551724137931034,0.7586206896551724,0.9310344827586207,0.1724137931034483,0.8275862068965517,0.5517241379310345,0.6551724137931034,0.7586206896551724,True,True,0.8275862068965517,-0.03448275862068961,0.6896551724137931,0.5517241379310345,0.5172413793103449,-0.1724137931034483,0.5862068965517242,0.5862068965517242,0.24137931034482757,-0.1724137931034483,0.3793103448275862,-0.4482758620689655,0.24137931034482762,-0.3793103448275862,-0.10344827586206895,0.44827586206896547,3,9.0,2043.4816666666666,3711.49,False
1610612753,2022,2022-23,Orlando Magic,111.3,113.7,-2.3,99.66,17.0,0.151,0.532,0.532,0.29,0.151,0.281,0.55,0.265,0.146,0.27,-9.3,East,13,34,48,0.415,False,False,False,0.13793103448275862,0.5862068965517241,0.20689655172413793,0.5172413793103449,0.10344827586206896,0.896551724137931,0.2413793103448276,0.2413793103448276,0.8620689655172413,0.896551724137931,0.5172413793103449,0.6896551724137931,0.41379310344827586,0.6896551724137931,0.2413793103448276,0.13793103448275862,25,True,0.27586206896551724,0.06896551724137931,0.5517241379310345,0.10344827586206896,0.1724137931034483,0.8275862068965517,0.5172413793103449,0.5172413793103449,1.0,0.8275862068965517,0.7931034482758621,0.41379310344827586,0.7931034482758621,0.9655172413793104,0.034482758620689655,0.5517241379310345,True,True,0.13793103448275862,-0.5172413793103448,0.3448275862068966,-0.4137931034482759,0.06896551724137932,-0.06896551724137934,0.27586206896551724,0.27586206896551724,0.13793103448275867,-0.06896551724137934,0.27586206896551724,-0.2758620689655173,0.37931034482758624,0.27586206896551724,-0.20689655172413796,0.41379310344827586,2,6.0,1164.21,1230.7266666666667,False
1610612764,2023,2023-24,Washington Wizards,110.2,118.9,-8.7,103.07,19.5,0.136,0.538,0.538,0.221,0.136,0.24,0.562,0.258,0.136,0.317,-37.0,East,14,15,67,0.183,False,False,False,0.1724137931034483,0.9310344827586207,0.10344827586206896,1.0,0.7241379310344828,0.5172413793103449,0.3448275862068966,0.3448275862068966,0.10344827586206896,0.5172413793103449,0.0,0.8620689655172413,0.7586206896551724,0.3793103448275862,1.0,0.0,29,True,0.0,0.9310344827586207,0.0,0.896551724137931,0.1724137931034483,0.8275862068965517,0.06896551724137931,0.06896551724137931,0.13793103448275862,0.8275862068965517,0.20689655172413793,0.6896551724137931,0.7241379310344828,0.1724137931034483,0.896551724137931,0.1724137931034483,False,False,-0.1724137931034483,0.0,-0.10344827586206896,-0.10344827586206895,-0.5517241379310345,0.31034482758620685,-0.27586206896551724,-0.27586206896551724,0.034482758620689655,0.31034482758620685,0.20689655172413793,-0.17241379310344818,-0.03448275862068961,-0.2068965517241379,-0.10344827586206895,0.1724137931034483,4,2.0,2457.79,6712.588333333333,True
1610612741,2019,2019-20,Chicago Bulls,105.8,108.9,-3.1,100.46,16.9,0.153,0.515,0.515,0.231,0.153,0.267,0.546,0.315,0.181,0.281,-15.9,East,11,22,43,0.338,False,False,False,0.034482758620689655,0.27586206896551724,0.27586206896551724,0.4827586206896552,0.27586206896551724,0.8620689655172413,0.1724137931034483,0.1724137931034483,0.10344827586206896,0.8620689655172413,0.4827586206896552,0.8620689655172413,1.0,1.0,0.7586206896551724,0.1724137931034483,24,True,0.3103448275862069,0.3448275862068966,0.3448275862068966,0.5862068965517241,0.7586206896551724,0.8620689655172413,0.6896551724137931,0.6896551724137931,0.0,0.8620689655172413,0.4827586206896552,0.4482758620689655,0.5172413793103449,0.13793103448275862,0.0,0.20689655172413793,False,False,0.27586206896551724,0.06896551724137934,0.06896551724137934,0.1034482758620689,0.48275862068965514,0.0,0.5172413793103449,0.5172413793103449,-0.10344827586206896,0.0,0.0,-0.4137931034482758,-0.48275862068965514,-0.8620689655172413,-0.7586206896551724,0.03448275862068964,1,4.0,1983.3566666666666,1983.3566666666666,True
1610612758,2020,2020-21,Sacramento Kings,112.7,116.5,-3.8,100.71,18.4,0.133,0.549,0.549,0.248,0.133,0.253,0.557,0.253,0.136,0.287,-5.1,West,12,31,41,0.431,False,False,False,0.6206896551724138,1.0,0.20689655172413793,0.7241379310344828,0.6896551724137931,0.2413793103448276,0.7241379310344828,0.7241379310344828,0.6206896551724138,0.2413793103448276,0.3103448275862069,1.0,0.5172413793103449,0.4482758620689655,0.9655172413793104,0.41379310344827586,21,True,0.20689655172413793,0.896551724137931,0.1724137931034483,0.7241379310344828,0.2413793103448276,0.4827586206896552,0.27586206896551724,0.27586206896551724,0.8275862068965517,0.4827586206896552,0.27586206896551724,0.896551724137931,0.20689655172413793,0.3793103448275862,0.7241379310344828,0.5517241379310345,False,False,-0.4137931034482759,-0.10344827586206895,-0.03448275862068964,0.0,-0.4482758620689655,0.2413793103448276,-0.4482758620689655,-0.4482758620689655,0.2068965517241379,0.2413793103448276,-0.03448275862068967,-0.10344827586206895,-0.31034482758620696,-0.06896551724137934,-0.24137931034482762,0.13793103448275862,2,9.0,2075.825,2195.4249999999997,True
1610612756,2024,2024-25,Phoenix Suns,114.7,117.7,-3.0,98.31,20.0,0.142,0.561,0.561,0.241,0.142,0.264,0.552,0.242,0.123,0.291,-4.7,West,11,36,46,0.439,False,False,False,0.5862068965517241,0.896551724137931,0.2413793103448276,0.3103448275862069,0.8620689655172413,0.5172413793103449,0.8275862068965517,0.8275862068965517,0.3793103448275862,0.5172413793103449,0.13793103448275862,0.7931034482758621,0.41379310344827586,0.06896551724137931,0.41379310344827586,0.3448275862068966,21,True,0.41379310344827586,0.27586206896551724,0.5172413793103449,0.20689655172413793,0.06896551724137931,0.5862068965517241,0.3793103448275862,0.3793103448275862,0.06896551724137931,0.5862068965517241,0.8275862068965517,0.3103448275862069,0.7241379310344828,0.9310344827586207,0.896551724137931,0.27586206896551724,True,True,-0.17241379310344823,-0.6206896551724138,0.27586206896551724,-0.10344827586206898,-0.793103448275862,0.06896551724137923,-0.4482758620689655,-0.4482758620689655,-0.31034482758620685,0.06896551724137923,0.6896551724137931,-0.4827586206896552,0.3103448275862069,0.8620689655172413,0.4827586206896552,-0.06896551724137934,3,10.0,673.4016666666666,1168.2933333333333,False
1610612740,2020,2020-21,New Orleans Pelicans,113.0,113.3,-0.3,100.54,18.3,0.144,0.537,0.537,0.293,0.144,0.302,0.55,0.236,0.132,0.245,4.1,West,11,31,41,0.431,False,False,False,0.6551724137931034,0.7586206896551724,0.41379310344827586,0.6896551724137931,0.6551724137931034,0.6896551724137931,0.4482758620689655,0.4482758620689655,0.9655172413793104,0.6896551724137931,1.0,0.8275862068965517,0.27586206896551724,0.3793103448275862,0.06896551724137931,0.6896551724137931,21,True,0.3793103448275862,0.5862068965517241,0.3103448275862069,0.3103448275862069,0.5517241379310345,0.6551724137931034,0.20689655172413793,0.20689655172413793,0.8275862068965517,0.6551724137931034,0.896551724137931,0.8620689655172413,0.41379310344827586,0.7241379310344828,0.06896551724137931,0.3103448275862069,True,True,-0.27586206896551724,-0.1724137931034483,-0.10344827586206895,-0.37931034482758624,-0.10344827586206895,-0.034482758620689724,-0.2413793103448276,-0.2413793103448276,-0.13793103448275867,-0.034482758620689724,-0.10344827586206895,0.03448275862068961,0.13793103448275862,0.3448275862068966,0.0,-0.37931034482758624,2,17.0,2335.1833333333334,3198.7783333333336,False
1610612755,2016,2016-17,Philadelphia 76ers,102.7,108.2,-5.5,99.07,17.4,0.167,0.501,0.501,0.258,0.167,0.273,0.512,0.303,0.151,0.291,-9.5,East,14,28,54,0.341,False,False,False,0.0,0.5172413793103449,0.10344827586206896,0.7931034482758621,0.6551724137931034,1.0,0.2413793103448276,0.2413793103448276,0.2413793103448276,1.0,0.4827586206896552,0.4827586206896552,0.896551724137931,0.6896551724137931,0.8620689655172413,0.20689655172413793,27,True,0.5862068965517241,0.06896551724137931,0.896551724137931,0.896551724137931,0.9655172413793104,1.0,0.7931034482758621,0.7931034482758621,0.6896551724137931,1.0,0.8620689655172413,0.0,0.9655172413793104,0.3103448275862069,0.3448275862068966,0.896551724137931,True,True,0.5862068965517241,-0.4482758620689655,0.7931034482758621,0.10344827586206895,0.31034482758620696,0.0,0.5517241379310345,0.5517241379310345,0.4482758620689655,0.0,0.37931034482758613,-0.4827586206896552,0.06896551724137934,-0.37931034482758624,-0.5172413793103448,0.6896551724137931,1,1.0,252.98166666666665,252.98166666666665,False
1610612739,2020,2020-21,Cleveland Cavaliers,105.2,113.5,-8.3,97.96,17.5,0.157,0.508,0.508,0.261,0.157,0.28,0.556,0.235,0.145,0.271,-11.6,East,13,22,50,0.306,False,False,False,0.06896551724137931,0.8275862068965517,0.06896551724137931,0.1724137931034483,0.3103448275862069,0.9655172413793104,0.034482758620689655,0.034482758620689655,0.7931034482758621,0.9655172413793104,0.7931034482758621,0.9310344827586207,0.2413793103448276,0.7241379310344828,0.6896551724137931,0.10344827586206896,26,True,0.3448275862068966,0.13793103448275862,0.5862068965517241,0.1724137931034483,0.7931034482758621,0.896551724137931,0.5517241379310345,0.5517241379310345,0.7931034482758621,0.896551724137931,0.6206896551724138,0.13793103448275862,0.13793103448275862,0.5517241379310345,0.5862068965517241,0.6551724137931034,True,False,0.27586206896551724,-0.6896551724137931,0.5172413793103448,0.0,0.4827586206896552,-0.06896551724137934,0.5172413793103449,0.5172413793103449,0.0,-0.06896551724137934,-0.1724137931034483,-0.7931034482758621,-0.10344827586206898,-0.1724137931034483,-0.10344827586206906,0.5517241379310345,1,3.0,2331.036666666667,2331.036666666667,False
1610612756,2018,2018-19,Phoenix Suns,105.3,114.2,-8.9,101.15,17.3,0.153,0.514,0.514,0.259,0.153,0.247,0.545,0.313,0.153,0.317,-8.8,West,15,19,63,0.232,False,False,False,0.06896551724137931,0.9655172413793104,0.034482758620689655,0.6206896551724138,0.3793103448275862,0.9655172413793104,0.20689655172413793,0.20689655172413793,0.5862068965517241,0.9655172413793104,0.06896551724137931,0.9310344827586207,0.9655172413793104,0.8620689655172413,1.0,0.10344827586206896,28,True,0.6206896551724138,0.5517241379310345,0.5517241379310345,0.7241379310344828,1.0,0.5172413793103449,0.5172413793103449,0.5172413793103449,0.7586206896551724,0.5172413793103449,0.3103448275862069,0.6206896551724138,0.7586206896551724,0.7931034482758621,0.4482758620689655,0.3103448275862069,True,False,0.5517241379310345,-0.4137931034482759,0.5172413793103449,0.10344827586206895,0.6206896551724138,-0.4482758620689655,0.31034482758620696,0.31034482758620696,0.1724137931034483,-0.4482758620689655,0.2413793103448276,-0.31034482758620685,-0.206896551724138,-0.06896551724137923,-0.5517241379310345,0.20689655172413796,2,11.0,1255.405,1582.995,False
1610612752,2017,2017-18,New York Knicks,106.3,109.7,-3.4,97.64,17.2,0.15,0.51,0.51,0.216,0.15,0.289,0.522,0.269,0.135,0.273,-11.1,East,11,29,53,0.354,False,False,False,0.3448275862068966,0.6896551724137931,0.2413793103448276,0.4482758620689655,0.5172413793103449,0.6896551724137931,0.20689655172413793,0.20689655172413793,0.034482758620689655,0.6896551724137931,0.896551724137931,0.4482758620689655,0.7586206896551724,0.10344827586206896,0.5862068965517241,0.034482758620689655,22,True,0.0,0.8620689655172413,0.034482758620689655,0.4482758620689655,0.0,0.5517241379310345,0.0,0.0,0.7586206896551724,0.5517241379310345,0.3448275862068966,0.7241379310344828,0.6551724137931034,0.27586206896551724,0.8275862068965517,0.27586206896551724,False,False,-0.3448275862068966,0.17241379310344818,-0.20689655172413796,0.0,-0.5172413793103449,-0.13793103448275867,-0.20689655172413793,-0.20689655172413793,0.7241379310344828,-0.13793103448275867,-0.5517241379310345,0.27586206896551724,-0.10344827586206895,0.1724137931034483,0.24137931034482762,0.24137931034482757,2,9.0,2157.8933333333334,3517.4016666666666,True
1610612764,2021,2021-22,Washington Wizards,110.2,113.6,-3.4,97.8,18.5,0.133,0.532,0.532,0.252,0.133,0.247,0.529,0.251,0.12,0.269,12.9,East,12,35,47,0.427,False,False,False,0.3103448275862069,0.8275862068965517,0.2413793103448276,0.27586206896551724,0.7586206896551724,0.3103448275862069,0.41379310344827586,0.41379310344827586,0.5862068965517241,0.3103448275862069,0.034482758620689655,0.41379310344827586,0.4827586206896552,0.0,0.3448275862068966,0.896551724137931,21,True,0.27586206896551724,0.6896551724137931,0.2413793103448276,0.3793103448275862,0.5862068965517241,0.5517241379310345,0.5862068965517241,0.5862068965517241,0.3103448275862069,0.5517241379310345,0.3103448275862069,0.27586206896551724,0.10344827586206896,0.034482758620689655,0.41379310344827586,0.2413793103448276,False,False,-0.03448275862068967,-0.13793103448275856,0.0,0.10344827586206895,-0.1724137931034483,0.24137931034482757,0.17241379310344823,0.17241379310344823,-0.2758620689655172,0.24137931034482757,0.27586206896551724,-0.13793103448275862,-0.37931034482758624,0.034482758620689655,0.06896551724137928,-0.6551724137931034,1,10.0,422.575,422.575,False
1610612766,2019,2019-20,Charlotte Hornets,105.9,112.8,-7.0,96.24,17.7,0.15,0.504,0.504,0.252,0.15,0.28,0.546,0.21,0.148,0.294,10.7,East,10,23,42,0.354,False,True,False,0.06896551724137931,0.8275862068965517,0.10344827586206896,0.0,0.5172413793103449,0.7931034482758621,0.06896551724137931,0.06896551724137931,0.2413793103448276,0.7931034482758621,0.7241379310344828,0.8620689655172413,0.0,0.6896551724137931,1.0,0.8620689655172413,22,True,0.2413793103448276,0.4827586206896552,0.2413793103448276,0.41379310344827586,0.7586206896551724,0.8275862068965517,0.3793103448275862,0.3793103448275862,0.27586206896551724,0.8275862068965517,0.7241379310344828,0.8275862068965517,0.13793103448275862,0.8275862068965517,0.8620689655172413,0.9655172413793104,True,False,0.1724137931034483,-0.3448275862068965,0.13793103448275862,0.41379310344827586,0.2413793103448275,0.03448275862068961,0.31034482758620685,0.31034482758620685,0.03448275862068964,0.03448275862068961,0.0,-0.03448275862068961,0.13793103448275862,0.13793103448275856,-0.13793103448275867,0.10344827586206906,4,3.0,1468.5733333333333,1673.125,False
1610612759,2023,2023-24,San Antonio Spurs,109.3,115.6,-6.4,101.8,20.5,0.148,0.532,0.532,0.22,0.148,0.269,0.555,0.222,0.131,0.279,-12.5,West,14,22,60,0.268,False,False,False,0.13793103448275862,0.6896551724137931,0.1724137931034483,0.9310344827586207,0.9310344827586207,0.7931034482758621,0.20689655172413793,0.20689655172413793,0.06896551724137931,0.7931034482758621,0.2413793103448276,0.6551724137931034,0.10344827586206896,0.27586206896551724,0.41379310344827586,0.1724137931034483,26,True,0.3793103448275862,0.8275862068965517,0.27586206896551724,0.5862068965517241,0.896551724137931,0.2413793103448276,0.3793103448275862,0.3793103448275862,0.27586206896551724,0.2413793103448276,0.27586206896551724,0.7586206896551724,0.034482758620689655,0.3103448275862069,0.8620689655172413,0.3793103448275862,False,False,0.24137931034482757,0.13793103448275856,0.10344827586206895,-0.3448275862068966,-0.03448275862068961,-0.5517241379310345,0.17241379310344826,0.17241379310344826,0.20689655172413793,-0.5517241379310345,0.03448275862068964,0.10344827586206895,-0.06896551724137931,0.03448275862068967,0.44827586206896547,0.2068965517241379,2,4.0,2162.0216666666665,2196.7716666666665,True
1610612739,2018,2018-19,Cleveland Cavaliers,106.8,116.8,-10.0,97.37,15.6,0.138,0.503,0.503,0.236,0.138,0.282,0.564,0.235,0.128,0.268,-9.2,East,14,19,63,0.232,False,False,False,0.1724137931034483,1.0,0.0,0.034482758620689655,0.034482758620689655,0.41379310344827586,0.034482758620689655,0.034482758620689655,0.1724137931034483,0.41379310344827586,0.6896551724137931,1.0,0.10344827586206896,0.13793103448275862,0.3448275862068966,0.06896551724137931,28,True,0.13793103448275862,1.0,0.034482758620689655,0.2413793103448276,0.20689655172413793,1.0,0.27586206896551724,0.27586206896551724,0.034482758620689655,1.0,0.9655172413793104,1.0,0.034482758620689655,0.1724137931034483,0.27586206896551724,0.3793103448275862,False,False,-0.03448275862068967,0.0,0.034482758620689655,0.20689655172413796,0.1724137931034483,0.5862068965517242,0.24137931034482757,0.24137931034482757,-0.13793103448275862,0.5862068965517242,0.27586206896551724,0.0,-0.06896551724137931,0.03448275862068967,-0.06896551724137934,0.31034482758620685,2,5.0,1823.9683333333332,2985.6883333333335,True
1610612752,2016,2016-17,New York Knicks,107.1,110.7,-3.6,96.63,16.3,0.143,0.496,0.496,0.239,0.143,0.305,0.511,0.278,0.133,0.302,-0.5,East,12,31,51,0.378,False,False,False,0.41379310344827586,0.8275862068965517,0.20689655172413793,0.4482758620689655,0.27586206896551724,0.5172413793103449,0.1724137931034483,0.1724137931034483,0.06896551724137931,0.5172413793103449,0.8620689655172413,0.41379310344827586,0.5172413793103449,0.1724137931034483,1.0,0.5862068965517241,24,True,0.3448275862068966,0.6896551724137931,0.2413793103448276,0.4482758620689655,0.5172413793103449,0.6896551724137931,0.20689655172413793,0.20689655172413793,0.034482758620689655,0.6896551724137931,0.896551724137931,0.4482758620689655,0.7586206896551724,0.10344827586206896,0.5862068965517241,0.034482758620689655,False,False,-0.06896551724137928,-0.13793103448275856,0.03448275862068967,0.0,0.24137931034482762,0.1724137931034483,0.03448275862068964,0.03448275862068964,-0.034482758620689655,0.1724137931034483,0.034482758620689724,0.03448275862068967,0.2413793103448275,-0.06896551724137932,-0.4137931034482759,-0.5517241379310345,2,8.0,1705.6483333333333,2179.71,False
1610612747,2016,2016-17,Los Angeles Lakers,105.3,112.0,-6.7,99.26,15.6,0.153,0.501,0.501,0.259,0.153,0.284,0.542,0.279,0.146,0.283,-11.8,West,14,26,56,0.317,False,False,False,0.20689655172413793,1.0,0.0,0.8620689655172413,0.10344827586206896,0.896551724137931,0.2413793103448276,0.2413793103448276,0.27586206896551724,0.896551724137931,0.6206896551724138,1.0,0.5517241379310345,0.5517241379310345,0.5862068965517241,0.10344827586206896,28,True,0.2413793103448276,0.3793103448275862,0.3103448275862069,0.9310344827586207,0.3103448275862069,0.8620689655172413,0.4827586206896552,0.4827586206896552,0.7241379310344828,0.8620689655172413,0.7586206896551724,0.3103448275862069,0.4827586206896552,0.2413793103448276,0.5517241379310345,0.3793103448275862,False,False,0.03448275862068967,-0.6206896551724138,0.3103448275862069,0.06896551724137934,0.20689655172413796,-0.034482758620689724,0.2413793103448276,0.2413793103448276,0.4482758620689655,-0.034482758620689724,0.13793103448275856,-0.6896551724137931,-0.06896551724137928,-0.31034482758620685,-0.03448275862068961,0.27586206896551724,4,2.0,2400.905,5713.768333333333,True
1610612739,2019,2019-20,Cleveland Cavaliers,106.9,114.8,-7.9,99.17,16.8,0.165,0.522,0.522,0.227,0.165,0.296,0.56,0.214,0.13,0.262,-3.4,East,15,19,46,0.292,False,False,False,0.13793103448275862,1.0,0.034482758620689655,0.2413793103448276,0.20689655172413793,1.0,0.27586206896551724,0.27586206896551724,0.034482758620689655,1.0,0.9655172413793104,1.0,0.034482758620689655,0.1724137931034483,0.27586206896551724,0.3793103448275862,29,True,0.06896551724137931,0.8275862068965517,0.06896551724137931,0.1724137931034483,0.3103448275862069,0.9655172413793104,0.034482758620689655,0.034482758620689655,0.7931034482758621,0.9655172413793104,0.7931034482758621,0.9310344827586207,0.2413793103448276,0.7241379310344828,0.6896551724137931,0.10344827586206896,False,False,-0.06896551724137931,-0.1724137931034483,0.034482758620689655,-0.06896551724137931,0.10344827586206898,-0.03448275862068961,-0.24137931034482757,-0.24137931034482757,0.7586206896551725,-0.03448275862068961,-0.1724137931034483,-0.06896551724137934,0.20689655172413796,0.5517241379310345,0.4137931034482759,-0.27586206896551724,1,5.0,2173.235,2173.235,False
1610612762,2022,2022-23,Utah Jazz,115.3,116.0,-0.7,101.02,18.2,0.151,0.547,0.547,0.265,0.151,0.308,0.541,0.265,0.123,0.289,8.5,West,12,37,45,0.451,False,False,False,0.7241379310344828,0.7586206896551724,0.27586206896551724,0.6551724137931034,0.5172413793103449,0.896551724137931,0.5172413793103449,0.5172413793103449,0.5172413793103449,0.896551724137931,0.896551724137931,0.3793103448275862,0.41379310344827586,0.034482758620689655,0.7241379310344828,0.8275862068965517,22,True,0.41379310344827586,1.0,0.2413793103448276,0.6896551724137931,0.4482758620689655,1.0,0.41379310344827586,0.41379310344827586,0.5862068965517241,1.0,0.9655172413793104,0.9310344827586207,0.27586206896551724,0.034482758620689655,0.5172413793103449,0.6896551724137931,False,False,-0.3103448275862069,0.24137931034482762,-0.03448275862068964,0.034482758620689724,-0.06896551724137934,0.10344827586206895,-0.103448275862069,-0.103448275862069,0.06896551724137923,0.10344827586206895,0.06896551724137934,0.5517241379310345,-0.13793103448275862,0.0,-0.2068965517241379,-0.13793103448275856,3,9.0,2022.5766666666666,3463.371666666667,False
1610612747,2017,2017-18,Los Angeles Lakers,106.0,107.3,-1.3,100.9,17.0,0.155,0.517,0.517,0.264,0.155,0.279,0.514,0.25,0.14,0.271,-4.8,West,11,35,47,0.427,False,False,False,0.2413793103448276,0.3793103448275862,0.3103448275862069,0.9310344827586207,0.3103448275862069,0.8620689655172413,0.4827586206896552,0.4827586206896552,0.7241379310344828,0.8620689655172413,0.7586206896551724,0.3103448275862069,0.4827586206896552,0.2413793103448276,0.5517241379310345,0.3793103448275862,21,True,0.20689655172413793,0.41379310344827586,0.2413793103448276,0.896551724137931,0.5517241379310345,0.9310344827586207,0.5172413793103449,0.5172413793103449,0.4827586206896552,0.9310344827586207,0.5517241379310345,0.3448275862068966,0.20689655172413793,0.4827586206896552,0.6206896551724138,0.7241379310344828,True,False,-0.03448275862068967,0.03448275862068967,-0.06896551724137931,-0.03448275862068961,0.24137931034482757,0.06896551724137934,0.03448275862068967,0.03448275862068967,-0.24137931034482757,0.06896551724137934,-0.2068965517241379,0.03448275862068967,-0.27586206896551724,0.2413793103448276,0.06896551724137934,0.3448275862068966,2,25.0,446.18,566.205,True
1610612750,2016,2016-17,Minnesota Timberwolves,110.0,110.9,-0.9,95.48,17.7,0.146,0.511,0.511,0.287,0.146,0.309,0.535,0.275,0.148,0.29,-7.5,West,13,31,51,0.378,False,False,False,0.6896551724137931,0.896551724137931,0.3448275862068966,0.2413793103448276,0.7931034482758621,0.5862068965517241,0.4827586206896552,0.4827586206896552,0.7241379310344828,0.5862068965517241,0.896551724137931,0.9655172413793104,0.4482758620689655,0.6206896551724138,0.8275862068965517,0.3793103448275862,24,True,0.896551724137931,0.8275862068965517,0.6896551724137931,0.20689655172413793,0.3103448275862069,0.034482758620689655,0.5862068965517241,0.5862068965517241,0.8620689655172413,0.034482758620689655,0.896551724137931,0.8620689655172413,0.3448275862068966,0.896551724137931,0.8275862068965517,0.10344827586206896,True,True,0.2068965517241379,-0.06896551724137934,0.3448275862068966,-0.03448275862068967,-0.4827586206896552,-0.5517241379310345,0.1034482758620689,0.1034482758620689,0.13793103448275856,-0.5517241379310345,0.0,-0.10344827586206906,-0.10344827586206895,0.27586206896551724,0.0,-0.27586206896551724,1,16.0,3.7333333333333334,3.7333333333333334,True
1610612737,2023,2023-24,Atlanta Hawks,116.4,118.4,-2.0,100.84,18.4,0.133,0.539,0.539,0.251,0.133,0.308,0.572,0.242,0.139,0.283,-12.8,East,10,36,46,0.439,False,True,False,0.6206896551724138,0.896551724137931,0.3103448275862069,0.8275862068965517,0.27586206896551724,0.41379310344827586,0.41379310344827586,0.41379310344827586,0.5862068965517241,0.41379310344827586,0.8620689655172413,0.9655172413793104,0.5172413793103449,0.6551724137931034,0.5172413793103449,0.13793103448275862,21,True,0.41379310344827586,0.5862068965517241,0.41379310344827586,0.9310344827586207,0.7931034482758621,0.7241379310344828,0.4482758620689655,0.4482758620689655,0.7586206896551724,0.7241379310344828,0.5517241379310345,0.9310344827586207,0.6896551724137931,0.7931034482758621,0.27586206896551724,0.7241379310344828,True,False,-0.20689655172413796,-0.31034482758620696,0.10344827586206895,0.10344827586206895,0.5172413793103449,0.3103448275862069,0.03448275862068967,0.03448275862068967,0.1724137931034483,0.3103448275862069,-0.31034482758620685,-0.034482758620689724,0.1724137931034483,0.13793103448275867,-0.24137931034482762,0.5862068965517242,1,1.0,1843.3866666666668,1843.3866666666668,False
1610612756,2017,2017-18,Phoenix Suns,102.8,111.7,-9.0,101.14,15.6,0.155,0.495,0.495,0.275,0.155,0.271,0.533,0.277,0.132,0.276,-9.0,West,15,21,61,0.256,False,False,False,0.0,1.0,0.0,0.9655172413793104,0.034482758620689655,0.8620689655172413,0.0,0.0,0.7586206896551724,0.8620689655172413,0.5172413793103449,0.7931034482758621,0.8275862068965517,0.06896551724137931,0.7241379310344828,0.06896551724137931,30,True,0.06896551724137931,0.9655172413793104,0.034482758620689655,0.6206896551724138,0.3793103448275862,0.9655172413793104,0.20689655172413793,0.20689655172413793,0.5862068965517241,0.9655172413793104,0.06896551724137931,0.9310344827586207,0.9655172413793104,0.8620689655172413,1.0,0.10344827586206896,False,False,0.06896551724137931,-0.03448275862068961,0.034482758620689655,-0.3448275862068966,0.3448275862068965,0.10344827586206906,0.20689655172413793,0.20689655172413793,-0.1724137931034483,0.10344827586206906,-0.4482758620689655,0.13793103448275856,0.13793103448275867,0.793103448275862,0.27586206896551724,0.034482758620689655,6,1.0,2417.115,6695.41,False
1610612750,2020,2020-21,Minnesota Timberwolves,109.3,114.5,-5.3,101.96,18.0,0.139,0.52,0.52,0.254,0.139,0.271,0.556,0.264,0.149,0.283,-10.2,West,13,23,49,0.319,False,False,False,0.1724137931034483,0.9310344827586207,0.13793103448275862,0.8620689655172413,0.5172413793103449,0.5517241379310345,0.1724137931034483,0.1724137931034483,0.7241379310344828,0.5517241379310345,0.6551724137931034,0.9310344827586207,0.8620689655172413,0.8620689655172413,0.896551724137931,0.13793103448275862,25,True,0.7931034482758621,0.41379310344827586,0.6896551724137931,1.0,0.5517241379310345,0.5517241379310345,0.6206896551724138,0.6206896551724138,0.6896551724137931,0.5517241379310345,0.7931034482758621,0.5517241379310345,0.9655172413793104,0.9655172413793104,0.896551724137931,0.4827586206896552,True,True,0.6206896551724138,-0.5172413793103448,0.5517241379310345,0.13793103448275867,0.03448275862068961,0.0,0.4482758620689655,0.4482758620689655,-0.03448275862068961,0.0,0.13793103448275867,-0.3793103448275862,0.10344827586206906,0.10344827586206906,0.0,0.3448275862068966,0,,,0.0,False
1610612765,2022,2022-23,Detroit Pistons,109.9,117.8,-7.9,99.88,16.7,0.15,0.52,0.52,0.295,0.15,0.292,0.557,0.298,0.134,0.298,-19.0,East,15,17,65,0.207,False,False,False,0.06896551724137931,0.896551724137931,0.06896551724137931,0.5862068965517241,0.06896551724137931,0.8275862068965517,0.10344827586206896,0.10344827586206896,0.896551724137931,0.8275862068965517,0.7586206896551724,0.7931034482758621,0.9655172413793104,0.3103448275862069,0.896551724137931,0.0,30,True,0.10344827586206896,0.8275862068965517,0.034482758620689655,0.7241379310344828,0.20689655172413793,0.896551724137931,0.06896551724137931,0.06896551724137931,0.5172413793103449,0.896551724137931,0.3448275862068966,0.7931034482758621,0.9310344827586207,0.10344827586206896,0.13793103448275862,0.034482758620689655,False,False,0.034482758620689655,-0.06896551724137934,-0.034482758620689655,0.13793103448275867,0.13793103448275862,0.06896551724137934,-0.034482758620689655,-0.034482758620689655,-0.3793103448275862,0.06896551724137934,-0.4137931034482758,0.0,-0.034482758620689724,-0.20689655172413796,-0.7586206896551724,0.034482758620689655,2,5.0,1582.805,2933.915,False
1610612766,2024,2024-25,Charlotte Hornets,106.7,115.7,-9.1,98.22,17.5,0.157,0.503,0.503,0.222,0.157,0.308,0.547,0.24,0.135,0.295,-6.0,East,14,19,63,0.232,False,False,False,0.034482758620689655,0.7931034482758621,0.10344827586206896,0.2413793103448276,0.13793103448275862,0.9310344827586207,0.0,0.0,0.10344827586206896,0.9310344827586207,0.7586206896551724,0.6551724137931034,0.3793103448275862,0.27586206896551724,0.5172413793103449,0.3103448275862069,28,True,0.8620689655172413,0.3448275862068966,0.7586206896551724,0.10344827586206896,0.4482758620689655,0.896551724137931,0.6206896551724138,0.6206896551724138,0.2413793103448276,0.896551724137931,0.9655172413793104,0.20689655172413793,0.034482758620689655,0.1724137931034483,0.034482758620689655,0.1724137931034483,True,False,0.8275862068965517,-0.4482758620689655,0.6551724137931034,-0.13793103448275862,0.3103448275862069,-0.03448275862068961,0.6206896551724138,0.6206896551724138,0.13793103448275862,-0.03448275862068961,0.206896551724138,-0.4482758620689655,-0.3448275862068965,-0.10344827586206895,-0.4827586206896552,-0.13793103448275862,4,4.0,2550.7466666666664,6240.679999999999,False
1610612742,2017,2017-18,Dallas Mavericks,105.4,108.4,-2.9,96.53,17.3,0.127,0.513,0.513,0.217,0.127,0.224,0.532,0.255,0.141,0.251,-27.9,West,13,24,58,0.293,False,False,False,0.20689655172413793,0.5172413793103449,0.27586206896551724,0.13793103448275862,0.5517241379310345,0.0,0.3793103448275862,0.3793103448275862,0.10344827586206896,0.0,0.0,0.7241379310344828,0.5862068965517241,0.3103448275862069,0.13793103448275862,0.0,27,True,0.3448275862068966,0.5517241379310345,0.3103448275862069,0.3793103448275862,0.27586206896551724,0.6896551724137931,0.3793103448275862,0.3793103448275862,0.896551724137931,0.6896551724137931,0.5862068965517241,0.5172413793103449,0.2413793103448276,0.20689655172413793,0.3103448275862069,0.20689655172413793,False,False,0.13793103448275865,0.03448275862068961,0.03448275862068967,0.24137931034482757,-0.27586206896551724,0.6896551724137931,0.0,0.0,0.7931034482758621,0.6896551724137931,0.5862068965517241,-0.2068965517241379,-0.34482758620689646,-0.10344827586206898,0.1724137931034483,0.20689655172413793,3,3.0,2317.74,3919.5649999999996,False
1610612753,2020,2020-21,Orlando Magic,104.6,113.9,-9.3,99.17,16.3,0.129,0.49,0.49,0.24,0.129,0.252,0.547,0.215,0.128,0.256,1.7,East,14,21,51,0.292,False,False,False,0.034482758620689655,0.8620689655172413,0.034482758620689655,0.4482758620689655,0.06896551724137931,0.13793103448275862,0.0,0.0,0.3793103448275862,0.13793103448275862,0.2413793103448276,0.7586206896551724,0.06896551724137931,0.20689655172413793,0.2413793103448276,0.6551724137931034,28,True,0.034482758620689655,0.6206896551724138,0.06896551724137931,0.6896551724137931,0.3448275862068966,0.7586206896551724,0.06896551724137931,0.06896551724137931,0.06896551724137931,0.7586206896551724,0.06896551724137931,0.4482758620689655,0.6206896551724138,0.1724137931034483,0.20689655172413793,0.3793103448275862,False,False,0.0,-0.2413793103448275,0.034482758620689655,0.24137931034482762,0.27586206896551724,0.6206896551724137,0.06896551724137931,0.06896551724137931,-0.31034482758620685,0.6206896551724137,-0.1724137931034483,-0.31034482758620685,0.5517241379310345,-0.03448275862068964,-0.03448275862068967,-0.27586206896551724,2,5.0,2429.0466666666666,3735.7,False
1610612758,2016,2016-17,Sacramento Kings,106.6,110.8,-4.2,95.42,17.3,0.152,0.516,0.516,0.284,0.152,0.258,0.528,0.291,0.145,0.277,-9.4,West,12,32,50,0.39,False,False,False,0.3448275862068966,0.8620689655172413,0.1724137931034483,0.20689655172413793,0.6206896551724138,0.7931034482758621,0.5517241379310345,0.5517241379310345,0.6896551724137931,0.7931034482758621,0.20689655172413793,0.8620689655172413,0.8620689655172413,0.5172413793103449,0.41379310344827586,0.2413793103448276,23,True,0.034482758620689655,0.8620689655172413,0.034482758620689655,0.0,0.20689655172413793,0.41379310344827586,0.10344827586206896,0.10344827586206896,0.0,0.41379310344827586,0.4482758620689655,0.9655172413793104,0.6896551724137931,0.6896551724137931,0.4482758620689655,0.7241379310344828,False,False,-0.3103448275862069,0.0,-0.13793103448275862,-0.20689655172413793,-0.4137931034482759,-0.37931034482758624,-0.4482758620689655,-0.4482758620689655,-0.6896551724137931,-0.37931034482758624,0.2413793103448276,0.10344827586206906,-0.17241379310344818,0.1724137931034483,0.03448275862068967,0.48275862068965514,3,5.0,2025.53,4515.781666666667,False
1610612760,2021,2021-22,Oklahoma City Thunder,103.8,111.7,-8.0,99.39,16.4,0.14,0.497,0.497,0.223,0.14,0.256,0.533,0.22,0.132,0.273,-2.7,West,14,24,58,0.293,False,False,False,0.0,0.5172413793103449,0.10344827586206896,0.6206896551724138,0.034482758620689655,0.4827586206896552,0.034482758620689655,0.034482758620689655,0.06896551724137931,0.4827586206896552,0.1724137931034483,0.5172413793103449,0.06896551724137931,0.2413793103448276,0.4482758620689655,0.4482758620689655,27,True,0.4827586206896552,0.3793103448275862,0.5172413793103449,0.9310344827586207,0.13793103448275862,0.10344827586206896,0.20689655172413793,0.20689655172413793,0.2413793103448276,0.10344827586206896,0.6206896551724138,0.6206896551724138,0.8620689655172413,0.9655172413793104,0.9310344827586207,0.27586206896551724,True,False,0.4827586206896552,-0.13793103448275867,0.4137931034482759,0.31034482758620685,0.10344827586206896,-0.37931034482758624,0.1724137931034483,0.1724137931034483,0.1724137931034483,-0.37931034482758624,0.4482758620689655,0.10344827586206895,0.793103448275862,0.7241379310344828,0.48275862068965514,-0.1724137931034483,3,11.0,2275.5916666666667,3758.46,False
1610612757,2023,2023-24,Portland Trail Blazers,107.6,116.6,-9.0,97.88,16.7,0.154,0.503,0.503,0.228,0.154,0.32,0.558,0.273,0.145,0.303,0.9,West,15,21,61,0.256,False,False,False,0.034482758620689655,0.7586206896551724,0.034482758620689655,0.3103448275862069,0.0,0.9655172413793104,0.0,0.0,0.2413793103448276,0.9655172413793104,0.9310344827586207,0.7931034482758621,0.896551724137931,0.8275862068965517,0.9310344827586207,0.4827586206896552,27,True,0.2413793103448276,0.5172413793103449,0.3103448275862069,0.4827586206896552,0.034482758620689655,0.9655172413793104,0.1724137931034483,0.1724137931034483,0.5862068965517241,0.9655172413793104,0.9655172413793104,0.5517241379310345,0.7241379310344828,0.8620689655172413,0.9310344827586207,0.27586206896551724,False,False,0.20689655172413796,-0.2413793103448275,0.27586206896551724,0.1724137931034483,0.034482758620689655,0.0,0.1724137931034483,0.1724137931034483,0.34482758620689646,0.0,0.034482758620689724,-0.24137931034482762,-0.1724137931034483,0.03448275862068961,0.0,-0.20689655172413796,1,7.0,1323.6433333333334,1323.6433333333334,False
1610612760,2020,2020-21,Oklahoma City Thunder,102.8,113.4,-10.6,101.61,16.1,0.158,0.509,0.509,0.242,0.158,0.254,0.547,0.216,0.128,0.258,-1.4,West,14,22,50,0.306,False,False,False,0.0,0.7931034482758621,0.0,0.7931034482758621,0.034482758620689655,1.0,0.06896551724137931,0.06896551724137931,0.4482758620689655,1.0,0.3793103448275862,0.7586206896551724,0.10344827586206896,0.20689655172413793,0.27586206896551724,0.5517241379310345,26,True,0.0,0.5172413793103449,0.10344827586206896,0.6206896551724138,0.034482758620689655,0.4827586206896552,0.034482758620689655,0.034482758620689655,0.06896551724137931,0.4827586206896552,0.1724137931034483,0.5172413793103449,0.06896551724137931,0.2413793103448276,0.4482758620689655,0.4482758620689655,False,False,0.0,-0.27586206896551724,0.10344827586206896,-0.1724137931034483,0.0,-0.5172413793103448,-0.034482758620689655,-0.034482758620689655,-0.3793103448275862,-0.5172413793103448,-0.2068965517241379,-0.2413793103448275,-0.034482758620689655,0.03448275862068967,0.1724137931034483,-0.10344827586206895,5,6.0,1700.3516666666667,5576.613333333334,False
1610612752,2019,2019-20,New York Knicks,105.9,112.4,-6.5,99.11,16.0,0.143,0.501,0.501,0.263,0.143,0.3,0.541,0.299,0.138,0.258,-0.6,East,12,21,45,0.318,False,False,False,0.06896551724137931,0.7586206896551724,0.13793103448275862,0.1724137931034483,0.06896551724137931,0.4482758620689655,0.034482758620689655,0.034482758620689655,0.5172413793103449,0.4482758620689655,1.0,0.6551724137931034,0.9310344827586207,0.27586206896551724,0.20689655172413793,0.5172413793103449,25,True,0.27586206896551724,0.10344827586206896,0.7241379310344828,0.0,0.06896551724137931,0.2413793103448276,0.2413793103448276,0.2413793103448276,0.4482758620689655,0.2413793103448276,0.4482758620689655,0.034482758620689655,0.6206896551724138,0.3103448275862069,0.3793103448275862,0.9310344827586207,True,True,0.20689655172413793,-0.6551724137931034,0.5862068965517242,-0.1724137931034483,0.0,-0.20689655172413793,0.20689655172413796,0.20689655172413796,-0.06896551724137934,-0.20689655172413793,-0.5517241379310345,-0.6206896551724138,-0.31034482758620685,0.03448275862068967,0.17241379310344826,0.4137931034482758,2,8.0,1243.485,1926.565,False
1610612765,2021,2021-22,Detroit Pistons,105.6,113.3,-7.7,98.81,17.1,0.143,0.494,0.494,0.249,0.143,0.276,0.541,0.292,0.147,0.293,-14.6,East,14,23,59,0.28,False,False,False,0.06896551724137931,0.7931034482758621,0.13793103448275862,0.5862068965517241,0.1724137931034483,0.6551724137931034,0.0,0.0,0.5172413793103449,0.6551724137931034,0.5862068965517241,0.7241379310344828,1.0,0.7931034482758621,0.8620689655172413,0.06896551724137931,28,True,0.06896551724137931,0.896551724137931,0.06896551724137931,0.5862068965517241,0.06896551724137931,0.8275862068965517,0.10344827586206896,0.10344827586206896,0.896551724137931,0.8275862068965517,0.7586206896551724,0.7931034482758621,0.9655172413793104,0.3103448275862069,0.896551724137931,0.0,False,False,0.0,0.10344827586206895,-0.06896551724137931,0.0,-0.10344827586206898,0.1724137931034483,0.10344827586206896,0.10344827586206896,0.3793103448275862,0.1724137931034483,0.1724137931034483,0.06896551724137934,-0.03448275862068961,-0.4827586206896552,0.034482758620689724,-0.06896551724137931,2,5.0,2304.3166666666666,3974.4616666666666,False
1610612761,2023,2023-24,Toronto Raptors,111.8,118.1,-6.3,99.91,19.9,0.139,0.535,0.535,0.241,0.139,0.281,0.566,0.218,0.138,0.306,-9.5,East,12,25,57,0.305,False,False,False,0.20689655172413793,0.8620689655172413,0.20689655172413793,0.6206896551724138,0.7586206896551724,0.6551724137931034,0.3103448275862069,0.3103448275862069,0.4827586206896552,0.6551724137931034,0.41379310344827586,0.896551724137931,0.06896551724137931,0.5172413793103449,0.9655172413793104,0.2413793103448276,25,True,0.13793103448275862,0.4827586206896552,0.20689655172413793,0.7241379310344828,0.6896551724137931,0.8275862068965517,0.20689655172413793,0.20689655172413793,0.1724137931034483,0.8275862068965517,0.7931034482758621,0.4482758620689655,0.9655172413793104,0.6551724137931034,0.7931034482758621,0.034482758620689655,False,False,-0.06896551724137931,-0.37931034482758613,0.0,0.10344827586206895,-0.06896551724137923,0.1724137931034483,-0.10344827586206898,-0.10344827586206898,-0.3103448275862069,0.1724137931034483,0.37931034482758624,-0.4482758620689655,0.896551724137931,0.13793103448275856,-0.1724137931034483,-0.20689655172413796,4,19.0,1466.825,3887.8900000000003,False
1610612751,2024,2024-25,Brooklyn Nets,108.1,115.4,-7.3,96.73,18.4,0.156,0.516,0.516,0.24,0.156,0.294,0.557,0.28,0.154,0.301,-11.6,East,12,26,56,0.317,False,False,False,0.06896551724137931,0.7586206896551724,0.13793103448275862,0.06896551724137931,0.3103448275862069,0.896551724137931,0.10344827586206896,0.10344827586206896,0.3448275862068966,0.896551724137931,0.4482758620689655,0.8275862068965517,0.9310344827586207,0.7931034482758621,0.7586206896551724,0.13793103448275862,25,True,0.0,0.8275862068965517,0.034482758620689655,0.13793103448275862,0.3448275862068966,0.9655172413793104,0.0,0.0,0.5862068965517241,0.9655172413793104,0.3103448275862069,0.9310344827586207,0.896551724137931,0.6551724137931034,0.7241379310344828,0.0,False,False,-0.06896551724137931,0.06896551724137934,-0.10344827586206896,0.06896551724137931,0.03448275862068967,0.06896551724137934,-0.10344827586206896,-0.10344827586206896,0.2413793103448275,0.06896551724137934,-0.13793103448275862,0.10344827586206895,-0.03448275862068961,-0.13793103448275867,-0.03448275862068961,-0.13793103448275862,5,8.0,1319.5133333333333,5974.593333333333,False
1610612765,2023,2023-24,Detroit Pistons,109.0,118.0,-9.0,100.45,18.2,0.151,0.526,0.526,0.246,0.151,0.277,0.558,0.276,0.123,0.27,-36.5,East,15,14,68,0.171,False,False,False,0.10344827586206896,0.8275862068965517,0.034482758620689655,0.7241379310344828,0.20689655172413793,0.896551724137931,0.06896551724137931,0.06896551724137931,0.5172413793103449,0.896551724137931,0.3448275862068966,0.7931034482758621,0.9310344827586207,0.10344827586206896,0.13793103448275862,0.034482758620689655,30,True,0.5517241379310345,0.3103448275862069,0.5862068965517241,0.6551724137931034,0.3793103448275862,0.6551724137931034,0.4827586206896552,0.4827586206896552,0.6206896551724138,0.6551724137931034,0.6896551724137931,0.3103448275862069,0.896551724137931,0.6551724137931034,0.3448275862068966,0.20689655172413793,True,True,0.4482758620689655,-0.5172413793103448,0.5517241379310345,-0.06896551724137934,0.17241379310344826,-0.24137931034482762,0.4137931034482759,0.4137931034482759,0.10344827586206895,-0.24137931034482762,0.3448275862068966,-0.4827586206896552,-0.03448275862068961,0.5517241379310345,0.20689655172413796,0.1724137931034483,2,5.0,1266.3216666666667,1308.7033333333334,False
1610612756,2016,2016-17,Phoenix Suns,106.1,111.3,-5.2,100.85,14.4,0.152,0.493,0.493,0.297,0.152,0.299,0.525,0.338,0.146,0.282,-17.9,West,15,24,58,0.293,False,False,False,0.27586206896551724,0.9310344827586207,0.13793103448275862,0.9655172413793104,0.0,0.7931034482758621,0.13793103448275862,0.13793103448275862,0.9310344827586207,0.7931034482758621,0.8275862068965517,0.8275862068965517,0.9655172413793104,0.5517241379310345,0.5172413793103449,0.0,29,True,0.0,1.0,0.0,0.9655172413793104,0.034482758620689655,0.8620689655172413,0.0,0.0,0.7586206896551724,0.8620689655172413,0.5172413793103449,0.7931034482758621,0.8275862068965517,0.06896551724137931,0.7241379310344828,0.06896551724137931,False,False,-0.27586206896551724,0.06896551724137934,-0.13793103448275862,0.0,0.034482758620689655,0.06896551724137923,-0.13793103448275862,-0.13793103448275862,-0.1724137931034483,0.06896551724137923,-0.31034482758620685,-0.03448275862068961,-0.13793103448275867,-0.48275862068965514,0.2068965517241379,0.06896551724137931,3,4.0,1959.2183333333332,2426.2316666666666,False
1610612763,2018,2018-19,Memphis Grizzlies,105.6,108.0,-2.4,97.15,17.9,0.143,0.508,0.508,0.272,0.143,0.247,0.521,0.296,0.155,0.276,-9.7,West,12,33,49,0.402,False,False,False,0.10344827586206896,0.27586206896551724,0.20689655172413793,0.0,0.5862068965517241,0.7586206896551724,0.10344827586206896,0.10344827586206896,0.7931034482758621,0.7586206896551724,0.06896551724137931,0.4482758620689655,0.9310344827586207,0.9310344827586207,0.6551724137931034,0.034482758620689655,22,True,0.27586206896551724,0.4482758620689655,0.4482758620689655,0.8275862068965517,0.8620689655172413,0.6551724137931034,0.3448275862068966,0.3448275862068966,0.1724137931034483,0.6551724137931034,0.5862068965517241,0.3103448275862069,0.6896551724137931,0.4827586206896552,0.4827586206896552,0.13793103448275862,True,False,0.1724137931034483,0.1724137931034483,0.2413793103448276,0.8275862068965517,0.27586206896551724,-0.10344827586206895,0.24137931034482762,0.24137931034482762,-0.6206896551724138,-0.10344827586206895,0.5172413793103448,-0.13793103448275862,-0.2413793103448275,-0.44827586206896547,-0.17241379310344823,0.10344827586206896,2,2.0,2074.3233333333333,3374.3433333333332,False
1610612764,2022,2022-23,Washington Wizards,113.7,114.9,-1.2,99.16,18.5,0.142,0.55,0.55,0.258,0.142,0.273,0.54,0.244,0.123,0.276,-6.7,East,12,35,47,0.427,False,False,False,0.27586206896551724,0.6896551724137931,0.2413793103448276,0.3793103448275862,0.5862068965517241,0.5517241379310345,0.5862068965517241,0.5862068965517241,0.3103448275862069,0.5517241379310345,0.3103448275862069,0.27586206896551724,0.10344827586206896,0.034482758620689655,0.41379310344827586,0.2413793103448276,23,True,0.1724137931034483,0.9310344827586207,0.10344827586206896,1.0,0.7241379310344828,0.5172413793103449,0.3448275862068966,0.3448275862068966,0.10344827586206896,0.5172413793103449,0.0,0.8620689655172413,0.7586206896551724,0.3793103448275862,1.0,0.0,False,False,-0.10344827586206895,0.2413793103448275,-0.13793103448275862,0.6206896551724138,0.13793103448275867,-0.03448275862068961,-0.2413793103448275,-0.2413793103448275,-0.20689655172413796,-0.03448275862068961,-0.3103448275862069,0.5862068965517241,0.6551724137931034,0.3448275862068965,0.5862068965517242,-0.2413793103448276,2,7.0,1715.25,1868.6616666666666,False
1610612750,2019,2019-20,Minnesota Timberwolves,107.6,111.6,-4.0,103.94,16.7,0.146,0.514,0.514,0.277,0.146,0.264,0.541,0.279,0.147,0.269,-3.0,West,14,19,45,0.297,False,False,False,0.20689655172413793,0.6551724137931034,0.20689655172413793,0.9310344827586207,0.13793103448275862,0.5517241379310345,0.13793103448275862,0.13793103448275862,0.8620689655172413,0.5517241379310345,0.41379310344827586,0.6551724137931034,0.7241379310344828,0.5862068965517241,0.5172413793103449,0.4482758620689655,28,True,0.1724137931034483,0.9310344827586207,0.13793103448275862,0.8620689655172413,0.5172413793103449,0.5517241379310345,0.1724137931034483,0.1724137931034483,0.7241379310344828,0.5517241379310345,0.6551724137931034,0.9310344827586207,0.8620689655172413,0.8620689655172413,0.896551724137931,0.13793103448275862,False,False,-0.03448275862068964,0.27586206896551724,-0.06896551724137931,-0.06896551724137934,0.37931034482758624,0.0,0.03448275862068967,0.03448275862068967,-0.13793103448275856,0.0,0.24137931034482757,0.27586206896551724,0.13793103448275856,0.27586206896551724,0.3793103448275862,-0.3103448275862069,2,1.0,2314.1666666666665,3824.95,False
1610612752,2018,2018-19,New York Knicks,104.0,112.9,-8.9,100.16,14.9,0.14,0.49,0.49,0.27,0.14,0.264,0.533,0.265,0.131,0.283,-4.8,East,15,17,65,0.207,False,False,False,0.0,0.8620689655172413,0.034482758620689655,0.4482758620689655,0.0,0.5517241379310345,0.0,0.0,0.7586206896551724,0.5517241379310345,0.3448275862068966,0.7241379310344828,0.6551724137931034,0.27586206896551724,0.8275862068965517,0.27586206896551724,30,True,0.06896551724137931,0.7586206896551724,0.13793103448275862,0.1724137931034483,0.06896551724137931,0.4482758620689655,0.034482758620689655,0.034482758620689655,0.5172413793103449,0.4482758620689655,1.0,0.6551724137931034,0.9310344827586207,0.27586206896551724,0.20689655172413793,0.5172413793103449,False,False,0.06896551724137931,-0.10344827586206895,0.10344827586206896,-0.27586206896551724,0.06896551724137931,-0.10344827586206895,0.034482758620689655,0.034482758620689655,-0.2413793103448275,-0.10344827586206895,0.6551724137931034,-0.06896551724137934,0.27586206896551724,0.0,-0.6206896551724138,0.24137931034482762,2,3.0,1704.4216666666666,1757.6716666666666,False
1610612763,2017,2017-18,Memphis Grizzlies,103.6,110.4,-6.8,95.65,16.6,0.156,0.5,0.5,0.255,0.156,0.276,0.529,0.333,0.154,0.279,-6.3,West,14,22,60,0.268,False,False,False,0.10344827586206896,0.8620689655172413,0.10344827586206896,0.034482758620689655,0.20689655172413793,0.9310344827586207,0.06896551724137931,0.06896551724137931,0.5517241379310345,0.9310344827586207,0.6896551724137931,0.6896551724137931,1.0,0.8275862068965517,0.7586206896551724,0.3103448275862069,29,True,0.10344827586206896,0.27586206896551724,0.20689655172413793,0.0,0.5862068965517241,0.7586206896551724,0.10344827586206896,0.10344827586206896,0.7931034482758621,0.7586206896551724,0.06896551724137931,0.4482758620689655,0.9310344827586207,0.9310344827586207,0.6551724137931034,0.034482758620689655,False,False,0.0,-0.5862068965517241,0.10344827586206896,-0.034482758620689655,0.3793103448275862,-0.1724137931034483,0.034482758620689655,0.034482758620689655,0.24137931034482762,-0.1724137931034483,-0.6206896551724138,-0.24137931034482762,-0.06896551724137934,0.10344827586206895,-0.10344827586206895,-0.27586206896551724,2,4.0,1514.6883333333333,2091.19,False
1610612745,2020,2020-21,Houston Rockets,107.0,114.4,-7.4,101.69,17.2,0.145,0.521,0.521,0.252,0.145,0.24,0.555,0.256,0.144,0.277,-12.0,West,15,17,55,0.236,False,False,False,0.10344827586206896,0.896551724137931,0.10344827586206896,0.8275862068965517,0.1724137931034483,0.7586206896551724,0.20689655172413793,0.20689655172413793,0.6551724137931034,0.7586206896551724,0.034482758620689655,0.896551724137931,0.5862068965517241,0.6551724137931034,0.8275862068965517,0.06896551724137931,30,True,0.13793103448275862,1.0,0.034482758620689655,0.9655172413793104,0.1724137931034483,1.0,0.4482758620689655,0.4482758620689655,1.0,1.0,0.3448275862068966,0.9655172413793104,0.8275862068965517,0.6206896551724138,0.8275862068965517,0.27586206896551724,False,False,0.034482758620689655,0.10344827586206895,-0.06896551724137931,0.13793103448275867,0.0,0.24137931034482762,0.2413793103448276,0.2413793103448276,0.3448275862068966,0.24137931034482762,0.3103448275862069,0.06896551724137934,0.24137931034482762,-0.03448275862068961,0.0,0.20689655172413793,4,2.0,2137.7233333333334,5199.918333333333,False
1610612757,2021,2021-22,Portland Trail Blazers,107.3,116.3,-9.1,98.74,17.0,0.146,0.515,0.515,0.248,0.146,0.268,0.559,0.286,0.142,0.279,1.6,West,13,27,55,0.329,False,False,False,0.10344827586206896,0.9655172413793104,0.0,0.4827586206896552,0.13793103448275862,0.8275862068965517,0.1724137931034483,0.1724137931034483,0.4482758620689655,0.8275862068965517,0.3793103448275862,1.0,0.9310344827586207,0.6896551724137931,0.6551724137931034,0.6206896551724138,25,True,0.41379310344827586,0.9310344827586207,0.13793103448275862,0.4482758620689655,0.3103448275862069,0.6551724137931034,0.5517241379310345,0.5517241379310345,0.8275862068965517,0.6551724137931034,0.20689655172413793,0.8620689655172413,0.6551724137931034,0.3793103448275862,0.7931034482758621,0.1724137931034483,False,False,0.3103448275862069,-0.034482758620689724,0.13793103448275862,-0.03448275862068967,0.1724137931034483,-0.1724137931034483,0.3793103448275862,0.3793103448275862,0.3793103448275862,-0.1724137931034483,-0.17241379310344826,-0.13793103448275867,-0.27586206896551724,-0.31034482758620696,0.13793103448275867,-0.4482758620689655,2,7.0,1778.6033333333332,2397.7666666666664,False
1610612759,2024,2024-25,San Antonio Spurs,113.5,116.3,-2.8,100.08,20.1,0.138,0.544,0.544,0.234,0.138,0.278,0.551,0.2,0.136,0.31,-3.5,West,13,34,48,0.415,False,False,False,0.3793103448275862,0.8275862068965517,0.27586206896551724,0.5862068965517241,0.896551724137931,0.2413793103448276,0.3793103448275862,0.3793103448275862,0.27586206896551724,0.2413793103448276,0.27586206896551724,0.7586206896551724,0.034482758620689655,0.3103448275862069,0.8620689655172413,0.3793103448275862,23,True,0.896551724137931,0.06896551724137931,0.9310344827586207,0.6206896551724138,0.7241379310344828,0.13793103448275862,0.7586206896551724,0.7586206896551724,0.6206896551724138,0.13793103448275862,0.6206896551724138,0.06896551724137931,0.0,0.06896551724137931,0.0,0.7931034482758621,True,True,0.5172413793103449,-0.7586206896551724,0.6551724137931034,0.034482758620689724,-0.1724137931034483,-0.10344827586206898,0.3793103448275862,0.3793103448275862,0.3448275862068966,-0.10344827586206898,0.3448275862068966,-0.689655172413793,-0.034482758620689655,-0.2413793103448276,-0.8620689655172413,0.4137931034482759,2,2.0,1557.9566666666667,2375.8216666666667,False
1610612742,2018,2018-19,Dallas Mavericks,108.7,110.1,-1.5,99.6,17.0,0.142,0.519,0.519,0.291,0.142,0.273,0.522,0.246,0.13,0.266,-6.7,West,14,33,49,0.402,False,False,False,0.3448275862068966,0.5517241379310345,0.3103448275862069,0.3793103448275862,0.27586206896551724,0.6896551724137931,0.3793103448275862,0.3793103448275862,0.896551724137931,0.6896551724137931,0.5862068965517241,0.5172413793103449,0.2413793103448276,0.20689655172413793,0.3103448275862069,0.20689655172413793,22,True,1.0,0.5862068965517241,0.8275862068965517,0.41379310344827586,0.5172413793103449,0.034482758620689655,0.896551724137931,0.896551724137931,0.5517241379310345,0.034482758620689655,0.6206896551724138,0.41379310344827586,0.1724137931034483,0.0,0.2413793103448276,0.2413793103448276,True,True,0.6551724137931034,0.03448275862068961,0.5172413793103448,0.03448275862068967,0.24137931034482762,-0.6551724137931035,0.5172413793103449,0.5172413793103449,-0.3448275862068966,-0.6551724137931035,0.034482758620689724,-0.103448275862069,-0.06896551724137931,-0.20689655172413793,-0.06896551724137931,0.03448275862068967,0,,,0.0,True
1610612757,2024,2024-25,Portland Trail Blazers,111.0,113.7,-2.7,99.51,16.9,0.16,0.521,0.521,0.246,0.16,0.332,0.543,0.255,0.155,0.318,-7.3,West,12,36,46,0.439,False,False,False,0.2413793103448276,0.5172413793103449,0.3103448275862069,0.4827586206896552,0.034482758620689655,0.9655172413793104,0.1724137931034483,0.1724137931034483,0.5862068965517241,0.9655172413793104,0.9655172413793104,0.5517241379310345,0.7241379310344828,0.8620689655172413,0.9310344827586207,0.27586206896551724,21,True,0.3103448275862069,0.3448275862068966,0.3793103448275862,0.7241379310344828,0.0,1.0,0.27586206896551724,0.27586206896551724,0.7241379310344828,1.0,0.896551724137931,0.3103448275862069,0.6206896551724138,0.7931034482758621,0.6896551724137931,0.41379310344827586,True,True,0.06896551724137931,-0.1724137931034483,0.06896551724137928,0.24137931034482757,-0.034482758620689655,0.03448275862068961,0.10344827586206895,0.10344827586206895,0.13793103448275867,0.03448275862068961,-0.06896551724137934,-0.24137931034482757,-0.10344827586206895,-0.06896551724137923,-0.2413793103448275,0.13793103448275862,1,16.0,299.8933333333333,299.8933333333333,False
1610612741,2018,2018-19,Chicago Bulls,104.5,112.8,-8.3,99.3,16.3,0.141,0.505,0.505,0.235,0.141,0.242,0.541,0.247,0.133,0.273,-6.9,East,13,22,60,0.268,False,False,False,0.034482758620689655,0.8275862068965517,0.10344827586206896,0.3448275862068966,0.10344827586206896,0.6206896551724138,0.06896551724137931,0.06896551724137931,0.13793103448275862,0.6206896551724138,0.0,0.8620689655172413,0.27586206896551724,0.41379310344827586,0.5172413793103449,0.1724137931034483,27,True,0.034482758620689655,0.27586206896551724,0.27586206896551724,0.4827586206896552,0.27586206896551724,0.8620689655172413,0.1724137931034483,0.1724137931034483,0.10344827586206896,0.8620689655172413,0.4827586206896552,0.8620689655172413,1.0,1.0,0.7586206896551724,0.1724137931034483,False,False,0.0,-0.5517241379310345,0.1724137931034483,0.13793103448275862,0.1724137931034483,0.2413793103448275,0.10344827586206898,0.10344827586206898,-0.034482758620689655,0.2413793103448275,0.4827586206896552,0.0,0.7241379310344828,0.5862068965517242,0.2413793103448275,0.0,2,7.0,1674.0,2283.0533333333333,False
1610612742,2016,2016-17,Dallas Mavericks,104.7,107.7,-3.0,93.11,16.8,0.127,0.505,0.505,0.225,0.127,0.216,0.529,0.282,0.16,0.267,-4.2,West,11,33,49,0.402,False,False,False,0.13793103448275862,0.41379310344827586,0.2413793103448276,0.06896551724137931,0.3793103448275862,0.06896551724137931,0.41379310344827586,0.41379310344827586,0.034482758620689655,0.06896551724137931,0.0,0.896551724137931,0.6551724137931034,1.0,0.1724137931034483,0.4482758620689655,22,True,0.20689655172413793,0.5172413793103449,0.27586206896551724,0.13793103448275862,0.5517241379310345,0.0,0.3793103448275862,0.3793103448275862,0.10344827586206896,0.0,0.0,0.7241379310344828,0.5862068965517241,0.3103448275862069,0.13793103448275862,0.0,False,False,0.06896551724137931,0.103448275862069,0.03448275862068964,0.06896551724137931,0.1724137931034483,-0.06896551724137931,-0.03448275862068967,-0.03448275862068967,0.06896551724137931,-0.06896551724137931,0.0,-0.1724137931034483,-0.06896551724137934,-0.6896551724137931,-0.03448275862068967,-0.4482758620689655,1,9.0,2049.105,2049.105,False
1610612754,2022,2022-23,Indiana Pacers,113.8,117.1,-3.3,101.68,18.9,0.146,0.545,0.545,0.265,0.146,0.285,0.554,0.287,0.148,0.315,-3.7,East,11,35,47,0.427,False,False,False,0.3103448275862069,0.8620689655172413,0.1724137931034483,0.8620689655172413,0.7931034482758621,0.7241379310344828,0.4827586206896552,0.4827586206896552,0.5172413793103449,0.7241379310344828,0.5862068965517241,0.7586206896551724,0.8275862068965517,0.7241379310344828,1.0,0.3793103448275862,23,True,0.9655172413793104,0.7931034482758621,0.6896551724137931,0.9655172413793104,1.0,0.1724137931034483,0.9655172413793104,0.9655172413793104,0.13793103448275862,0.1724137931034483,0.4827586206896552,0.7241379310344828,1.0,0.3793103448275862,0.8620689655172413,0.5172413793103449,True,True,0.6551724137931034,-0.06896551724137923,0.5172413793103449,0.10344827586206906,0.2068965517241379,-0.5517241379310345,0.4827586206896552,0.4827586206896552,-0.37931034482758624,-0.5517241379310345,-0.1034482758620689,-0.03448275862068961,0.1724137931034483,-0.3448275862068966,-0.13793103448275867,0.13793103448275867,3,8.0,814.26,1158.9666666666667,True
1610612766,2023,2023-24,Charlotte Hornets,108.6,119.2,-10.6,97.81,18.4,0.14,0.529,0.529,0.212,0.14,0.253,0.572,0.236,0.139,0.291,2.6,East,13,21,61,0.256,False,False,False,0.06896551724137931,0.9655172413793104,0.0,0.27586206896551724,0.27586206896551724,0.6896551724137931,0.10344827586206896,0.10344827586206896,0.0,0.6896551724137931,0.10344827586206896,0.9655172413793104,0.3103448275862069,0.6551724137931034,0.7241379310344828,0.5862068965517241,27,True,0.034482758620689655,0.7931034482758621,0.10344827586206896,0.2413793103448276,0.13793103448275862,0.9310344827586207,0.0,0.0,0.10344827586206896,0.9310344827586207,0.7586206896551724,0.6551724137931034,0.3793103448275862,0.27586206896551724,0.5172413793103449,0.3103448275862069,False,False,-0.034482758620689655,-0.1724137931034483,0.10344827586206896,-0.03448275862068964,-0.13793103448275862,0.2413793103448275,-0.10344827586206896,-0.10344827586206896,0.10344827586206896,0.2413793103448275,0.6551724137931034,-0.31034482758620696,0.06896551724137928,-0.3793103448275862,-0.2068965517241379,-0.2758620689655172,2,6.0,1244.3533333333332,2086.4366666666665,False
1610612744,2019,2019-20,Golden State Warriors,104.4,113.0,-8.6,101.04,18.2,0.146,0.497,0.497,0.264,0.146,0.255,0.553,0.247,0.154,0.278,-17.8,West,15,15,50,0.231,False,False,False,0.0,0.8620689655172413,0.0,0.5172413793103449,0.7586206896551724,0.5517241379310345,0.0,0.0,0.5517241379310345,0.5517241379310345,0.1724137931034483,0.9310344827586207,0.3448275862068966,0.8275862068965517,0.6896551724137931,0.06896551724137931,30,True,0.3448275862068966,0.13793103448275862,0.5172413793103449,0.9310344827586207,0.9655172413793104,0.7931034482758621,0.7931034482758621,0.7931034482758621,0.3448275862068966,0.7931034482758621,0.0,0.10344827586206896,0.9655172413793104,0.7586206896551724,0.7241379310344828,0.3448275862068966,True,False,0.3448275862068966,-0.7241379310344827,0.5172413793103449,0.4137931034482758,0.206896551724138,0.24137931034482762,0.7931034482758621,0.7931034482758621,-0.2068965517241379,0.24137931034482762,-0.1724137931034483,-0.8275862068965517,0.6206896551724138,-0.06896551724137934,0.03448275862068961,0.27586206896551724,2,2.0,835.88,1199.7983333333334,False
1610612751,2016,2016-17,Brooklyn Nets,103.6,110.1,-6.5,101.75,15.9,0.162,0.507,0.507,0.289,0.162,0.241,0.513,0.275,0.13,0.284,-15.3,East,15,20,62,0.244,False,False,False,0.034482758620689655,0.7586206896551724,0.034482758620689655,1.0,0.13793103448275862,0.9655172413793104,0.4482758620689655,0.4482758620689655,0.7931034482758621,0.9655172413793104,0.06896551724137931,0.5517241379310345,0.4482758620689655,0.06896551724137931,0.7241379310344828,0.034482758620689655,30,True,0.27586206896551724,0.6896551724137931,0.20689655172413793,0.8275862068965517,0.5517241379310345,0.7241379310344828,0.41379310344827586,0.41379310344827586,0.6206896551724138,0.7241379310344828,0.20689655172413793,0.3448275862068966,0.7241379310344828,0.0,0.4482758620689655,0.13793103448275862,False,False,0.24137931034482757,-0.06896551724137923,0.1724137931034483,-0.1724137931034483,0.41379310344827586,-0.24137931034482762,-0.03448275862068967,-0.03448275862068967,-0.1724137931034483,-0.24137931034482762,0.13793103448275862,-0.2068965517241379,0.27586206896551724,-0.06896551724137931,-0.27586206896551724,0.10344827586206896,1,22.0,1441.115,1441.115,False
1610612737,2019,2019-20,Atlanta Hawks,107.0,114.4,-7.4,103.28,16.9,0.155,0.515,0.515,0.258,0.155,0.267,0.543,0.303,0.143,0.292,-3.3,East,14,20,47,0.299,False,False,False,0.1724137931034483,0.9310344827586207,0.06896551724137931,0.7931034482758621,0.27586206896551724,0.896551724137931,0.1724137931034483,0.1724137931034483,0.3793103448275862,0.896551724137931,0.4827586206896552,0.7931034482758621,0.9655172413793104,0.4827586206896552,0.9655172413793104,0.41379310344827586,27,True,0.7241379310344828,0.5862068965517241,0.6551724137931034,0.27586206896551724,0.3448275862068966,0.2413793103448276,0.4827586206896552,0.4827586206896552,0.896551724137931,0.2413793103448276,0.8275862068965517,0.1724137931034483,0.3103448275862069,0.034482758620689655,0.27586206896551724,0.5172413793103449,True,True,0.5517241379310345,-0.3448275862068966,0.5862068965517241,-0.5172413793103449,0.06896551724137934,-0.6551724137931034,0.3103448275862069,0.3103448275862069,0.5172413793103449,-0.6551724137931034,0.3448275862068965,-0.6206896551724138,-0.6551724137931034,-0.4482758620689655,-0.6896551724137931,0.103448275862069,2,6.0,601.2083333333334,870.405,False
1610612766,2022,2022-23,Charlotte Hornets,108.4,114.7,-6.3,101.47,17.8,0.139,0.516,0.516,0.261,0.139,0.276,0.544,0.266,0.14,0.283,-4.1,East,14,27,55,0.329,False,False,False,0.0,0.6551724137931034,0.10344827586206896,0.7241379310344828,0.3103448275862069,0.4482758620689655,0.0,0.0,0.4482758620689655,0.4482758620689655,0.4482758620689655,0.5517241379310345,0.4827586206896552,0.5862068965517241,0.5517241379310345,0.3103448275862069,27,True,0.06896551724137931,0.9655172413793104,0.0,0.27586206896551724,0.27586206896551724,0.6896551724137931,0.10344827586206896,0.10344827586206896,0.0,0.6896551724137931,0.10344827586206896,0.9655172413793104,0.3103448275862069,0.6551724137931034,0.7241379310344828,0.5862068965517241,False,False,0.06896551724137931,0.31034482758620696,-0.10344827586206896,-0.4482758620689655,-0.03448275862068967,0.24137931034482762,0.10344827586206896,0.10344827586206896,-0.4482758620689655,0.24137931034482762,-0.3448275862068966,0.4137931034482759,-0.1724137931034483,0.06896551724137934,0.1724137931034483,0.2758620689655172,3,2.0,2382.963333333333,3176.3066666666664,False
1610612740,2016,2016-17,New Orleans Pelicans,104.7,106.8,-2.1,98.56,17.1,0.129,0.504,0.504,0.256,0.129,0.228,0.509,0.232,0.14,0.272,-2.7,West,10,34,48,0.415,False,True,False,0.13793103448275862,0.27586206896551724,0.27586206896551724,0.7586206896551724,0.4827586206896552,0.10344827586206896,0.3448275862068966,0.3448275862068966,0.20689655172413793,0.10344827586206896,0.034482758620689655,0.3793103448275862,0.10344827586206896,0.41379310344827586,0.3448275862068966,0.5172413793103449,21,True,0.5862068965517241,0.4482758620689655,0.5862068965517241,1.0,0.9310344827586207,0.5172413793103449,0.896551724137931,0.896551724137931,0.27586206896551724,0.5172413793103449,0.034482758620689655,0.27586206896551724,0.10344827586206896,0.3103448275862069,0.6206896551724138,0.7931034482758621,True,True,0.44827586206896547,0.1724137931034483,0.31034482758620685,0.24137931034482762,0.44827586206896547,0.4137931034482759,0.5517241379310345,0.5517241379310345,0.06896551724137931,0.4137931034482759,0.0,-0.10344827586206895,0.0,-0.10344827586206895,0.27586206896551724,0.27586206896551724,0,,,0.0,False
1610612758,2021,2021-22,Sacramento Kings,109.6,114.8,-5.2,100.1,17.3,0.14,0.525,0.525,0.264,0.14,0.259,0.551,0.226,0.134,0.286,0.9,West,12,30,52,0.366,False,False,False,0.20689655172413793,0.896551724137931,0.1724137931034483,0.7241379310344828,0.2413793103448276,0.4827586206896552,0.27586206896551724,0.27586206896551724,0.8275862068965517,0.4827586206896552,0.27586206896551724,0.896551724137931,0.20689655172413793,0.3793103448275862,0.7241379310344828,0.5517241379310345,24,True,1.0,0.7586206896551724,0.7586206896551724,0.6206896551724138,0.896551724137931,0.1724137931034483,0.9655172413793104,0.9655172413793104,0.7241379310344828,0.1724137931034483,0.2413793103448276,0.8620689655172413,0.27586206896551724,0.5172413793103449,0.1724137931034483,0.8620689655172413,True,True,0.7931034482758621,-0.13793103448275867,0.5862068965517241,-0.10344827586206895,0.6551724137931034,-0.3103448275862069,0.6896551724137931,0.6896551724137931,-0.10344827586206895,-0.3103448275862069,-0.03448275862068964,-0.034482758620689724,0.06896551724137931,0.13793103448275867,-0.5517241379310345,0.31034482758620685,1,4.0,2381.673333333333,2381.673333333333,False
1610612755,2024,2024-25,Philadelphia 76ers,111.0,117.3,-6.3,98.13,17.1,0.138,0.527,0.527,0.257,0.138,0.279,0.57,0.245,0.162,0.322,-11.8,East,13,24,58,0.293,False,False,False,0.2413793103448276,0.8620689655172413,0.1724137931034483,0.20689655172413793,0.06896551724137931,0.2413793103448276,0.27586206896551724,0.27586206896551724,0.8275862068965517,0.2413793103448276,0.3103448275862069,1.0,0.5172413793103449,0.9310344827586207,1.0,0.10344827586206896,26,True,0.4827586206896552,0.5172413793103449,0.41379310344827586,0.5172413793103449,0.034482758620689655,0.1724137931034483,0.13793103448275862,0.13793103448275862,0.6551724137931034,0.1724137931034483,0.6206896551724138,0.3103448275862069,0.5862068965517241,0.7241379310344828,0.8620689655172413,0.896551724137931,True,True,0.2413793103448276,-0.34482758620689646,0.24137931034482757,0.31034482758620696,-0.034482758620689655,-0.06896551724137931,-0.13793103448275862,-0.13793103448275862,-0.1724137931034483,-0.06896551724137931,0.3103448275862069,-0.6896551724137931,0.06896551724137923,-0.2068965517241379,-0.13793103448275867,0.7931034482758621,2,3.0,2623.305,2678.0666666666666,False
