TEAM_ID,season_start_year,season,TEAM_NAME,OFF_RATING,DEF_RATING,NET_RATING,PACE,AST_RATIO,TM_TOV_PCT,EFG_PCT,FF_EFG_PCT,FTA_RATE,FF_TM_TOV_PCT,OREB_PCT,OPP_EFG_PCT,OPP_FTA_RATE,OPP_TOV_PCT,OPP_OREB_PCT,CLUTCH_NET_RATING,CONFERENCE,CONF_RANK,WINS,LOSSES,WinPCT,made_playoff_bracket,target_a_top10_conf,target_b_made_bracket,OFF_RATING_PCTILE,DEF_RATING_PCTILE,NET_RATING_PCTILE,PACE_PCTILE,AST_RATIO_PCTILE,TM_TOV_PCT_PCTILE,EFG_PCT_PCTILE,FF_EFG_PCT_PCTILE,FTA_RATE_PCTILE,FF_TM_TOV_PCT_PCTILE,OREB_PCT_PCTILE,OPP_EFG_PCT_PCTILE,OPP_FTA_RATE_PCTILE,OPP_TOV_PCT_PCTILE,OPP_OREB_PCT_PCTILE,CLUTCH_NET_RATING_PCTILE,LEAGUE_RANK,is_bottom_n,NEXT_OFF_RATING_PCTILE,NEXT_DEF_RATING_PCTILE,NEXT_NET_RATING_PCTILE,NEXT_PACE_PCTILE,NEXT_AST_RATIO_PCTILE,NEXT_TM_TOV_PCT_PCTILE,NEXT_EFG_PCT_PCTILE,NEXT_FF_EFG_PCT_PCTILE,NEXT_FTA_RATE_PCTILE,NEXT_FF_TM_TOV_PCT_PCTILE,NEXT_OREB_PCT_PCTILE,NEXT_OPP_EFG_PCT_PCTILE,NEXT_OPP_FTA_RATE_PCTILE,NEXT_OPP_TOV_PCT_PCTILE,NEXT_OPP_OREB_PCT_PCTILE,NEXT_CLUTCH_NET_RATING_PCTILE,NEXT_target_a_top10_conf,NEXT_target_b_made_bracket,DELTA_OFF_RATING_PCTILE,DELTA_DEF_RATING_PCTILE,DELTA_NET_RATING_PCTILE,DELTA_PACE_PCTILE,DELTA_AST_RATIO_PCTILE,DELTA_TM_TOV_PCT_PCTILE,DELTA_EFG_PCT_PCTILE,DELTA_FF_EFG_PCT_PCTILE,DELTA_FTA_RATE_PCTILE,DELTA_FF_TM_TOV_PCT_PCTILE,DELTA_OREB_PCT_PCTILE,DELTA_OPP_EFG_PCT_PCTILE,DELTA_OPP_FTA_RATE_PCTILE,DELTA_OPP_TOV_PCT_PCTILE,DELTA_OPP_OREB_PCT_PCTILE,DELTA_CLUTCH_NET_RATING_PCTILE,ROOKIES_on_roster_count,ROOKIES_best_pick_on_roster,ROOKIES_max_minutes,ROOKIES_total_minutes,star_added
1610612756,2021,2021-22,Phoenix Suns,114.2,106.8,7.5,100.26,19.5,0.129,0.549,0.549,0.221,0.129,0.264,0.51,0.257,0.146,0.272,33.4,West,1,64,18,0.78,True,True,True,0.8620689655172413,0.06896551724137931,1.0,0.7586206896551724,0.8620689655172413,0.10344827586206896,0.896551724137931,0.896551724137931,0.034482758620689655,0.10344827586206896,0.3103448275862069,0.06896551724137931,0.7241379310344828,0.7586206896551724,0.41379310344827586,1.0,1,False,0.5517241379310345,0.20689655172413793,0.7241379310344828,0.27586206896551724,0.896551724137931,0.3103448275862069,0.27586206896551724,0.27586206896551724,0.06896551724137931,0.3103448275862069,0.8620689655172413,0.13793103448275862,0.9655172413793104,0.6206896551724138,0.6896551724137931,0.41379310344827586,True,True,-0.31034482758620685,0.13793103448275862,-0.27586206896551724,-0.48275862068965514,0.034482758620689724,0.20689655172413796,-0.6206896551724138,-0.6206896551724138,0.034482758620689655,0.20689655172413796,0.5517241379310345,0.06896551724137931,0.24137931034482762,-0.13793103448275856,0.2758620689655173,-0.5862068965517242,0,,,0.0,True
1610612739,2022,2022-23,Cleveland Cavaliers,115.5,109.9,5.6,96.27,18.6,0.137,0.556,0.556,0.264,0.137,0.273,0.535,0.268,0.161,0.285,3.0,East,4,51,31,0.622,True,True,True,0.7586206896551724,0.0,0.9655172413793104,0.0,0.6551724137931034,0.3448275862068966,0.7241379310344828,0.7241379310344828,0.4827586206896552,0.3448275862068966,0.3103448275862069,0.1724137931034483,0.5172413793103449,0.896551724137931,0.6551724137931034,0.6551724137931034,5,False,0.4827586206896552,0.20689655172413793,0.6206896551724138,0.20689655172413793,0.896551724137931,0.5862068965517241,0.5862068965517241,0.5862068965517241,0.3103448275862069,0.5862068965517241,0.27586206896551724,0.1724137931034483,0.4827586206896552,0.5172413793103449,0.41379310344827586,0.41379310344827586,True,True,-0.2758620689655172,0.20689655172413793,-0.3448275862068966,0.20689655172413793,0.24137931034482762,0.2413793103448275,-0.13793103448275867,-0.13793103448275867,-0.1724137931034483,0.2413793103448275,-0.03448275862068967,0.0,-0.03448275862068967,-0.3793103448275862,-0.24137931034482757,-0.24137931034482757,1,49.0,132.815,132.815,False
1610612743,2023,2023-24,Denver Nuggets,117.8,112.3,5.5,97.43,20.9,0.13,0.562,0.562,0.224,0.13,0.3,0.526,0.252,0.127,0.282,24.5,West,2,57,25,0.695,True,True,True,0.8620689655172413,0.2413793103448276,0.896551724137931,0.13793103448275862,0.9655172413793104,0.27586206896551724,0.7586206896551724,0.7586206896551724,0.1724137931034483,0.27586206896551724,0.8275862068965517,0.06896551724137931,0.6551724137931034,0.13793103448275862,0.4827586206896552,1.0,2,False,0.896551724137931,0.6896551724137931,0.7241379310344828,0.7586206896551724,1.0,0.3448275862068966,0.9655172413793104,0.9655172413793104,0.8620689655172413,0.3448275862068966,0.7931034482758621,0.5172413793103449,0.10344827586206896,0.10344827586206896,0.41379310344827586,0.9310344827586207,True,True,0.034482758620689724,0.4482758620689655,-0.1724137931034483,0.6206896551724137,0.03448275862068961,0.06896551724137934,0.206896551724138,0.206896551724138,0.689655172413793,0.06896551724137934,-0.03448275862068961,0.4482758620689655,-0.5517241379310345,-0.034482758620689655,-0.06896551724137934,-0.06896551724137934,0,,,0.0,False
1610612737,2018,2018-19,Atlanta Hawks,107.5,113.1,-5.5,104.56,17.7,0.162,0.522,0.522,0.255,0.162,0.284,0.541,0.313,0.143,0.282,4.7,East,12,29,53,0.354,False,False,False,0.2413793103448276,0.9310344827586207,0.13793103448275862,1.0,0.4827586206896552,1.0,0.4482758620689655,0.4482758620689655,0.41379310344827586,1.0,0.7586206896551724,0.8620689655172413,0.9655172413793104,0.6206896551724138,0.7931034482758621,0.7586206896551724,26,True,0.1724137931034483,0.9310344827586207,0.06896551724137931,0.7931034482758621,0.27586206896551724,0.896551724137931,0.1724137931034483,0.1724137931034483,0.3793103448275862,0.896551724137931,0.4827586206896552,0.7931034482758621,0.9655172413793104,0.4827586206896552,0.9655172413793104,0.41379310344827586,False,False,-0.06896551724137931,0.0,-0.06896551724137931,-0.2068965517241379,-0.20689655172413796,-0.10344827586206895,-0.27586206896551724,-0.27586206896551724,-0.03448275862068967,-0.10344827586206895,-0.2758620689655172,-0.06896551724137923,0.0,-0.13793103448275862,0.1724137931034483,-0.3448275862068965,3,4.0,2017.935,4281.208333333333,False
1610612752,2022,2022-23,New York Knicks,117.0,114.2,2.8,97.75,16.6,0.131,0.541,0.541,0.285,0.131,0.318,0.536,0.269,0.129,0.273,-10.7,East,5,47,35,0.573,True,True,True,0.896551724137931,0.6206896551724138,0.7931034482758621,0.13793103448275862,0.034482758620689655,0.13793103448275862,0.3448275862068966,0.3448275862068966,0.7586206896551724,0.13793103448275862,0.9655172413793104,0.2413793103448276,0.5517241379310345,0.1724137931034483,0.3103448275862069,0.06896551724137931,8,False,0.7931034482758621,0.27586206896551724,0.8620689655172413,0.0,0.06896551724137931,0.5862068965517241,0.4827586206896552,0.4827586206896552,0.5172413793103449,0.5862068965517241,1.0,0.41379310344827586,0.20689655172413793,0.4482758620689655,0.1724137931034483,0.7931034482758621,True,True,-0.10344827586206895,-0.3448275862068966,0.06896551724137923,-0.13793103448275862,0.034482758620689655,0.44827586206896547,0.13793103448275862,0.13793103448275862,-0.2413793103448275,0.44827586206896547,0.03448275862068961,0.17241379310344826,-0.3448275862068966,0.27586206896551724,-0.13793103448275862,0.7241379310344828,0,,,0.0,False
1610612746,2022,2022-23,LA Clippers,114.0,113.6,0.5,98.84,17.5,0.143,0.551,0.551,0.278,0.143,0.273,0.543,0.253,0.13,0.269,5.1,West,5,44,38,0.537,True,True,True,0.41379310344827586,0.5517241379310345,0.4482758620689655,0.3103448275862069,0.2413793103448276,0.5862068965517241,0.6551724137931034,0.6551724137931034,0.6551724137931034,0.5862068965517241,0.3103448275862069,0.4482758620689655,0.13793103448275862,0.20689655172413793,0.1724137931034483,0.7931034482758621,11,False,0.896551724137931,0.5172413793103449,0.7931034482758621,0.3448275862068966,0.41379310344827586,0.4482758620689655,0.7241379310344828,0.7241379310344828,0.6896551724137931,0.4482758620689655,0.4482758620689655,0.3448275862068966,0.3103448275862069,0.3448275862068966,0.7931034482758621,0.8275862068965517,True,True,0.4827586206896552,-0.03448275862068961,0.3448275862068966,0.03448275862068967,0.17241379310344826,-0.13793103448275856,0.06896551724137934,0.06896551724137934,0.034482758620689724,-0.13793103448275856,0.13793103448275862,-0.10344827586206895,0.1724137931034483,0.13793103448275865,0.6206896551724138,0.03448275862068961,2,30.0,393.99833333333333,422.19,True
1610612752,2024,2024-25,New York Knicks,117.3,113.3,4.0,97.64,19.6,0.134,0.556,0.556,0.232,0.134,0.305,0.549,0.223,0.147,0.29,3.8,East,3,51,31,0.622,True,True,True,0.8620689655172413,0.41379310344827586,0.7586206896551724,0.13793103448275862,0.6896551724137931,0.20689655172413793,0.7241379310344828,0.7241379310344828,0.1724137931034483,0.20689655172413793,0.6896551724137931,0.7241379310344828,0.1724137931034483,0.5862068965517241,0.3793103448275862,0.5862068965517241,5,False,0.896551724137931,0.20689655172413793,0.8620689655172413,0.1724137931034483,0.6551724137931034,0.3103448275862069,0.7241379310344828,0.7241379310344828,0.1724137931034483,0.3103448275862069,0.7931034482758621,0.3103448275862069,0.5517241379310345,0.5172413793103449,0.10344827586206896,0.9310344827586207,True,True,0.034482758620689724,-0.20689655172413793,0.10344827586206895,0.03448275862068967,-0.034482758620689724,0.10344827586206898,0.0,0.0,0.0,0.10344827586206898,0.10344827586206895,-0.41379310344827586,0.3793103448275862,-0.06896551724137923,-0.27586206896551724,0.3448275862068966,1,51.0,634.1516666666666,634.1516666666666,False
1610612744,2025,2025-26,Golden State Warriors,113.8,114.4,-0.5,100.05,20.0,0.156,0.549,0.549,0.238,0.156,0.302,0.553,0.247,0.158,0.316,2.7,West,10,37,45,0.451,False,True,False,0.3793103448275862,0.5172413793103449,0.3448275862068966,0.41379310344827586,0.896551724137931,0.8620689655172413,0.5862068965517241,0.5862068965517241,0.1724137931034483,0.8620689655172413,0.5517241379310345,0.6551724137931034,0.2413793103448276,0.8620689655172413,0.7931034482758621,0.6551724137931034,20,False,,,,,,,,,,,,,,,,,,,,,,,,,,,,,,,,,,,0,,,0.0,False
1610612745,2016,2016-17,Houston Rockets,114.1,108.4,5.7,100.55,18.1,0.15,0.545,0.545,0.304,0.15,0.281,0.519,0.25,0.149,0.283,-6.5,West,3,55,27,0.671,True,True,True,0.9655172413793104,0.5517241379310345,0.9310344827586207,0.9310344827586207,0.8275862068965517,0.7241379310344828,0.9310344827586207,0.9310344827586207,0.9655172413793104,0.7241379310344828,0.5172413793103449,0.6896551724137931,0.2413793103448276,0.6551724137931034,0.5862068965517241,0.41379310344827586,3,False,1.0,0.1724137931034483,1.0,0.5517241379310345,0.13793103448275862,0.3103448275862069,0.9655172413793104,0.9655172413793104,0.9310344827586207,0.3103448275862069,0.2413793103448276,0.41379310344827586,0.1724137931034483,0.6551724137931034,0.10344827586206896,1.0,True,True,0.03448275862068961,-0.3793103448275862,0.06896551724137934,-0.3793103448275862,-0.6896551724137931,-0.41379310344827586,0.034482758620689724,0.034482758620689724,-0.034482758620689724,-0.41379310344827586,-0.27586206896551724,-0.2758620689655173,-0.06896551724137931,0.0,-0.48275862068965514,0.5862068965517242,0,,,0.0,True
1610612740,2019,2019-20,New Orleans Pelicans,110.5,111.8,-1.3,103.89,18.4,0.156,0.539,0.539,0.256,0.156,0.287,0.532,0.268,0.139,0.271,-23.3,West,13,30,42,0.417,False,False,False,0.5172413793103449,0.6896551724137931,0.3448275862068966,0.896551724137931,0.7931034482758621,0.9655172413793104,0.8275862068965517,0.8275862068965517,0.3103448275862069,0.9655172413793104,0.896551724137931,0.5172413793103449,0.5517241379310345,0.3448275862068966,0.5862068965517241,0.034482758620689655,21,True,0.6551724137931034,0.7586206896551724,0.41379310344827586,0.6896551724137931,0.6551724137931034,0.6896551724137931,0.4482758620689655,0.4482758620689655,0.9655172413793104,0.6896551724137931,1.0,0.8275862068965517,0.27586206896551724,0.3793103448275862,0.06896551724137931,0.6896551724137931,False,False,0.13793103448275856,0.06896551724137923,0.06896551724137928,-0.2068965517241379,-0.13793103448275867,-0.27586206896551724,-0.3793103448275862,-0.3793103448275862,0.6551724137931034,-0.27586206896551724,0.10344827586206895,0.31034482758620685,-0.27586206896551724,0.03448275862068961,-0.5172413793103448,0.6551724137931035,1,13.0,904.4433333333334,904.4433333333334,False
1610612738,2025,2025-26,Boston Celtics,120.0,111.7,8.3,95.58,18.0,0.129,0.553,0.553,0.207,0.129,0.336,0.523,0.245,0.129,0.29,1.9,East,2,56,26,0.683,True,True,True,0.9655172413793104,0.10344827586206896,0.896551724137931,0.0,0.27586206896551724,0.06896551724137931,0.6551724137931034,0.6551724137931034,0.0,0.06896551724137931,0.8620689655172413,0.10344827586206896,0.1724137931034483,0.10344827586206896,0.13793103448275862,0.5862068965517241,4,False,,,,,,,,,,,,,,,,,,,,,,,,,,,,,,,,,,,0,,,0.0,False
1610612746,2019,2019-20,LA Clippers,113.3,106.9,6.3,102.16,16.9,0.142,0.535,0.535,0.295,0.142,0.278,0.506,0.272,0.137,0.263,8.3,West,2,49,23,0.681,True,True,True,0.9655172413793104,0.13793103448275862,0.9310344827586207,0.7586206896551724,0.27586206896551724,0.3448275862068966,0.6896551724137931,0.6896551724137931,0.9655172413793104,0.3448275862068966,0.6896551724137931,0.06896551724137931,0.6206896551724138,0.2413793103448276,0.3103448275862069,0.7241379310344828,4,False,0.9310344827586207,0.2413793103448276,0.9655172413793104,0.06896551724137931,0.6206896551724138,0.4482758620689655,0.896551724137931,0.896551724137931,0.10344827586206896,0.4482758620689655,0.6206896551724138,0.20689655172413793,0.3793103448275862,0.3793103448275862,0.13793103448275862,0.3793103448275862,True,True,-0.034482758620689724,0.10344827586206898,0.034482758620689724,-0.689655172413793,0.3448275862068966,0.10344827586206895,0.2068965517241379,0.2068965517241379,-0.8620689655172414,0.10344827586206895,-0.06896551724137934,0.13793103448275862,-0.24137931034482762,0.1379310344827586,-0.1724137931034483,-0.3448275862068966,2,33.0,160.90333333333334,245.08666666666667,True
1610612764,2019,2019-20,Washington Wizards,110.2,114.7,-4.5,103.38,17.6,0.136,0.523,0.523,0.27,0.136,0.262,0.558,0.297,0.156,0.288,-16.8,East,9,25,47,0.347,False,True,False,0.4827586206896552,0.9655172413793104,0.1724137931034483,0.8620689655172413,0.4827586206896552,0.1724137931034483,0.3103448275862069,0.3103448275862069,0.7241379310344828,0.1724137931034483,0.3793103448275862,0.9655172413793104,0.896551724137931,0.896551724137931,0.896551724137931,0.10344827586206896,23,True,0.4482758620689655,0.6551724137931034,0.27586206896551724,1.0,0.41379310344827586,0.5172413793103449,0.3448275862068966,0.3448275862068966,0.9310344827586207,0.5172413793103449,0.20689655172413793,0.4827586206896552,0.9310344827586207,0.5172413793103449,0.4827586206896552,0.7241379310344828,True,True,-0.03448275862068967,-0.31034482758620696,0.10344827586206895,0.13793103448275867,-0.06896551724137934,0.3448275862068966,0.03448275862068967,0.03448275862068967,0.2068965517241379,0.3448275862068966,-0.17241379310344826,-0.4827586206896552,0.03448275862068961,-0.3793103448275862,-0.41379310344827586,0.6206896551724138,2,9.0,1256.8766666666668,1355.0716666666667,True
1610612747,2023,2023-24,Los Angeles Lakers,115.4,114.8,0.6,101.38,20.1,0.137,0.566,0.566,0.276,0.137,0.244,0.55,0.192,0.131,0.275,10.3,West,8,47,35,0.573,True,True,True,0.5172413793103449,0.5517241379310345,0.3793103448275862,0.896551724137931,0.8275862068965517,0.5517241379310345,0.8620689655172413,0.8620689655172413,0.9655172413793104,0.5517241379310345,0.034482758620689655,0.5862068965517241,0.034482758620689655,0.27586206896551724,0.2413793103448276,0.7241379310344828,12,False,0.6551724137931034,0.5517241379310345,0.5517241379310345,0.3448275862068966,0.5172413793103449,0.5172413793103449,0.7586206896551724,0.7586206896551724,1.0,0.5172413793103449,0.2413793103448276,0.3103448275862069,0.2413793103448276,0.3448275862068966,0.6551724137931034,0.5862068965517241,True,True,0.13793103448275856,0.0,0.1724137931034483,-0.5517241379310345,-0.31034482758620685,-0.03448275862068961,-0.10344827586206895,-0.10344827586206895,0.03448275862068961,-0.03448275862068961,0.20689655172413796,-0.2758620689655172,0.20689655172413796,0.06896551724137934,0.4137931034482758,-0.13793103448275867,2,17.0,1493.795,1675.0383333333334,True
1610612751,2020,2020-21,Brooklyn Nets,117.3,113.1,4.2,100.27,19.3,0.134,0.575,0.575,0.258,0.134,0.252,0.531,0.241,0.125,0.274,9.5,East,2,48,24,0.667,True,True,True,1.0,0.7241379310344828,0.7931034482758621,0.6551724137931034,0.8620689655172413,0.3793103448275862,1.0,1.0,0.7586206896551724,0.3793103448275862,0.2413793103448276,0.20689655172413793,0.41379310344827586,0.06896551724137931,0.7586206896551724,0.7931034482758621,4,False,0.6896551724137931,0.6551724137931034,0.5172413793103449,0.6551724137931034,0.7241379310344828,0.5517241379310345,0.6551724137931034,0.6551724137931034,0.41379310344827586,0.5517241379310345,0.7241379310344828,0.1724137931034483,0.6551724137931034,0.3103448275862069,1.0,0.7586206896551724,True,True,-0.31034482758620685,-0.06896551724137934,-0.27586206896551724,0.0,-0.13793103448275856,0.1724137931034483,-0.3448275862068966,-0.3448275862068966,-0.3448275862068965,0.1724137931034483,0.48275862068965514,-0.03448275862068964,0.24137931034482757,0.2413793103448276,0.24137931034482762,-0.034482758620689724,3,27.0,1176.06,2553.925,False
1610612738,2021,2021-22,Boston Celtics,113.6,106.2,7.4,97.26,18.2,0.139,0.542,0.542,0.239,0.139,0.277,0.502,0.234,0.14,0.275,-9.5,East,2,51,31,0.622,True,True,True,0.7241379310344828,0.0,0.9655172413793104,0.20689655172413793,0.6896551724137931,0.41379310344827586,0.7241379310344828,0.7241379310344828,0.27586206896551724,0.41379310344827586,0.6206896551724138,0.0,0.27586206896551724,0.6551724137931034,0.5172413793103449,0.13793103448275862,6,False,0.9655172413793104,0.034482758620689655,1.0,0.3448275862068966,0.8620689655172413,0.1724137931034483,0.896551724137931,0.896551724137931,0.10344827586206896,0.1724137931034483,0.10344827586206896,0.06896551724137931,0.06896551724137931,0.13793103448275862,0.0,0.7586206896551724,True,True,0.24137931034482762,0.034482758620689655,0.03448275862068961,0.13793103448275865,0.17241379310344818,-0.24137931034482757,0.1724137931034483,0.1724137931034483,-0.1724137931034483,-0.24137931034482757,-0.5172413793103449,0.06896551724137931,-0.20689655172413793,-0.5172413793103448,-0.5172413793103449,0.6206896551724137,1,53.0,65.70666666666666,65.70666666666666,False
1610612754,2021,2021-22,Indiana Pacers,111.9,115.5,-3.6,98.55,18.1,0.145,0.531,0.531,0.239,0.145,0.31,0.552,0.256,0.133,0.275,-20.2,East,13,25,57,0.305,False,False,False,0.41379310344827586,0.9310344827586207,0.20689655172413793,0.41379310344827586,0.5517241379310345,0.7931034482758621,0.3448275862068966,0.3448275862068966,0.27586206896551724,0.7931034482758621,0.9310344827586207,0.9310344827586207,0.6896551724137931,0.3103448275862069,0.5172413793103449,0.034482758620689655,26,True,0.3103448275862069,0.8620689655172413,0.1724137931034483,0.8620689655172413,0.7931034482758621,0.7241379310344828,0.4827586206896552,0.4827586206896552,0.5172413793103449,0.7241379310344828,0.5862068965517241,0.7586206896551724,0.8275862068965517,0.7241379310344828,1.0,0.3793103448275862,False,False,-0.10344827586206895,-0.06896551724137934,-0.03448275862068964,0.44827586206896547,0.24137931034482762,-0.06896551724137934,0.13793103448275862,0.13793103448275862,0.24137931034482762,-0.06896551724137934,-0.3448275862068966,-0.1724137931034483,0.13793103448275856,0.41379310344827586,0.48275862068965514,0.3448275862068965,3,6.0,2222.38,4336.206666666667,False
1610612741,2017,2017-18,Chicago Bulls,103.4,110.5,-7.0,98.65,17.3,0.141,0.497,0.497,0.216,0.141,0.256,0.542,0.233,0.136,0.233,-1.3,East,13,27,55,0.329,False,False,False,0.06896551724137931,0.9310344827586207,0.06896551724137931,0.6551724137931034,0.5517241379310345,0.3103448275862069,0.034482758620689655,0.034482758620689655,0.034482758620689655,0.3103448275862069,0.27586206896551724,0.9655172413793104,0.2413793103448276,0.13793103448275862,0.0,0.4482758620689655,24,True,0.034482758620689655,0.8275862068965517,0.10344827586206896,0.3448275862068966,0.10344827586206896,0.6206896551724138,0.06896551724137931,0.06896551724137931,0.13793103448275862,0.6206896551724138,0.0,0.8620689655172413,0.27586206896551724,0.41379310344827586,0.5172413793103449,0.1724137931034483,False,False,-0.034482758620689655,-0.10344827586206895,0.034482758620689655,-0.31034482758620685,-0.4482758620689655,0.3103448275862069,0.034482758620689655,0.034482758620689655,0.10344827586206896,0.3103448275862069,-0.27586206896551724,-0.10344827586206906,0.03448275862068964,0.27586206896551724,0.5172413793103449,-0.27586206896551724,2,7.0,1109.8,2004.415,False
1610612745,2022,2022-23,Houston Rockets,110.5,118.6,-8.1,99.74,16.0,0.162,0.516,0.516,0.285,0.162,0.344,0.564,0.275,0.132,0.271,-8.1,West,14,22,60,0.268,False,False,False,0.10344827586206896,0.9655172413793104,0.034482758620689655,0.5517241379310345,0.0,1.0,0.0,0.0,0.7586206896551724,1.0,1.0,0.9310344827586207,0.6206896551724138,0.2413793103448276,0.27586206896551724,0.20689655172413793,28,True,0.3448275862068966,0.3103448275862069,0.41379310344827586,0.5862068965517241,0.034482758620689655,0.20689655172413793,0.10344827586206896,0.10344827586206896,0.7241379310344828,0.20689655172413793,0.7586206896551724,0.13793103448275862,0.9655172413793104,0.5172413793103449,0.3793103448275862,0.27586206896551724,False,False,0.24137931034482762,-0.6551724137931034,0.3793103448275862,0.03448275862068961,0.034482758620689655,-0.7931034482758621,0.10344827586206896,0.10344827586206896,-0.03448275862068961,-0.7931034482758621,-0.24137931034482762,-0.7931034482758621,0.3448275862068966,0.27586206896551724,0.10344827586206895,0.06896551724137931,2,4.0,1388.5316666666668,2268.8650000000002,True
1610612748,2025,2025-26,Miami Heat,115.8,113.6,2.1,104.22,19.5,0.131,0.542,0.542,0.268,0.131,0.296,0.54,0.24,0.144,0.297,-6.1,East,10,43,39,0.524,False,True,False,0.6206896551724138,0.41379310344827586,0.5862068965517241,1.0,0.7241379310344828,0.10344827586206896,0.41379310344827586,0.41379310344827586,0.5517241379310345,0.10344827586206896,0.3793103448275862,0.20689655172413793,0.10344827586206896,0.4482758620689655,0.2413793103448276,0.3103448275862069,17,False,,,,,,,,,,,,,,,,,,,,,,,,,,,,,,,,,,,0,,,0.0,False
1610612749,2025,2025-26,Milwaukee Bucks,112.2,118.3,-6.1,98.33,18.9,0.154,0.565,0.565,0.223,0.154,0.263,0.558,0.274,0.132,0.305,7.1,East,11,32,50,0.39,False,False,False,0.20689655172413793,0.8620689655172413,0.1724137931034483,0.2413793103448276,0.5517241379310345,0.8275862068965517,0.9310344827586207,0.9310344827586207,0.034482758620689655,0.8275862068965517,0.0,0.8275862068965517,0.6551724137931034,0.20689655172413793,0.4482758620689655,0.7241379310344828,21,True,,,,,,,,,,,,,,,,,,,,,,,,,,,,,,,,,,,0,,,0.0,False
1610612755,2017,2017-18,Philadelphia 76ers,108.5,103.9,4.6,100.75,19.1,0.163,0.535,0.535,0.263,0.163,0.286,0.492,0.293,0.141,0.264,13.9,East,3,52,30,0.634,True,True,True,0.5862068965517241,0.06896551724137931,0.896551724137931,0.896551724137931,0.9655172413793104,1.0,0.7931034482758621,0.7931034482758621,0.6896551724137931,1.0,0.8620689655172413,0.0,0.9655172413793104,0.3103448275862069,0.3448275862068966,0.896551724137931,5,False,0.7586206896551724,0.4482758620689655,0.6551724137931034,0.7586206896551724,0.8620689655172413,0.7931034482758621,0.7586206896551724,0.7586206896551724,0.9655172413793104,0.7931034482758621,0.6551724137931034,0.1724137931034483,0.7241379310344828,0.034482758620689655,0.20689655172413793,0.5172413793103449,True,True,0.1724137931034483,0.3793103448275862,-0.24137931034482762,-0.13793103448275867,-0.10344827586206906,-0.2068965517241379,-0.034482758620689724,-0.034482758620689724,0.27586206896551724,-0.2068965517241379,-0.2068965517241379,0.1724137931034483,-0.24137931034482762,-0.27586206896551724,-0.13793103448275865,-0.3793103448275862,2,16.0,268.225,378.8416666666667,True
1610612750,2022,2022-23,Minnesota Timberwolves,113.3,113.1,0.2,101.55,18.6,0.15,0.56,0.56,0.271,0.15,0.258,0.54,0.293,0.15,0.297,1.8,West,8,42,40,0.512,True,True,True,0.2413793103448276,0.3103448275862069,0.41379310344827586,0.7931034482758621,0.6551724137931034,0.8275862068965517,0.7586206896551724,0.7586206896551724,0.6206896551724138,0.8275862068965517,0.13793103448275862,0.27586206896551724,0.9310344827586207,0.8275862068965517,0.8620689655172413,0.5172413793103449,15,False,0.4482758620689655,0.0,0.9310344827586207,0.2413793103448276,0.5517241379310345,0.7586206896551724,0.6896551724137931,0.6896551724137931,0.8620689655172413,0.7586206896551724,0.3103448275862069,0.0,0.6551724137931034,0.8275862068965517,0.2413793103448276,0.10344827586206896,True,True,0.20689655172413793,-0.3103448275862069,0.5172413793103448,-0.5517241379310345,-0.10344827586206895,-0.06896551724137934,-0.06896551724137923,-0.06896551724137923,0.2413793103448275,-0.06896551724137934,0.1724137931034483,-0.27586206896551724,-0.27586206896551724,0.0,-0.6206896551724137,-0.4137931034482759,1,33.0,52.4,52.4,False
1610612748,2019,2019-20,Miami Heat,111.9,109.3,2.7,98.7,18.8,0.149,0.547,0.547,0.299,0.149,0.257,0.523,0.272,0.14,0.247,-14.0,East,5,44,29,0.603,True,True,True,0.7586206896551724,0.3793103448275862,0.7586206896551724,0.10344827586206896,0.896551724137931,0.7241379310344828,0.9310344827586207,0.9310344827586207,1.0,0.7241379310344828,0.2413793103448276,0.3448275862068966,0.6206896551724138,0.3793103448275862,0.034482758620689655,0.20689655172413793,11,False,0.41379310344827586,0.27586206896551724,0.4482758620689655,0.034482758620689655,0.9310344827586207,0.6896551724137931,0.6551724137931034,0.6551724137931034,0.6551724137931034,0.6896551724137931,0.034482758620689655,0.6206896551724138,0.20689655172413793,0.9310344827586207,0.5862068965517241,0.2413793103448276,True,True,-0.3448275862068965,-0.10344827586206895,-0.31034482758620685,-0.06896551724137931,0.03448275862068961,-0.03448275862068961,-0.27586206896551724,-0.27586206896551724,-0.3448275862068966,-0.03448275862068961,-0.20689655172413796,0.27586206896551724,-0.4137931034482759,0.5517241379310345,0.5517241379310345,0.03448275862068967,1,20.0,737.0833333333334,737.0833333333334,True
1610612759,2022,2022-23,San Antonio Spurs,109.7,119.6,-9.9,102.07,18.7,0.148,0.525,0.525,0.229,0.148,0.299,0.576,0.26,0.135,0.291,-10.4,West,15,22,60,0.268,False,False,False,0.034482758620689655,1.0,0.0,0.9655172413793104,0.7586206896551724,0.7931034482758621,0.13793103448275862,0.13793103448275862,0.034482758620689655,0.7931034482758621,0.7931034482758621,1.0,0.3103448275862069,0.3448275862068966,0.7931034482758621,0.10344827586206896,28,True,0.13793103448275862,0.6896551724137931,0.1724137931034483,0.9310344827586207,0.9310344827586207,0.7931034482758621,0.20689655172413793,0.20689655172413793,0.06896551724137931,0.7931034482758621,0.2413793103448276,0.6551724137931034,0.10344827586206896,0.27586206896551724,0.41379310344827586,0.1724137931034483,False,False,0.10344827586206896,-0.31034482758620685,0.1724137931034483,-0.034482758620689724,0.1724137931034483,0.0,0.06896551724137931,0.06896551724137931,0.034482758620689655,0.0,-0.5517241379310345,-0.3448275862068966,-0.20689655172413796,-0.06896551724137934,-0.37931034482758624,0.06896551724137932,2,1.0,2106.235,2247.1533333333336,False
1610612743,2017,2017-18,Denver Nuggets,111.4,110.0,1.4,97.69,18.2,0.151,0.536,0.536,0.258,0.151,0.3,0.539,0.235,0.14,0.264,0.0,West,9,46,36,0.561,False,True,False,0.8275862068965517,0.7586206896551724,0.6551724137931034,0.5172413793103449,0.8620689655172413,0.7241379310344828,0.8275862068965517,0.8275862068965517,0.5862068965517241,0.7241379310344828,0.9655172413793104,0.8620689655172413,0.27586206896551724,0.2413793103448276,0.3448275862068966,0.5172413793103449,14,False,0.7931034482758621,0.3103448275862069,0.7586206896551724,0.13793103448275862,0.9655172413793104,0.3103448275862069,0.5172413793103449,0.5172413793103449,0.10344827586206896,0.3103448275862069,0.9655172413793104,0.4482758620689655,0.5517241379310345,0.4827586206896552,0.13793103448275862,0.9310344827586207,True,True,-0.03448275862068961,-0.44827586206896547,0.10344827586206895,-0.37931034482758624,0.10344827586206906,-0.41379310344827586,-0.31034482758620685,-0.31034482758620685,-0.48275862068965514,-0.41379310344827586,0.0,-0.4137931034482758,0.27586206896551724,0.2413793103448276,-0.20689655172413796,0.4137931034482758,2,41.0,69.18666666666667,105.49333333333334,True
1610612747,2021,2021-22,Los Angeles Lakers,110.0,112.8,-2.9,100.47,17.3,0.142,0.537,0.537,0.259,0.142,0.256,0.54,0.257,0.138,0.28,-3.6,West,11,33,49,0.402,False,False,False,0.27586206896551724,0.6896551724137931,0.27586206896551724,0.7931034482758621,0.2413793103448276,0.6206896551724138,0.5172413793103449,0.5172413793103449,0.7586206896551724,0.6206896551724138,0.1724137931034483,0.6896551724137931,0.7241379310344828,0.5517241379310345,0.6896551724137931,0.3448275862068966,23,True,0.3793103448275862,0.3793103448275862,0.4827586206896552,0.896551724137931,0.41379310344827586,0.3448275862068966,0.41379310344827586,0.41379310344827586,0.9655172413793104,0.3448275862068966,0.27586206896551724,0.1724137931034483,0.0,0.034482758620689655,0.3103448275862069,0.5862068965517241,True,True,0.10344827586206895,-0.31034482758620696,0.20689655172413796,0.10344827586206895,0.17241379310344826,-0.27586206896551724,-0.103448275862069,-0.103448275862069,0.206896551724138,-0.27586206896551724,0.10344827586206895,-0.5172413793103449,-0.7241379310344828,-0.5172413793103449,-0.37931034482758624,0.2413793103448275,1,35.0,512.425,512.425,False
1610612753,2016,2016-17,Orlando Magic,103.7,110.3,-6.5,96.9,16.8,0.137,0.489,0.489,0.246,0.137,0.267,0.523,0.263,0.134,0.274,-10.8,East,13,29,53,0.354,False,False,False,0.06896551724137931,0.7931034482758621,0.034482758620689655,0.5517241379310345,0.3793103448275862,0.2413793103448276,0.034482758620689655,0.034482758620689655,0.10344827586206896,0.2413793103448276,0.3448275862068966,0.7241379310344828,0.3793103448275862,0.2413793103448276,0.3793103448275862,0.13793103448275862,26,True,0.1724137931034483,0.6551724137931034,0.1724137931034483,0.6206896551724138,0.6896551724137931,0.5517241379310345,0.27586206896551724,0.27586206896551724,0.3103448275862069,0.5517241379310345,0.1724137931034483,0.5517241379310345,0.3793103448275862,0.4827586206896552,0.9310344827586207,0.3448275862068966,False,False,0.10344827586206898,-0.13793103448275867,0.13793103448275862,0.06896551724137934,0.31034482758620696,0.31034482758620685,0.24137931034482757,0.24137931034482757,0.20689655172413796,0.31034482758620685,-0.1724137931034483,-0.1724137931034483,0.0,0.2413793103448276,0.5517241379310345,0.20689655172413796,2,6.0,1020.305,1555.7166666666667,False
1610612761,2025,2025-26,Toronto Raptors,115.0,112.1,2.9,99.22,20.5,0.137,0.546,0.546,0.265,0.137,0.3,0.54,0.279,0.161,0.307,7.7,East,5,46,36,0.561,True,True,True,0.5172413793103449,0.13793103448275862,0.6551724137931034,0.27586206896551724,1.0,0.20689655172413793,0.4827586206896552,0.4827586206896552,0.4827586206896552,0.20689655172413793,0.4827586206896552,0.20689655172413793,0.7586206896551724,0.896551724137931,0.5172413793103449,0.7586206896551724,11,False,,,,,,,,,,,,,,,,,,,,,,,,,,,,,,,,,,,0,,,0.0,False
1610612762,2024,2024-25,Utah Jazz,110.2,119.4,-9.2,100.85,17.9,0.17,0.533,0.533,0.252,0.17,0.311,0.559,0.243,0.116,0.295,-21.1,West,15,17,65,0.207,False,False,False,0.20689655172413793,1.0,0.06896551724137931,0.8275862068965517,0.20689655172413793,1.0,0.3103448275862069,0.3103448275862069,0.7586206896551724,1.0,0.7931034482758621,0.896551724137931,0.4827586206896552,0.0,0.5172413793103449,0.0,30,True,0.27586206896551724,0.9655172413793104,0.10344827586206896,0.9655172413793104,0.8620689655172413,0.7241379310344828,0.3448275862068966,0.3448275862068966,0.6896551724137931,0.7241379310344828,0.41379310344827586,1.0,0.9310344827586207,0.3793103448275862,0.5172413793103449,0.3793103448275862,False,False,0.06896551724137931,-0.03448275862068961,0.034482758620689655,0.13793103448275867,0.6551724137931034,-0.27586206896551724,0.03448275862068967,0.03448275862068967,-0.06896551724137923,-0.27586206896551724,-0.37931034482758624,0.10344827586206895,0.44827586206896547,0.3793103448275862,0.0,0.3793103448275862,1,5.0,1987.6433333333334,1987.6433333333334,True
1610612737,2017,2017-18,Atlanta Hawks,104.4,110.1,-5.7,98.76,17.6,0.157,0.512,0.512,0.236,0.157,0.263,0.536,0.237,0.153,0.281,-8.0,East,15,24,58,0.293,False,False,False,0.13793103448275862,0.7931034482758621,0.13793103448275862,0.7586206896551724,0.7586206896551724,0.9655172413793104,0.27586206896551724,0.27586206896551724,0.2413793103448276,0.9655172413793104,0.3793103448275862,0.8275862068965517,0.3103448275862069,0.7931034482758621,0.8620689655172413,0.1724137931034483,27,True,0.2413793103448276,0.9310344827586207,0.13793103448275862,1.0,0.4827586206896552,1.0,0.4482758620689655,0.4482758620689655,0.41379310344827586,1.0,0.7586206896551724,0.8620689655172413,0.9655172413793104,0.6206896551724138,0.7931034482758621,0.7586206896551724,False,False,0.10344827586206898,0.13793103448275856,0.0,0.24137931034482762,-0.2758620689655172,0.03448275862068961,0.1724137931034483,0.1724137931034483,0.17241379310344826,0.03448275862068961,0.3793103448275862,0.03448275862068961,0.6551724137931034,-0.1724137931034483,-0.06896551724137923,0.5862068965517241,3,5.0,2503.2816666666668,5356.3533333333335,False
1610612755,2023,2023-24,Philadelphia 76ers,116.2,113.0,3.1,98.17,18.0,0.122,0.532,0.532,0.264,0.122,0.292,0.537,0.271,0.148,0.299,4.7,East,7,47,35,0.573,True,True,True,0.5517241379310345,0.3448275862068966,0.7241379310344828,0.41379310344827586,0.13793103448275862,0.034482758620689655,0.20689655172413793,0.20689655172413793,0.8275862068965517,0.034482758620689655,0.6896551724137931,0.2413793103448276,0.8620689655172413,0.896551724137931,0.8275862068965517,0.6551724137931034,12,False,0.2413793103448276,0.8620689655172413,0.1724137931034483,0.20689655172413793,0.06896551724137931,0.2413793103448276,0.27586206896551724,0.27586206896551724,0.8275862068965517,0.2413793103448276,0.3103448275862069,1.0,0.5172413793103449,0.9310344827586207,1.0,0.10344827586206896,False,False,-0.31034482758620685,0.5172413793103448,-0.5517241379310345,-0.20689655172413793,-0.06896551724137931,0.20689655172413796,0.06896551724137931,0.06896551724137931,0.0,0.20689655172413796,-0.37931034482758624,0.7586206896551724,-0.34482758620689646,0.03448275862068961,0.1724137931034483,-0.5517241379310345,2,16.0,904.55,1496.3416666666667,True
1610612742,2024,2024-25,Dallas Mavericks,113.7,115.0,-1.3,100.15,18.2,0.14,0.549,0.549,0.263,0.14,0.271,0.54,0.23,0.132,0.306,-1.9,West,10,39,43,0.476,False,True,False,0.41379310344827586,0.6551724137931034,0.3793103448275862,0.6206896551724138,0.2413793103448276,0.3448275862068966,0.5517241379310345,0.5517241379310345,0.896551724137931,0.3448275862068966,0.1724137931034483,0.41379310344827586,0.2413793103448276,0.2413793103448276,0.8275862068965517,0.41379310344827586,18,False,0.10344827586206896,0.6206896551724138,0.27586206896551724,0.896551724137931,0.1724137931034483,0.41379310344827586,0.06896551724137931,0.06896551724137931,0.8275862068965517,0.41379310344827586,0.10344827586206896,0.5862068965517241,0.06896551724137931,0.10344827586206896,0.27586206896551724,0.2413793103448276,False,False,-0.3103448275862069,-0.03448275862068961,-0.10344827586206895,0.27586206896551724,-0.06896551724137931,0.06896551724137928,-0.48275862068965514,-0.48275862068965514,-0.06896551724137934,0.06896551724137928,-0.06896551724137932,0.17241379310344823,-0.1724137931034483,-0.13793103448275862,-0.5517241379310345,-0.17241379310344826,1,1.0,2343.858333333333,2343.858333333333,False
1610612744,2016,2016-17,Golden State Warriors,114.8,103.4,11.4,100.37,21.2,0.146,0.563,0.563,0.259,0.146,0.272,0.486,0.261,0.154,0.291,7.4,West,1,67,15,0.817,True,True,True,1.0,0.034482758620689655,1.0,0.896551724137931,1.0,0.5862068965517241,1.0,1.0,0.27586206896551724,0.5862068965517241,0.4482758620689655,0.0,0.3448275862068966,0.8620689655172413,0.8620689655172413,0.6551724137931034,1,False,0.9310344827586207,0.3448275862068966,0.9310344827586207,0.8620689655172413,1.0,0.8275862068965517,1.0,1.0,0.3448275862068966,0.8275862068965517,0.06896551724137931,0.13793103448275862,0.41379310344827586,0.4482758620689655,0.9655172413793104,0.8275862068965517,True,True,-0.06896551724137934,0.3103448275862069,-0.06896551724137934,-0.034482758620689724,0.0,0.24137931034482762,0.0,0.0,0.06896551724137934,0.24137931034482762,-0.3793103448275862,0.13793103448275862,0.06896551724137928,-0.4137931034482758,0.10344827586206906,0.1724137931034483,1,38.0,808.9133333333333,808.9133333333333,False
1610612758,2018,2018-19,Sacramento Kings,109.6,110.8,-1.2,103.88,17.7,0.128,0.524,0.524,0.244,0.128,0.268,0.533,0.269,0.153,0.287,0.8,West,9,39,43,0.476,False,True,False,0.4482758620689655,0.6896551724137931,0.41379310344827586,0.9310344827586207,0.4827586206896552,0.10344827586206896,0.4827586206896552,0.4827586206896552,0.27586206896551724,0.10344827586206896,0.41379310344827586,0.7241379310344828,0.7586206896551724,0.8620689655172413,0.8620689655172413,0.4827586206896552,17,False,0.3793103448275862,0.6206896551724138,0.3103448275862069,0.3793103448275862,0.41379310344827586,0.4827586206896552,0.5862068965517241,0.5862068965517241,0.06896551724137931,0.4827586206896552,0.27586206896551724,0.7931034482758621,0.8275862068965517,0.7241379310344828,0.3793103448275862,0.4827586206896552,False,False,-0.06896551724137934,-0.06896551724137934,-0.10344827586206895,-0.5517241379310345,-0.06896551724137934,0.37931034482758624,0.1034482758620689,0.1034482758620689,-0.20689655172413793,0.37931034482758624,-0.13793103448275862,0.06896551724137934,0.06896551724137934,-0.13793103448275856,-0.48275862068965514,0.0,2,40.0,232.36666666666667,241.95000000000002,False
1610612761,2020,2020-21,Toronto Raptors,111.6,112.0,-0.4,99.57,17.7,0.133,0.529,0.529,0.241,0.133,0.256,0.543,0.293,0.162,0.284,-16.9,East,12,27,45,0.375,False,False,False,0.4827586206896552,0.4827586206896552,0.3793103448275862,0.5517241379310345,0.3793103448275862,0.2413793103448276,0.3103448275862069,0.3103448275862069,0.41379310344827586,0.2413793103448276,0.41379310344827586,0.6551724137931034,1.0,1.0,0.9310344827586207,0.034482758620689655,24,True,0.4827586206896552,0.27586206896551724,0.6206896551724138,0.10344827586206896,0.0,0.06896551724137931,0.10344827586206896,0.10344827586206896,0.1724137931034483,0.06896551724137931,0.9655172413793104,0.5517241379310345,0.5517241379310345,1.0,0.7241379310344828,0.7931034482758621,True,True,0.0,-0.20689655172413796,0.24137931034482762,-0.4482758620689655,-0.3793103448275862,-0.1724137931034483,-0.20689655172413796,-0.20689655172413796,-0.24137931034482757,-0.1724137931034483,0.5517241379310345,-0.10344827586206895,-0.4482758620689655,0.0,-0.2068965517241379,0.7586206896551725,3,4.0,2617.2883333333334,3314.96,False
1610612759,2017,2017-18,San Antonio Spurs,107.1,104.1,3.0,95.7,17.3,0.137,0.507,0.507,0.245,0.137,0.277,0.507,0.224,0.147,0.259,0.8,West,7,47,35,0.573,True,True,True,0.4482758620689655,0.10344827586206896,0.7586206896551724,0.06896551724137931,0.5517241379310345,0.1724137931034483,0.13793103448275862,0.13793103448275862,0.4482758620689655,0.1724137931034483,0.7241379310344828,0.20689655172413793,0.13793103448275862,0.6206896551724138,0.20689655172413793,0.5517241379310345,12,False,0.8275862068965517,0.6551724137931034,0.6206896551724138,0.27586206896551724,0.6206896551724138,0.0,0.7931034482758621,0.7931034482758621,0.20689655172413793,0.0,0.034482758620689655,0.6551724137931034,0.034482758620689655,0.0,0.13793103448275862,0.5517241379310345,True,True,0.3793103448275862,0.5517241379310345,-0.13793103448275856,0.20689655172413793,0.06896551724137934,-0.1724137931034483,0.6551724137931034,0.6551724137931034,-0.2413793103448276,-0.1724137931034483,-0.6896551724137931,0.4482758620689655,-0.10344827586206896,-0.6206896551724138,-0.06896551724137931,0.0,2,18.0,145.44,263.23833333333334,True
1610612764,2024,2024-25,Washington Wizards,105.8,118.0,-12.2,101.82,17.8,0.152,0.512,0.512,0.229,0.152,0.272,0.548,0.255,0.131,0.315,-9.2,East,15,18,64,0.22,False,False,False,0.0,0.9310344827586207,0.0,0.896551724137931,0.1724137931034483,0.8275862068965517,0.06896551724137931,0.06896551724137931,0.13793103448275862,0.8275862068965517,0.20689655172413793,0.6896551724137931,0.7241379310344828,0.1724137931034483,0.896551724137931,0.1724137931034483,29,True,0.034482758620689655,1.0,0.0,0.8275862068965517,0.06896551724137931,0.7931034482758621,0.3103448275862069,0.3103448275862069,0.13793103448275862,0.7931034482758621,0.20689655172413793,0.896551724137931,0.9310344827586207,0.27586206896551724,0.9655172413793104,0.10344827586206896,False,False,0.034482758620689655,0.06896551724137934,0.0,-0.06896551724137934,-0.10344827586206898,-0.03448275862068961,0.2413793103448276,0.2413793103448276,0.0,-0.03448275862068961,0.0,0.2068965517241379,0.2068965517241379,0.10344827586206895,0.06896551724137934,-0.06896551724137932,3,6.0,1632.4716666666666,4107.465,True
1610612753,2017,2017-18,Orlando Magic,104.7,109.4,-4.7,98.58,17.5,0.147,0.512,0.512,0.238,0.147,0.248,0.525,0.243,0.144,0.286,-5.1,East,14,25,57,0.305,False,False,False,0.1724137931034483,0.6551724137931034,0.1724137931034483,0.6206896551724138,0.6896551724137931,0.5517241379310345,0.27586206896551724,0.27586206896551724,0.3103448275862069,0.5517241379310345,0.1724137931034483,0.5517241379310345,0.3793103448275862,0.4827586206896552,0.9310344827586207,0.3448275862068966,26,True,0.27586206896551724,0.2413793103448276,0.5517241379310345,0.20689655172413793,0.7931034482758621,0.1724137931034483,0.3448275862068966,0.3448275862068966,0.034482758620689655,0.1724137931034483,0.27586206896551724,0.3103448275862069,0.13793103448275862,0.27586206896551724,0.06896551724137931,0.3448275862068966,True,True,0.10344827586206895,-0.4137931034482758,0.3793103448275862,-0.4137931034482759,0.10344827586206895,-0.3793103448275862,0.06896551724137934,0.06896551724137934,-0.27586206896551724,-0.3793103448275862,0.10344827586206895,-0.24137931034482757,-0.24137931034482757,-0.20689655172413796,-0.8620689655172413,0.0,2,6.0,766.1933333333334,810.6266666666667,False
1610612746,2024,2024-25,LA Clippers,114.3,109.4,4.9,98.24,18.4,0.151,0.554,0.554,0.251,0.151,0.282,0.536,0.245,0.152,0.266,0.2,West,5,50,32,0.61,True,True,True,0.5172413793103449,0.06896551724137931,0.8620689655172413,0.27586206896551724,0.3103448275862069,0.7586206896551724,0.6206896551724138,0.6206896551724138,0.7241379310344828,0.7586206896551724,0.3793103448275862,0.2413793103448276,0.5172413793103449,0.7586206896551724,0.0,0.5172413793103449,6,False,0.6551724137931034,0.5862068965517241,0.4827586206896552,0.06896551724137931,0.1724137931034483,0.5862068965517241,0.7586206896551724,0.7586206896551724,0.9310344827586207,0.5862068965517241,0.1724137931034483,0.5172413793103449,0.27586206896551724,0.4827586206896552,0.8275862068965517,0.3448275862068966,True,False,0.13793103448275856,0.5172413793103448,-0.37931034482758613,-0.20689655172413793,-0.13793103448275862,-0.1724137931034483,0.13793103448275856,0.13793103448275856,0.2068965517241379,-0.1724137931034483,-0.2068965517241379,0.27586206896551724,-0.24137931034482762,-0.2758620689655172,0.8275862068965517,-0.1724137931034483,2,30.0,1351.4166666666667,1775.095,True
1610612741,2020,2020-21,Chicago Bulls,110.4,111.5,-1.1,99.58,19.2,0.151,0.547,0.547,0.197,0.151,0.267,0.538,0.253,0.127,0.233,-7.4,East,11,31,41,0.431,False,False,False,0.3103448275862069,0.3448275862068966,0.3448275862068966,0.5862068965517241,0.7586206896551724,0.8620689655172413,0.6896551724137931,0.6896551724137931,0.0,0.8620689655172413,0.4827586206896552,0.4482758620689655,0.5172413793103449,0.13793103448275862,0.0,0.20689655172413793,21,True,0.5862068965517241,0.7586206896551724,0.3448275862068966,0.5517241379310345,0.41379310344827586,0.1724137931034483,0.6896551724137931,0.6896551724137931,0.4482758620689655,0.1724137931034483,0.06896551724137931,0.7241379310344828,0.4827586206896552,0.2413793103448276,0.20689655172413793,0.9310344827586207,True,True,0.2758620689655172,0.4137931034482758,0.0,-0.03448275862068961,-0.3448275862068965,-0.689655172413793,0.0,0.0,0.4482758620689655,-0.689655172413793,-0.4137931034482759,0.27586206896551724,-0.03448275862068967,0.10344827586206898,0.20689655172413793,0.7241379310344828,1,38.0,2109.641666666667,2109.641666666667,False
1610612738,2022,2022-23,Boston Celtics,117.3,110.6,6.7,99.15,19.1,0.133,0.566,0.566,0.243,0.133,0.255,0.528,0.234,0.126,0.254,4.6,East,2,57,25,0.695,True,True,True,0.9655172413793104,0.034482758620689655,1.0,0.3448275862068966,0.8620689655172413,0.1724137931034483,0.896551724137931,0.896551724137931,0.10344827586206896,0.1724137931034483,0.10344827586206896,0.06896551724137931,0.06896551724137931,0.13793103448275862,0.0,0.7586206896551724,2,False,1.0,0.034482758620689655,1.0,0.3793103448275862,0.5517241379310345,0.0,0.9655172413793104,0.9655172413793104,0.1724137931034483,0.0,0.5517241379310345,0.034482758620689655,0.0,0.034482758620689655,0.20689655172413793,0.896551724137931,True,True,0.03448275862068961,0.0,0.0,0.03448275862068961,-0.31034482758620685,-0.1724137931034483,0.06896551724137934,0.06896551724137934,0.06896551724137932,-0.1724137931034483,0.4482758620689655,-0.034482758620689655,-0.06896551724137931,-0.10344827586206896,0.20689655172413793,0.13793103448275867,1,38.0,83.47333333333333,83.47333333333333,True
1610612758,2024,2024-25,Sacramento Kings,115.9,115.3,0.6,98.91,18.8,0.133,0.548,0.548,0.235,0.133,0.294,0.557,0.255,0.139,0.272,8.2,West,9,40,42,0.488,False,True,False,0.7931034482758621,0.7241379310344828,0.5172413793103449,0.3793103448275862,0.4827586206896552,0.13793103448275862,0.5172413793103449,0.5172413793103449,0.3103448275862069,0.13793103448275862,0.4482758620689655,0.8275862068965517,0.7241379310344828,0.3448275862068966,0.034482758620689655,0.8275862068965517,16,False,0.13793103448275862,0.9310344827586207,0.06896551724137931,0.4482758620689655,0.3103448275862069,0.4827586206896552,0.034482758620689655,0.034482758620689655,0.3793103448275862,0.4827586206896552,0.41379310344827586,0.9655172413793104,0.6551724137931034,0.3448275862068966,0.7586206896551724,0.6896551724137931,False,False,-0.6551724137931034,0.2068965517241379,-0.4482758620689655,0.06896551724137934,-0.1724137931034483,0.3448275862068966,-0.4827586206896552,-0.4827586206896552,0.06896551724137928,0.3448275862068966,-0.03448275862068967,0.13793103448275867,-0.06896551724137934,0.0,0.7241379310344828,-0.13793103448275856,2,24.0,1963.88,3845.8050000000003,False
1610612766,2017,2017-18,Charlotte Hornets,109.0,109.0,-0.1,98.66,16.1,0.128,0.508,0.508,0.312,0.128,0.271,0.532,0.208,0.137,0.237,0.9,East,10,36,46,0.439,False,True,False,0.6896551724137931,0.5517241379310345,0.3793103448275862,0.6896551724137931,0.10344827586206896,0.034482758620689655,0.1724137931034483,0.1724137931034483,1.0,0.034482758620689655,0.5172413793103449,0.7241379310344828,0.0,0.20689655172413793,0.034482758620689655,0.5862068965517241,20,False,0.6206896551724138,0.7241379310344828,0.3448275862068966,0.3103448275862069,0.27586206896551724,0.0,0.20689655172413793,0.20689655172413793,0.4827586206896552,0.0,0.41379310344827586,0.7931034482758621,0.06896551724137931,0.4482758620689655,0.3793103448275862,0.41379310344827586,True,False,-0.06896551724137934,0.1724137931034483,-0.03448275862068961,-0.37931034482758624,0.1724137931034483,-0.034482758620689655,0.03448275862068964,0.03448275862068964,-0.5172413793103448,-0.034482758620689655,-0.103448275862069,0.06896551724137934,0.06896551724137931,0.2413793103448276,0.3448275862068965,-0.17241379310344823,2,12.0,1696.3333333333333,2372.4283333333333,False
1610612765,2019,2019-20,Detroit Pistons,108.8,112.3,-3.5,97.86,17.7,0.155,0.529,0.529,0.261,0.155,0.277,0.541,0.239,0.142,0.283,-23.8,East,13,20,46,0.303,False,False,False,0.3448275862068966,0.7241379310344828,0.2413793103448276,0.06896551724137931,0.5172413793103449,0.896551724137931,0.3793103448275862,0.3793103448275862,0.4482758620689655,0.896551724137931,0.6551724137931034,0.6551724137931034,0.20689655172413793,0.41379310344827586,0.8275862068965517,0.0,26,True,0.13793103448275862,0.6206896551724138,0.1724137931034483,0.2413793103448276,0.41379310344827586,0.8620689655172413,0.13793103448275862,0.13793103448275862,0.8620689655172413,0.8620689655172413,0.4827586206896552,0.5517241379310345,0.6206896551724138,0.5517241379310345,0.7931034482758621,0.0,False,False,-0.20689655172413796,-0.10344827586206895,-0.06896551724137931,0.1724137931034483,-0.103448275862069,-0.034482758620689724,-0.24137931034482757,-0.24137931034482757,0.4137931034482758,-0.034482758620689724,-0.17241379310344823,-0.10344827586206895,0.4137931034482759,0.13793103448275862,-0.03448275862068961,0.0,4,7.0,1909.0166666666667,4814.651666666667,False
1610612755,2020,2020-21,Philadelphia 76ers,112.5,107.0,5.5,100.12,17.2,0.143,0.541,0.541,0.293,0.143,0.277,0.521,0.262,0.154,0.263,11.0,East,1,49,23,0.681,True,True,True,0.5862068965517241,0.034482758620689655,0.8620689655172413,0.6206896551724138,0.1724137931034483,0.6551724137931034,0.5517241379310345,0.5517241379310345,0.9655172413793104,0.6551724137931034,0.7586206896551724,0.06896551724137931,0.8275862068965517,0.9310344827586207,0.41379310344827586,0.8620689655172413,3,False,0.6206896551724138,0.3448275862068966,0.7241379310344828,0.13793103448275862,0.4827586206896552,0.10344827586206896,0.4482758620689655,0.4482758620689655,0.9655172413793104,0.10344827586206896,0.0,0.3448275862068966,0.41379310344827586,0.41379310344827586,0.5862068965517241,0.6896551724137931,True,True,0.034482758620689724,0.3103448275862069,-0.13793103448275856,-0.4827586206896552,0.3103448275862069,-0.5517241379310345,-0.10344827586206895,-0.10344827586206895,0.0,-0.5517241379310345,-0.7586206896551724,0.27586206896551724,-0.41379310344827586,-0.5172413793103448,0.17241379310344823,-0.17241379310344818,2,28.0,167.86,173.49333333333334,True
1610612753,2021,2021-22,Orlando Magic,103.9,112.1,-8.1,99.71,17.4,0.144,0.503,0.503,0.223,0.144,0.249,0.532,0.254,0.131,0.265,-3.0,East,15,22,60,0.268,False,False,False,0.034482758620689655,0.6206896551724138,0.06896551724137931,0.6896551724137931,0.3448275862068966,0.7586206896551724,0.06896551724137931,0.06896551724137931,0.06896551724137931,0.7586206896551724,0.06896551724137931,0.4482758620689655,0.6206896551724138,0.1724137931034483,0.20689655172413793,0.3793103448275862,29,True,0.13793103448275862,0.5862068965517241,0.20689655172413793,0.5172413793103449,0.10344827586206896,0.896551724137931,0.2413793103448276,0.2413793103448276,0.8620689655172413,0.896551724137931,0.5172413793103449,0.6896551724137931,0.41379310344827586,0.6896551724137931,0.2413793103448276,0.13793103448275862,False,False,0.10344827586206896,-0.034482758620689724,0.13793103448275862,-0.1724137931034483,-0.24137931034482762,0.13793103448275867,0.1724137931034483,0.1724137931034483,0.793103448275862,0.13793103448275867,0.4482758620689655,0.24137931034482762,-0.20689655172413796,0.5172413793103449,0.03448275862068967,-0.24137931034482757,2,1.0,2429.7233333333334,3241.9133333333334,False
1610612760,2025,2025-26,Oklahoma City Thunder,117.6,106.5,11.1,100.37,18.5,0.124,0.561,0.561,0.261,0.124,0.264,0.519,0.248,0.165,0.303,23.8,West,1,64,18,0.78,True,True,True,0.7931034482758621,0.0,1.0,0.4827586206896552,0.41379310344827586,0.0,0.8620689655172413,0.8620689655172413,0.4482758620689655,0.0,0.06896551724137931,0.034482758620689655,0.27586206896551724,0.9310344827586207,0.41379310344827586,0.9655172413793104,1,False,,,,,,,,,,,,,,,,,,,,,,,,,,,,,,,,,,,0,,,0.0,False
1610612764,2018,2018-19,Washington Wizards,110.2,112.9,-2.7,102.23,18.4,0.136,0.531,0.531,0.266,0.136,0.252,0.546,0.255,0.152,0.294,-4.0,East,11,32,50,0.39,False,False,False,0.5172413793103449,0.8620689655172413,0.1724137931034483,0.7241379310344828,0.7241379310344828,0.3103448275862069,0.7241379310344828,0.7241379310344828,0.6551724137931034,0.3103448275862069,0.1724137931034483,0.9655172413793104,0.5172413793103449,0.7931034482758621,0.9310344827586207,0.3103448275862069,25,True,0.4827586206896552,0.9655172413793104,0.1724137931034483,0.8620689655172413,0.4827586206896552,0.1724137931034483,0.3103448275862069,0.3103448275862069,0.7241379310344828,0.1724137931034483,0.3793103448275862,0.9655172413793104,0.896551724137931,0.896551724137931,0.896551724137931,0.10344827586206896,True,False,-0.03448275862068967,0.10344827586206906,0.0,0.13793103448275856,-0.24137931034482757,-0.13793103448275862,-0.41379310344827586,-0.41379310344827586,0.06896551724137934,-0.13793103448275862,0.2068965517241379,0.0,0.3793103448275862,0.10344827586206895,-0.03448275862068961,-0.20689655172413796,2,9.0,1444.0316666666668,1812.4133333333334,True
1610612740,2024,2024-25,New Orleans Pelicans,109.7,119.1,-9.4,99.77,18.3,0.146,0.519,0.519,0.244,0.146,0.303,0.564,0.242,0.14,0.318,2.5,West,14,21,61,0.256,False,False,False,0.1724137931034483,0.9655172413793104,0.034482758620689655,0.5172413793103449,0.27586206896551724,0.5862068965517241,0.13793103448275862,0.13793103448275862,0.5172413793103449,0.5862068965517241,0.6551724137931034,0.9655172413793104,0.41379310344827586,0.41379310344827586,0.9310344827586207,0.5517241379310345,27,True,0.3448275862068966,0.7586206896551724,0.3103448275862069,0.6551724137931034,0.06896551724137931,0.3103448275862069,0.06896551724137931,0.06896551724137931,0.7586206896551724,0.3103448275862069,0.7586206896551724,0.7241379310344828,0.41379310344827586,0.41379310344827586,0.9310344827586207,0.034482758620689655,False,False,0.1724137931034483,-0.206896551724138,0.27586206896551724,0.13793103448275856,-0.20689655172413793,-0.2758620689655172,-0.06896551724137931,-0.06896551724137931,0.2413793103448275,-0.2758620689655172,0.10344827586206895,-0.24137931034482762,0.0,0.0,0.0,-0.5172413793103449,3,7.0,2111.903333333333,5048.218333333332,False
1610612738,2017,2017-18,Boston Celtics,106.8,103.2,3.6,96.75,17.0,0.144,0.518,0.518,0.243,0.144,0.263,0.495,0.251,0.145,0.261,1.3,East,2,55,27,0.671,True,True,True,0.41379310344827586,0.034482758620689655,0.7931034482758621,0.20689655172413793,0.3103448275862069,0.4827586206896552,0.5172413793103449,0.5172413793103449,0.41379310344827586,0.4827586206896552,0.3793103448275862,0.034482758620689655,0.5172413793103449,0.5172413793103449,0.3103448275862069,0.6206896551724138,4,False,0.6896551724137931,0.1724137931034483,0.8275862068965517,0.4827586206896552,0.896551724137931,0.06896551724137931,0.7931034482758621,0.7931034482758621,0.0,0.06896551724137931,0.20689655172413793,0.2413793103448276,0.5862068965517241,0.7586206896551724,0.4827586206896552,0.896551724137931,True,True,0.2758620689655173,0.13793103448275862,0.03448275862068961,0.27586206896551724,0.5862068965517242,-0.4137931034482759,0.27586206896551724,0.27586206896551724,-0.41379310344827586,-0.4137931034482759,-0.17241379310344826,0.20689655172413796,0.06896551724137923,0.2413793103448275,0.1724137931034483,0.27586206896551724,1,27.0,282.84,282.84,False
1610612737,2025,2025-26,Atlanta Hawks,115.0,112.9,2.2,102.5,20.4,0.138,0.554,0.554,0.234,0.138,0.291,0.546,0.26,0.156,0.298,2.2,East,6,46,36,0.561,True,True,True,0.5172413793103449,0.27586206896551724,0.6206896551724138,0.8620689655172413,0.9655172413793104,0.2413793103448276,0.6896551724137931,0.6896551724137931,0.10344827586206896,0.2413793103448276,0.3448275862068966,0.5862068965517241,0.4482758620689655,0.8275862068965517,0.27586206896551724,0.6206896551724138,11,False,,,,,,,,,,,,,,,,,,,,,,,,,,,,,,,,,,,0,,,0.0,False
1610612762,2018,2018-19,Utah Jazz,110.3,105.3,5.0,100.84,18.5,0.149,0.538,0.538,0.295,0.149,0.275,0.507,0.251,0.137,0.241,3.1,West,5,50,32,0.61,True,True,True,0.5517241379310345,0.034482758620689655,0.896551724137931,0.5517241379310345,0.7586206896551724,0.8620689655172413,0.8620689655172413,0.8620689655172413,0.9310344827586207,0.8620689655172413,0.6206896551724138,0.034482758620689655,0.41379310344827586,0.4827586206896552,0.0,0.6896551724137931,8,False,0.7241379310344828,0.3793103448275862,0.7241379310344828,0.20689655172413793,0.20689655172413793,0.8275862068965517,0.9655172413793104,0.9655172413793104,0.6896551724137931,0.8275862068965517,0.3103448275862069,0.2413793103448276,0.2413793103448276,0.034482758620689655,0.1724137931034483,0.7586206896551724,True,True,0.1724137931034483,0.3448275862068965,-0.1724137931034483,-0.3448275862068966,-0.5517241379310345,-0.03448275862068961,0.10344827586206906,0.10344827586206906,-0.2413793103448275,-0.03448275862068961,-0.3103448275862069,0.20689655172413796,-0.17241379310344826,-0.4482758620689655,0.1724137931034483,0.06896551724137923,3,50.0,109.075,250.255,False
1610612751,2022,2022-23,Brooklyn Nets,114.6,113.5,1.1,98.77,18.9,0.139,0.562,0.562,0.26,0.139,0.234,0.53,0.276,0.139,0.311,4.1,East,6,45,37,0.549,True,True,True,0.5862068965517241,0.4827586206896552,0.5517241379310345,0.2413793103448276,0.7931034482758621,0.4482758620689655,0.7931034482758621,0.7931034482758621,0.41379310344827586,0.4482758620689655,0.034482758620689655,0.10344827586206896,0.6551724137931034,0.5172413793103449,0.9655172413793104,0.7241379310344828,9,False,0.2413793103448276,0.6551724137931034,0.27586206896551724,0.1724137931034483,0.3793103448275862,0.4482758620689655,0.1724137931034483,0.1724137931034483,0.3103448275862069,0.4482758620689655,0.6206896551724138,0.41379310344827586,0.41379310344827586,0.20689655172413793,0.6206896551724138,0.3448275862068966,False,False,-0.34482758620689646,0.17241379310344823,-0.27586206896551724,-0.06896551724137931,-0.4137931034482759,0.0,-0.6206896551724138,-0.6206896551724138,-0.10344827586206895,0.0,0.5862068965517242,0.3103448275862069,-0.24137931034482757,-0.31034482758620696,-0.3448275862068966,-0.3793103448275862,3,21.0,664.5366666666666,1058.3783333333333,False
1610612753,2024,2024-25,Orlando Magic,108.9,109.1,-0.2,96.51,17.1,0.147,0.51,0.51,0.269,0.147,0.302,0.538,0.287,0.168,0.28,4.8,East,7,41,41,0.5,True,True,True,0.10344827586206896,0.034482758620689655,0.4482758620689655,0.0,0.06896551724137931,0.6551724137931034,0.034482758620689655,0.034482758620689655,0.9655172413793104,0.6551724137931034,0.6206896551724138,0.27586206896551724,1.0,0.9655172413793104,0.1724137931034483,0.6551724137931034,15,False,0.41379310344827586,0.41379310344827586,0.4482758620689655,0.5517241379310345,0.4482758620689655,0.3793103448275862,0.1724137931034483,0.1724137931034483,0.9655172413793104,0.3793103448275862,0.6206896551724138,0.5172413793103449,0.8620689655172413,0.5172413793103449,0.13793103448275862,0.5517241379310345,True,True,0.3103448275862069,0.3793103448275862,0.0,0.5517241379310345,0.3793103448275862,-0.27586206896551724,0.13793103448275862,0.13793103448275862,0.0,-0.27586206896551724,0.0,0.24137931034482762,-0.13793103448275867,-0.4482758620689655,-0.03448275862068967,-0.10344827586206895,2,25.0,757.275,1344.0233333333333,False
1610612751,2018,2018-19,Brooklyn Nets,108.9,109.0,-0.1,101.52,16.9,0.146,0.52,0.52,0.284,0.146,0.282,0.512,0.247,0.131,0.28,1.4,East,6,42,40,0.512,True,True,True,0.3793103448275862,0.4482758620689655,0.5172413793103449,0.6551724137931034,0.2413793103448276,0.8275862068965517,0.41379310344827586,0.41379310344827586,0.8620689655172413,0.8275862068965517,0.6896551724137931,0.1724137931034483,0.27586206896551724,0.27586206896551724,0.7586206896551724,0.5862068965517241,14,False,0.27586206896551724,0.3103448275862069,0.5172413793103449,0.6896551724137931,0.3793103448275862,0.6896551724137931,0.2413793103448276,0.2413793103448276,0.6551724137931034,0.6896551724137931,0.7241379310344828,0.13793103448275862,0.27586206896551724,0.034482758620689655,0.3793103448275862,0.5862068965517241,True,True,-0.10344827586206895,-0.13793103448275862,0.0,0.034482758620689724,0.1379310344827586,-0.13793103448275856,-0.17241379310344826,-0.17241379310344826,-0.2068965517241379,-0.13793103448275856,0.03448275862068961,-0.03448275862068967,0.0,-0.24137931034482757,-0.3793103448275862,0.0,1,31.0,186.85,186.85,True
1610612747,2018,2018-19,Los Angeles Lakers,107.4,108.9,-1.6,103.6,17.8,0.15,0.527,0.527,0.257,0.15,0.27,0.516,0.245,0.137,0.275,3.2,West,10,37,45,0.451,False,True,False,0.20689655172413793,0.41379310344827586,0.2413793103448276,0.896551724137931,0.5517241379310345,0.9310344827586207,0.5172413793103449,0.5172413793103449,0.4827586206896552,0.9310344827586207,0.5517241379310345,0.3448275862068966,0.20689655172413793,0.4827586206896552,0.6206896551724138,0.7241379310344828,20,False,0.6551724137931034,0.06896551724137931,0.8620689655172413,0.6551724137931034,0.6551724137931034,0.7241379310344828,0.8620689655172413,0.8620689655172413,0.8275862068965517,0.7241379310344828,0.8275862068965517,0.20689655172413793,0.4827586206896552,0.9310344827586207,0.3103448275862069,0.6551724137931034,True,True,0.4482758620689655,-0.3448275862068966,0.6206896551724137,-0.24137931034482762,0.10344827586206895,-0.2068965517241379,0.34482758620689646,0.34482758620689646,0.3448275862068965,-0.2068965517241379,0.27586206896551724,-0.13793103448275865,0.27586206896551724,0.44827586206896547,-0.3103448275862069,-0.06896551724137934,1,46.0,81.15,81.15,True
1610612738,2020,2020-21,Boston Celtics,113.1,111.8,1.2,98.94,17.1,0.141,0.543,0.543,0.234,0.141,0.289,0.539,0.273,0.142,0.263,-9.8,East,7,36,36,0.5,True,True,True,0.6896551724137931,0.41379310344827586,0.5517241379310345,0.3448275862068966,0.13793103448275862,0.5862068965517241,0.6206896551724138,0.6206896551724138,0.2413793103448276,0.5862068965517241,0.9310344827586207,0.4827586206896552,0.896551724137931,0.5862068965517241,0.41379310344827586,0.1724137931034483,16,False,0.7241379310344828,0.0,0.9655172413793104,0.20689655172413793,0.6896551724137931,0.41379310344827586,0.7241379310344828,0.7241379310344828,0.27586206896551724,0.41379310344827586,0.6206896551724138,0.0,0.27586206896551724,0.6551724137931034,0.5172413793103449,0.13793103448275862,True,True,0.03448275862068961,-0.41379310344827586,0.4137931034482759,-0.13793103448275865,0.5517241379310345,-0.17241379310344823,0.10344827586206895,0.10344827586206895,0.03448275862068964,-0.17241379310344823,-0.31034482758620685,-0.4827586206896552,-0.6206896551724138,0.06896551724137934,0.103448275862069,-0.03448275862068967,0,,,0.0,False
1610612741,2022,2022-23,Chicago Bulls,112.8,111.5,1.3,99.18,18.1,0.133,0.55,0.55,0.251,0.133,0.236,0.544,0.253,0.15,0.264,0.0,East,10,40,42,0.488,False,True,False,0.20689655172413793,0.13793103448275862,0.5862068965517241,0.41379310344827586,0.4482758620689655,0.1724137931034483,0.5862068965517241,0.5862068965517241,0.20689655172413793,0.1724137931034483,0.06896551724137931,0.5517241379310345,0.13793103448275862,0.8275862068965517,0.06896551724137931,0.4827586206896552,19,False,0.3793103448275862,0.7241379310344828,0.3448275862068966,0.06896551724137931,0.20689655172413793,0.06896551724137931,0.27586206896551724,0.27586206896551724,0.3793103448275862,0.06896551724137931,0.6551724137931034,0.7241379310344828,0.6206896551724138,0.7586206896551724,0.5172413793103449,0.9655172413793104,True,False,0.17241379310344826,0.5862068965517242,-0.2413793103448275,-0.3448275862068966,-0.2413793103448276,-0.10344827586206898,-0.31034482758620685,-0.31034482758620685,0.17241379310344826,-0.10344827586206898,0.5862068965517241,0.1724137931034483,0.4827586206896552,-0.06896551724137934,0.4482758620689655,0.4827586206896552,1,35.0,322.55,322.55,False
1610612748,2023,2023-24,Miami Heat,113.3,111.5,1.8,96.88,19.1,0.13,0.538,0.538,0.257,0.13,0.261,0.543,0.223,0.141,0.266,-13.5,East,8,46,36,0.561,True,True,True,0.3103448275862069,0.13793103448275862,0.4482758620689655,0.034482758620689655,0.5172413793103449,0.27586206896551724,0.3448275862068966,0.3448275862068966,0.7241379310344828,0.27586206896551724,0.20689655172413793,0.41379310344827586,0.13793103448275862,0.7241379310344828,0.06896551724137931,0.06896551724137931,16,False,0.3103448275862069,0.27586206896551724,0.4827586206896552,0.10344827586206896,0.6551724137931034,0.2413793103448276,0.3793103448275862,0.3793103448275862,0.1724137931034483,0.2413793103448276,0.10344827586206896,0.5517241379310345,0.06896551724137931,0.4482758620689655,0.10344827586206896,0.06896551724137931,True,True,0.0,0.13793103448275862,0.03448275862068967,0.06896551724137931,0.13793103448275856,-0.03448275862068964,0.03448275862068961,0.03448275862068961,-0.5517241379310345,-0.03448275862068964,-0.10344827586206896,0.13793103448275862,-0.06896551724137931,-0.27586206896551724,0.034482758620689655,0.0,2,15.0,1422.4866666666667,2204.4333333333334,True
1610612760,2016,2016-17,Oklahoma City Thunder,107.9,107.1,0.8,98.18,15.5,0.152,0.5,0.5,0.295,0.152,0.323,0.511,0.285,0.139,0.258,22.6,West,6,47,35,0.573,True,True,True,0.4827586206896552,0.3103448275862069,0.6551724137931034,0.7241379310344828,0.06896551724137931,0.7931034482758621,0.20689655172413793,0.20689655172413793,0.8620689655172413,0.7931034482758621,1.0,0.41379310344827586,0.7241379310344828,0.3448275862068966,0.13793103448275862,1.0,10,False,0.7931034482758621,0.27586206896551724,0.8275862068965517,0.41379310344827586,0.06896551724137931,0.41379310344827586,0.41379310344827586,0.41379310344827586,0.7586206896551724,0.41379310344827586,1.0,0.5517241379310345,0.5517241379310345,1.0,0.6551724137931034,0.41379310344827586,True,True,0.3103448275862069,-0.03448275862068967,0.1724137931034483,-0.3103448275862069,0.0,-0.37931034482758624,0.20689655172413793,0.20689655172413793,-0.10344827586206895,-0.37931034482758624,0.0,0.13793103448275862,-0.1724137931034483,0.6551724137931034,0.5172413793103448,-0.5862068965517242,1,21.0,763.0966666666667,763.0966666666667,True
1610612750,2021,2021-22,Minnesota Timberwolves,113.8,111.0,2.7,101.47,18.1,0.141,0.539,0.539,0.254,0.141,0.284,0.535,0.291,0.16,0.294,-0.9,West,7,46,36,0.561,True,True,True,0.7931034482758621,0.41379310344827586,0.6896551724137931,1.0,0.5517241379310345,0.5517241379310345,0.6206896551724138,0.6206896551724138,0.6896551724137931,0.5517241379310345,0.7931034482758621,0.5517241379310345,0.9655172413793104,0.9655172413793104,0.896551724137931,0.4827586206896552,12,False,0.2413793103448276,0.3103448275862069,0.41379310344827586,0.7931034482758621,0.6551724137931034,0.8275862068965517,0.7586206896551724,0.7586206896551724,0.6206896551724138,0.8275862068965517,0.13793103448275862,0.27586206896551724,0.9310344827586207,0.8275862068965517,0.8620689655172413,0.5172413793103449,True,True,-0.5517241379310345,-0.10344827586206895,-0.2758620689655173,-0.2068965517241379,0.10344827586206895,0.27586206896551724,0.13793103448275856,0.13793103448275856,-0.06896551724137934,0.27586206896551724,-0.6551724137931034,-0.27586206896551724,-0.034482758620689724,-0.13793103448275867,-0.034482758620689724,0.03448275862068967,2,26.0,152.65833333333333,248.88166666666666,True
1610612757,2022,2022-23,Portland Trail Blazers,114.0,118.0,-4.0,99.25,17.8,0.145,0.549,0.549,0.289,0.145,0.264,0.563,0.276,0.136,0.291,-8.5,West,13,33,49,0.402,False,False,False,0.41379310344827586,0.9310344827586207,0.13793103448275862,0.4482758620689655,0.3103448275862069,0.6551724137931034,0.5517241379310345,0.5517241379310345,0.8275862068965517,0.6551724137931034,0.20689655172413793,0.8620689655172413,0.6551724137931034,0.3793103448275862,0.7931034482758621,0.1724137931034483,26,True,0.034482758620689655,0.7586206896551724,0.034482758620689655,0.3103448275862069,0.0,0.9655172413793104,0.0,0.0,0.2413793103448276,0.9655172413793104,0.9310344827586207,0.7931034482758621,0.896551724137931,0.8275862068965517,0.9310344827586207,0.4827586206896552,False,False,-0.3793103448275862,-0.1724137931034483,-0.10344827586206896,-0.13793103448275862,-0.3103448275862069,0.31034482758620696,-0.5517241379310345,-0.5517241379310345,-0.5862068965517241,0.31034482758620696,0.7241379310344828,-0.06896551724137923,0.24137931034482762,0.4482758620689655,0.13793103448275856,0.3103448275862069,4,3.0,1765.3933333333334,5486.21,False
1610612755,2018,2018-19,Philadelphia 76ers,111.6,109.0,2.6,102.59,18.7,0.144,0.532,0.532,0.312,0.144,0.278,0.512,0.268,0.123,0.259,1.1,East,3,51,31,0.622,True,True,True,0.7586206896551724,0.4482758620689655,0.6551724137931034,0.7586206896551724,0.8620689655172413,0.7931034482758621,0.7586206896551724,0.7586206896551724,0.9655172413793104,0.7931034482758621,0.6551724137931034,0.1724137931034483,0.7241379310344828,0.034482758620689655,0.20689655172413793,0.5172413793103449,7,False,0.5517241379310345,0.2413793103448276,0.6896551724137931,0.3448275862068966,0.8275862068965517,0.3448275862068966,0.5862068965517241,0.5862068965517241,0.27586206896551724,0.3448275862068966,0.7931034482758621,0.3448275862068966,0.8275862068965517,0.27586206896551724,0.034482758620689655,0.5517241379310345,True,True,-0.2068965517241379,-0.20689655172413793,0.034482758620689724,-0.4137931034482758,-0.03448275862068961,-0.4482758620689655,-0.1724137931034483,-0.1724137931034483,-0.6896551724137931,-0.4482758620689655,0.13793103448275867,0.1724137931034483,0.10344827586206895,0.24137931034482757,-0.1724137931034483,0.03448275862068961,2,20.0,1287.4316666666666,1315.2966666666666,True
1610612757,2018,2018-19,Portland Trail Blazers,113.7,109.5,4.2,99.96,16.6,0.137,0.528,0.528,0.258,0.137,0.308,0.516,0.253,0.123,0.261,6.9,West,3,53,29,0.646,True,True,True,0.9310344827586207,0.5172413793103449,0.7931034482758621,0.41379310344827586,0.20689655172413793,0.3793103448275862,0.5862068965517241,0.5862068965517241,0.5517241379310345,0.3793103448275862,0.9655172413793104,0.3448275862068966,0.4482758620689655,0.034482758620689655,0.2413793103448276,0.8275862068965517,5,False,0.9310344827586207,0.896551724137931,0.41379310344827586,0.5862068965517241,0.0,0.034482758620689655,0.5517241379310345,0.5517241379310345,0.20689655172413793,0.034482758620689655,0.4482758620689655,0.4827586206896552,0.5862068965517241,0.10344827586206896,0.896551724137931,0.6896551724137931,True,True,0.0,0.3793103448275862,-0.37931034482758624,0.17241379310344823,-0.20689655172413793,-0.3448275862068965,-0.03448275862068961,-0.03448275862068961,-0.3448275862068966,-0.3448275862068965,-0.5172413793103449,0.13793103448275862,0.13793103448275856,0.06896551724137931,0.6551724137931034,-0.13793103448275856,1,25.0,572.485,572.485,False
1610612742,2020,2020-21,Dallas Mavericks,114.6,112.3,2.3,97.94,17.2,0.123,0.55,0.55,0.242,0.123,0.253,0.534,0.259,0.129,0.266,-6.3,West,5,42,30,0.583,True,True,True,0.7586206896551724,0.6551724137931034,0.6896551724137931,0.13793103448275862,0.1724137931034483,0.06896551724137931,0.7586206896551724,0.7586206896551724,0.4482758620689655,0.06896551724137931,0.3103448275862069,0.3103448275862069,0.7931034482758621,0.27586206896551724,0.5517241379310345,0.27586206896551724,8,False,0.5517241379310345,0.20689655172413793,0.7931034482758621,0.0,0.41379310344827586,0.1724137931034483,0.5517241379310345,0.5517241379310345,0.5172413793103449,0.1724137931034483,0.1724137931034483,0.1724137931034483,0.3103448275862069,0.41379310344827586,0.3103448275862069,0.1724137931034483,True,True,-0.2068965517241379,-0.4482758620689655,0.10344827586206895,-0.13793103448275862,0.24137931034482757,0.10344827586206898,-0.2068965517241379,-0.2068965517241379,0.06896551724137934,0.10344827586206898,-0.13793103448275862,-0.13793103448275862,-0.4827586206896552,0.13793103448275862,-0.24137931034482757,-0.10344827586206895,0,,,0.0,False
1610612754,2016,2016-17,Indiana Pacers,107.9,108.1,-0.2,96.59,17.2,0.141,0.516,0.516,0.261,0.141,0.255,0.512,0.286,0.153,0.287,-2.9,East,7,42,40,0.512,True,True,True,0.4827586206896552,0.4827586206896552,0.4482758620689655,0.41379310344827586,0.5517241379310345,0.4482758620689655,0.5517241379310345,0.5517241379310345,0.3793103448275862,0.4482758620689655,0.13793103448275862,0.4827586206896552,0.7586206896551724,0.7931034482758621,0.7931034482758621,0.4827586206896552,13,False,0.5862068965517241,0.3793103448275862,0.6206896551724138,0.3103448275862069,0.27586206896551724,0.13793103448275862,0.6206896551724138,0.6206896551724138,0.13793103448275862,0.13793103448275862,0.5172413793103449,0.6206896551724138,0.20689655172413793,0.9655172413793104,0.7586206896551724,0.9655172413793104,True,True,0.1034482758620689,-0.103448275862069,0.1724137931034483,-0.10344827586206895,-0.27586206896551724,-0.3103448275862069,0.06896551724137934,0.06896551724137934,-0.24137931034482757,-0.3103448275862069,0.37931034482758624,0.13793103448275862,-0.5517241379310345,0.1724137931034483,-0.034482758620689724,0.4827586206896552,3,18.0,459.24333333333334,491.2,False
1610612754,2019,2019-20,Indiana Pacers,109.5,107.5,1.9,99.41,18.9,0.132,0.534,0.534,0.216,0.132,0.243,0.511,0.244,0.147,0.282,9.7,East,4,45,28,0.616,True,True,True,0.3793103448275862,0.1724137931034483,0.5862068965517241,0.27586206896551724,0.9310344827586207,0.13793103448275862,0.5862068965517241,0.5862068965517241,0.0,0.13793103448275862,0.10344827586206896,0.13793103448275862,0.3103448275862069,0.5862068965517241,0.7931034482758621,0.7586206896551724,7,False,0.5517241379310345,0.4482758620689655,0.4827586206896552,0.896551724137931,0.7586206896551724,0.1724137931034483,0.5862068965517241,0.5862068965517241,0.13793103448275862,0.1724137931034483,0.13793103448275862,0.20689655172413793,0.6896551724137931,0.6551724137931034,1.0,0.4827586206896552,True,False,0.1724137931034483,0.27586206896551724,-0.1034482758620689,0.6206896551724138,-0.1724137931034483,0.03448275862068967,0.0,0.0,0.13793103448275862,0.03448275862068967,0.034482758620689655,0.06896551724137931,0.37931034482758624,0.06896551724137934,0.2068965517241379,-0.2758620689655172,1,54.0,93.31833333333333,93.31833333333333,False
1610612756,2019,2019-20,Phoenix Suns,111.3,110.8,0.5,101.74,19.2,0.145,0.532,0.532,0.271,0.145,0.261,0.539,0.28,0.152,0.266,-4.3,West,10,34,39,0.466,False,True,False,0.6206896551724138,0.5517241379310345,0.5517241379310345,0.7241379310344828,1.0,0.5172413793103449,0.5172413793103449,0.5172413793103449,0.7586206896551724,0.5172413793103449,0.3103448275862069,0.6206896551724138,0.7586206896551724,0.7931034482758621,0.4482758620689655,0.3103448275862069,16,False,0.7931034482758621,0.1724137931034483,0.9310344827586207,0.20689655172413793,0.9655172413793104,0.10344827586206896,0.896551724137931,0.896551724137931,0.034482758620689655,0.10344827586206896,0.1724137931034483,0.3103448275862069,0.4827586206896552,0.4827586206896552,0.3448275862068966,0.5862068965517241,True,True,0.1724137931034483,-0.3793103448275862,0.3793103448275862,-0.5172413793103449,-0.03448275862068961,-0.4137931034482759,0.3793103448275862,0.3793103448275862,-0.7241379310344828,-0.4137931034482759,-0.13793103448275862,-0.3103448275862069,-0.2758620689655172,-0.3103448275862069,-0.10344827586206895,0.2758620689655172,1,10.0,155.725,155.725,True
1610612759,2021,2021-22,San Antonio Spurs,111.9,111.7,0.2,100.51,19.5,0.126,0.527,0.527,0.22,0.126,0.281,0.532,0.229,0.136,0.289,-12.3,West,10,34,48,0.415,False,True,False,0.41379310344827586,0.5172413793103449,0.4482758620689655,0.8275862068965517,0.8620689655172413,0.034482758620689655,0.3103448275862069,0.3103448275862069,0.0,0.034482758620689655,0.7241379310344828,0.4482758620689655,0.2413793103448276,0.41379310344827586,0.7931034482758621,0.10344827586206896,22,True,0.034482758620689655,1.0,0.0,0.9655172413793104,0.7586206896551724,0.7931034482758621,0.13793103448275862,0.13793103448275862,0.034482758620689655,0.7931034482758621,0.7931034482758621,1.0,0.3103448275862069,0.3448275862068966,0.7931034482758621,0.10344827586206896,False,False,-0.3793103448275862,0.48275862068965514,-0.4482758620689655,0.13793103448275867,-0.10344827586206895,0.7586206896551725,-0.1724137931034483,-0.1724137931034483,0.034482758620689655,0.7586206896551725,0.06896551724137934,0.5517241379310345,0.06896551724137931,-0.06896551724137928,0.0,0.0,3,9.0,1549.5966666666666,3676.3516666666665,False
1610612757,2025,2025-26,Portland Trail Blazers,113.1,113.5,-0.4,101.63,17.3,0.169,0.534,0.534,0.28,0.169,0.354,0.541,0.272,0.153,0.312,-4.0,West,8,42,40,0.512,True,True,True,0.3103448275862069,0.3448275862068966,0.3793103448275862,0.7241379310344828,0.0,1.0,0.27586206896551724,0.27586206896551724,0.7241379310344828,1.0,0.896551724137931,0.3103448275862069,0.6206896551724138,0.7931034482758621,0.6896551724137931,0.41379310344827586,18,False,,,,,,,,,,,,,,,,,,,,,,,,,,,,,,,,,,,0,,,0.0,False
1610612743,2018,2018-19,Denver Nuggets,112.1,108.1,4.0,98.49,19.3,0.136,0.527,0.527,0.232,0.136,0.308,0.521,0.257,0.137,0.256,13.2,West,2,54,28,0.659,True,True,True,0.7931034482758621,0.3103448275862069,0.7586206896551724,0.13793103448275862,0.9655172413793104,0.3103448275862069,0.5172413793103449,0.5172413793103449,0.10344827586206896,0.3103448275862069,0.9655172413793104,0.4482758620689655,0.5517241379310345,0.4827586206896552,0.13793103448275862,0.9310344827586207,4,False,0.8620689655172413,0.5172413793103449,0.6551724137931034,0.034482758620689655,0.9655172413793104,0.27586206896551724,0.6896551724137931,0.6896551724137931,0.13793103448275862,0.27586206896551724,0.9310344827586207,0.5517241379310345,0.4482758620689655,0.5517241379310345,0.6551724137931034,0.8275862068965517,True,True,0.06896551724137923,0.20689655172413796,-0.10344827586206895,-0.10344827586206896,0.0,-0.03448275862068967,0.1724137931034483,0.1724137931034483,0.034482758620689655,-0.03448275862068967,-0.034482758620689724,0.10344827586206895,-0.10344827586206895,0.06896551724137928,0.5172413793103448,-0.10344827586206895,1,44.0,86.93833333333333,86.93833333333333,False
1610612759,2018,2018-19,San Antonio Spurs,112.2,110.6,1.6,98.88,18.1,0.122,0.534,0.534,0.237,0.122,0.246,0.528,0.225,0.122,0.256,1.2,West,7,48,34,0.585,True,True,True,0.8275862068965517,0.6551724137931034,0.6206896551724138,0.27586206896551724,0.6206896551724138,0.0,0.7931034482758621,0.7931034482758621,0.20689655172413793,0.0,0.034482758620689655,0.6551724137931034,0.034482758620689655,0.0,0.13793103448275862,0.5517241379310345,11,False,0.6551724137931034,0.7931034482758621,0.4827586206896552,0.5517241379310345,0.6206896551724138,0.0,0.4482758620689655,0.4482758620689655,0.4827586206896552,0.0,0.0,0.7586206896551724,0.3793103448275862,0.13793103448275862,0.10344827586206896,0.3448275862068966,False,False,-0.1724137931034483,0.13793103448275867,-0.13793103448275862,0.27586206896551724,0.0,0.0,-0.3448275862068966,-0.3448275862068966,0.27586206896551724,0.0,-0.034482758620689655,0.10344827586206895,0.3448275862068965,0.13793103448275862,-0.034482758620689655,-0.2068965517241379,3,19.0,300.5966666666667,426.7516666666667,False
1610612761,2024,2024-25,Toronto Raptors,109.6,113.6,-4.1,100.62,19.6,0.152,0.522,0.522,0.232,0.152,0.311,0.541,0.286,0.149,0.304,-16.3,East,11,30,52,0.366,False,False,False,0.13793103448275862,0.4827586206896552,0.20689655172413793,0.7241379310344828,0.6896551724137931,0.8275862068965517,0.20689655172413793,0.20689655172413793,0.1724137931034483,0.8275862068965517,0.7931034482758621,0.4482758620689655,0.9655172413793104,0.6551724137931034,0.7931034482758621,0.034482758620689655,24,True,0.5172413793103449,0.13793103448275862,0.6551724137931034,0.27586206896551724,1.0,0.20689655172413793,0.4827586206896552,0.4827586206896552,0.4827586206896552,0.20689655172413793,0.4827586206896552,0.20689655172413793,0.7586206896551724,0.896551724137931,0.5172413793103449,0.7586206896551724,True,True,0.37931034482758624,-0.3448275862068966,0.4482758620689655,-0.4482758620689655,0.31034482758620685,-0.6206896551724138,0.27586206896551724,0.27586206896551724,0.3103448275862069,-0.6206896551724138,-0.3103448275862069,-0.2413793103448276,-0.206896551724138,0.24137931034482762,-0.27586206896551724,0.7241379310344828,2,9.0,1245.6,1391.215,False
1610612740,2018,2018-19,New Orleans Pelicans,110.7,112.0,-1.3,103.89,18.6,0.142,0.529,0.529,0.254,0.142,0.285,0.532,0.253,0.13,0.271,-8.7,West,13,33,49,0.402,False,False,False,0.6206896551724138,0.7241379310344828,0.3448275862068966,0.9655172413793104,0.7931034482758621,0.6896551724137931,0.6206896551724138,0.6206896551724138,0.3793103448275862,0.6896551724137931,0.7931034482758621,0.6896551724137931,0.4482758620689655,0.20689655172413793,0.4482758620689655,0.13793103448275862,22,True,0.5172413793103449,0.6896551724137931,0.3448275862068966,0.896551724137931,0.7931034482758621,0.9655172413793104,0.8275862068965517,0.8275862068965517,0.3103448275862069,0.9655172413793104,0.896551724137931,0.5172413793103449,0.5517241379310345,0.3448275862068966,0.5862068965517241,0.034482758620689655,False,False,-0.10344827586206895,-0.03448275862068961,0.0,-0.06896551724137934,0.0,0.27586206896551724,0.2068965517241379,0.2068965517241379,-0.06896551724137928,0.27586206896551724,0.10344827586206895,-0.1724137931034483,0.10344827586206895,0.13793103448275865,0.13793103448275856,-0.10344827586206896,3,1.0,1079.715,2338.66,False
1610612739,2017,2017-18,Cleveland Cavaliers,112.0,111.1,1.0,98.72,17.5,0.139,0.547,0.547,0.275,0.139,0.243,0.54,0.219,0.136,0.27,15.3,East,4,50,32,0.61,True,True,True,0.8620689655172413,0.9655172413793104,0.5517241379310345,0.7241379310344828,0.6896551724137931,0.2413793103448276,0.9310344827586207,0.9310344827586207,0.7586206896551724,0.2413793103448276,0.06896551724137931,0.9310344827586207,0.034482758620689655,0.13793103448275862,0.5172413793103449,0.9310344827586207,6,False,0.1724137931034483,1.0,0.0,0.034482758620689655,0.034482758620689655,0.41379310344827586,0.034482758620689655,0.034482758620689655,0.1724137931034483,0.41379310344827586,0.6896551724137931,1.0,0.10344827586206896,0.13793103448275862,0.3448275862068966,0.06896551724137931,False,False,-0.689655172413793,0.03448275862068961,-0.5517241379310345,-0.6896551724137931,-0.6551724137931035,0.17241379310344826,-0.896551724137931,-0.896551724137931,-0.5862068965517241,0.17241379310344826,0.6206896551724138,0.06896551724137934,0.06896551724137931,0.0,-0.1724137931034483,-0.8620689655172413,1,8.0,2605.0233333333335,2605.0233333333335,False
1610612750,2018,2018-19,Minnesota Timberwolves,110.6,112.2,-1.6,100.88,17.4,0.129,0.511,0.511,0.267,0.129,0.292,0.538,0.247,0.145,0.291,-15.5,West,11,36,46,0.439,False,False,False,0.5862068965517241,0.7931034482758621,0.2413793103448276,0.5862068965517241,0.41379310344827586,0.13793103448275862,0.1724137931034483,0.1724137931034483,0.7241379310344828,0.13793103448275862,0.896551724137931,0.7931034482758621,0.27586206896551724,0.6896551724137931,0.896551724137931,0.0,21,True,0.20689655172413793,0.6551724137931034,0.20689655172413793,0.9310344827586207,0.13793103448275862,0.5517241379310345,0.13793103448275862,0.13793103448275862,0.8620689655172413,0.5517241379310345,0.41379310344827586,0.6551724137931034,0.7241379310344828,0.5862068965517241,0.5172413793103449,0.4482758620689655,False,False,-0.3793103448275862,-0.13793103448275867,-0.03448275862068967,0.3448275862068966,-0.27586206896551724,0.41379310344827586,-0.03448275862068967,-0.03448275862068967,0.13793103448275856,0.41379310344827586,-0.4827586206896552,-0.13793103448275867,0.4482758620689655,-0.10344827586206906,-0.3793103448275862,0.4482758620689655,2,6.0,1505.6066666666666,1656.8083333333332,True
1610612737,2016,2016-17,Atlanta Hawks,104.5,105.2,-0.7,97.76,17.4,0.16,0.504,0.504,0.295,0.16,0.282,0.507,0.232,0.156,0.283,12.0,East,5,43,39,0.524,True,True,True,0.10344827586206896,0.10344827586206896,0.3793103448275862,0.6551724137931034,0.6551724137931034,0.9310344827586207,0.3448275862068966,0.3448275862068966,0.8620689655172413,0.9310344827586207,0.5517241379310345,0.2413793103448276,0.10344827586206896,0.9655172413793104,0.5862068965517241,0.8620689655172413,11,False,0.13793103448275862,0.7931034482758621,0.13793103448275862,0.7586206896551724,0.7586206896551724,0.9655172413793104,0.27586206896551724,0.27586206896551724,0.2413793103448276,0.9655172413793104,0.3793103448275862,0.8275862068965517,0.3103448275862069,0.7931034482758621,0.8620689655172413,0.1724137931034483,False,False,0.034482758620689655,0.6896551724137931,-0.24137931034482757,0.10344827586206895,0.10344827586206895,0.034482758620689724,-0.06896551724137934,-0.06896551724137934,-0.6206896551724137,0.034482758620689724,-0.1724137931034483,0.5862068965517241,0.20689655172413796,-0.1724137931034483,0.27586206896551724,-0.689655172413793,2,19.0,1784.62,2758.83,False
1610612765,2020,2020-21,Detroit Pistons,107.6,112.2,-4.5,98.19,17.8,0.151,0.519,0.519,0.273,0.151,0.267,0.541,0.257,0.141,0.275,-17.7,East,15,20,52,0.278,False,False,False,0.13793103448275862,0.6206896551724138,0.1724137931034483,0.2413793103448276,0.41379310344827586,0.8620689655172413,0.13793103448275862,0.13793103448275862,0.8620689655172413,0.8620689655172413,0.4827586206896552,0.5517241379310345,0.6206896551724138,0.5517241379310345,0.7931034482758621,0.0,29,True,0.06896551724137931,0.7931034482758621,0.13793103448275862,0.5862068965517241,0.1724137931034483,0.6551724137931034,0.0,0.0,0.5172413793103449,0.6551724137931034,0.5862068965517241,0.7241379310344828,1.0,0.7931034482758621,0.8620689655172413,0.06896551724137931,False,False,-0.06896551724137931,0.1724137931034483,-0.03448275862068967,0.34482758620689646,-0.24137931034482757,-0.2068965517241379,-0.13793103448275862,-0.13793103448275862,-0.34482758620689646,-0.2068965517241379,0.1034482758620689,0.1724137931034483,0.3793103448275862,0.24137931034482762,0.06896551724137923,0.06896551724137931,3,1.0,2088.055,2860.2766666666666,False
1610612751,2017,2017-18,Brooklyn Nets,106.1,109.7,-3.6,99.66,17.3,0.151,0.514,0.514,0.26,0.151,0.251,0.517,0.262,0.123,0.269,-8.1,East,12,28,54,0.341,False,False,False,0.27586206896551724,0.6896551724137931,0.20689655172413793,0.8275862068965517,0.5517241379310345,0.7241379310344828,0.41379310344827586,0.41379310344827586,0.6206896551724138,0.7241379310344828,0.20689655172413793,0.3448275862068966,0.7241379310344828,0.0,0.4482758620689655,0.13793103448275862,23,True,0.3793103448275862,0.4482758620689655,0.5172413793103449,0.6551724137931034,0.2413793103448276,0.8275862068965517,0.41379310344827586,0.41379310344827586,0.8620689655172413,0.8275862068965517,0.6896551724137931,0.1724137931034483,0.27586206896551724,0.27586206896551724,0.7586206896551724,0.5862068965517241,True,True,0.10344827586206895,-0.24137931034482762,0.31034482758620696,-0.1724137931034483,-0.31034482758620685,0.10344827586206895,0.0,0.0,0.2413793103448275,0.10344827586206895,0.48275862068965525,-0.1724137931034483,-0.4482758620689655,0.27586206896551724,0.31034482758620685,0.44827586206896547,2,29.0,1293.75,1333.0383333333334,False
1610612766,2018,2018-19,Charlotte Hornets,110.7,112.0,-1.3,99.18,17.0,0.122,0.514,0.514,0.257,0.122,0.268,0.538,0.227,0.135,0.269,-2.8,East,9,39,43,0.476,False,True,False,0.6206896551724138,0.7241379310344828,0.3448275862068966,0.3103448275862069,0.27586206896551724,0.0,0.20689655172413793,0.20689655172413793,0.4827586206896552,0.0,0.41379310344827586,0.7931034482758621,0.06896551724137931,0.4482758620689655,0.3793103448275862,0.41379310344827586,17,False,0.06896551724137931,0.8275862068965517,0.10344827586206896,0.0,0.5172413793103449,0.7931034482758621,0.06896551724137931,0.06896551724137931,0.2413793103448276,0.7931034482758621,0.7241379310344828,0.8620689655172413,0.0,0.6896551724137931,1.0,0.8620689655172413,True,False,-0.5517241379310345,0.10344827586206895,-0.24137931034482762,-0.3103448275862069,0.24137931034482762,0.7931034482758621,-0.13793103448275862,-0.13793103448275862,-0.2413793103448276,0.7931034482758621,0.3103448275862069,0.06896551724137923,-0.06896551724137931,0.24137931034482762,0.6206896551724138,0.44827586206896547,3,12.0,1758.9916666666666,2955.008333333333,False
1610612744,2023,2023-24,Golden State Warriors,116.9,114.5,2.4,99.91,20.1,0.142,0.557,0.557,0.219,0.142,0.315,0.539,0.248,0.129,0.275,-0.2,West,10,46,36,0.561,False,True,False,0.7241379310344828,0.4827586206896552,0.5862068965517241,0.6206896551724138,0.8275862068965517,0.7241379310344828,0.5862068965517241,0.5862068965517241,0.034482758620689655,0.7241379310344828,0.896551724137931,0.27586206896551724,0.5517241379310345,0.20689655172413793,0.2413793103448276,0.4482758620689655,16,False,0.4827586206896552,0.20689655172413793,0.6896551724137931,0.4482758620689655,0.896551724137931,0.4482758620689655,0.3448275862068966,0.3448275862068966,0.5172413793103449,0.4482758620689655,0.896551724137931,0.4482758620689655,0.6551724137931034,0.896551724137931,0.2413793103448276,0.4482758620689655,True,True,-0.24137931034482757,-0.27586206896551724,0.10344827586206906,-0.1724137931034483,0.06896551724137934,-0.27586206896551724,-0.2413793103448275,-0.2413793103448275,0.4827586206896552,-0.27586206896551724,0.0,0.1724137931034483,0.10344827586206895,0.6896551724137931,0.0,0.0,1,52.0,685.7566666666667,685.7566666666667,False
1610612740,2017,2017-18,New Orleans Pelicans,108.5,107.4,1.1,101.48,19.0,0.145,0.541,0.541,0.237,0.145,0.24,0.513,0.223,0.141,0.274,8.4,West,6,48,34,0.585,True,True,True,0.5862068965517241,0.4482758620689655,0.5862068965517241,1.0,0.9310344827586207,0.5172413793103449,0.896551724137931,0.896551724137931,0.27586206896551724,0.5172413793103449,0.034482758620689655,0.27586206896551724,0.10344827586206896,0.3103448275862069,0.6206896551724138,0.7931034482758621,8,False,0.6206896551724138,0.7241379310344828,0.3448275862068966,0.9655172413793104,0.7931034482758621,0.6896551724137931,0.6206896551724138,0.6206896551724138,0.3793103448275862,0.6896551724137931,0.7931034482758621,0.6896551724137931,0.4482758620689655,0.20689655172413793,0.4482758620689655,0.13793103448275862,False,False,0.034482758620689724,0.27586206896551724,-0.2413793103448275,-0.03448275862068961,-0.13793103448275856,0.1724137931034483,-0.27586206896551724,-0.27586206896551724,0.10344827586206895,0.1724137931034483,0.7586206896551725,0.4137931034482759,0.3448275862068966,-0.10344827586206898,-0.1724137931034483,-0.6551724137931034,0,,,0.0,False
1610612758,2017,2017-18,Sacramento Kings,103.1,110.4,-7.3,95.5,16.6,0.143,0.502,0.502,0.194,0.143,0.264,0.542,0.26,0.149,0.269,5.6,West,12,27,55,0.329,False,False,False,0.034482758620689655,0.8620689655172413,0.034482758620689655,0.0,0.20689655172413793,0.41379310344827586,0.10344827586206896,0.10344827586206896,0.0,0.41379310344827586,0.4482758620689655,0.9655172413793104,0.6896551724137931,0.6896551724137931,0.4482758620689655,0.7241379310344828,24,True,0.4482758620689655,0.6896551724137931,0.41379310344827586,0.9310344827586207,0.4827586206896552,0.10344827586206896,0.4827586206896552,0.4827586206896552,0.27586206896551724,0.10344827586206896,0.41379310344827586,0.7241379310344828,0.7586206896551724,0.8620689655172413,0.8620689655172413,0.4827586206896552,True,False,0.41379310344827586,-0.17241379310344818,0.3793103448275862,0.9310344827586207,0.27586206896551724,-0.3103448275862069,0.37931034482758624,0.37931034482758624,0.27586206896551724,-0.3103448275862069,-0.03448275862068967,-0.24137931034482762,0.06896551724137923,0.17241379310344818,0.4137931034482758,-0.24137931034482757,1,2.0,1567.495,1567.495,False
1610612755,2022,2022-23,Philadelphia 76ers,117.0,112.7,4.4,97.44,18.6,0.139,0.563,0.563,0.3,0.139,0.258,0.541,0.277,0.145,0.279,16.6,East,3,54,28,0.659,True,True,True,0.896551724137931,0.2413793103448276,0.9310344827586207,0.10344827586206896,0.6551724137931034,0.4482758620689655,0.8275862068965517,0.8275862068965517,1.0,0.4482758620689655,0.13793103448275862,0.3793103448275862,0.7241379310344828,0.6206896551724138,0.4482758620689655,1.0,3,False,0.5517241379310345,0.3448275862068966,0.7241379310344828,0.41379310344827586,0.13793103448275862,0.034482758620689655,0.20689655172413793,0.20689655172413793,0.8275862068965517,0.034482758620689655,0.6896551724137931,0.2413793103448276,0.8620689655172413,0.896551724137931,0.8275862068965517,0.6551724137931034,True,True,-0.3448275862068966,0.10344827586206898,-0.2068965517241379,0.3103448275862069,-0.5172413793103448,-0.41379310344827586,-0.6206896551724138,-0.6206896551724138,-0.1724137931034483,-0.41379310344827586,0.5517241379310345,-0.1379310344827586,0.13793103448275856,0.27586206896551724,0.3793103448275862,-0.3448275862068966,0,,,0.0,False
1610612749,2019,2019-20,Milwaukee Bucks,111.9,102.5,9.4,105.51,18.0,0.142,0.552,0.552,0.271,0.142,0.241,0.489,0.226,0.133,0.225,14.8,East,1,56,17,0.767,True,True,True,0.7586206896551724,0.0,1.0,1.0,0.6551724137931034,0.3448275862068966,1.0,1.0,0.7586206896551724,0.3448275862068966,0.034482758620689655,0.0,0.10344827586206896,0.20689655172413793,0.0,0.896551724137931,1,False,0.8620689655172413,0.27586206896551724,0.896551724137931,0.9655172413793104,0.5172413793103449,0.3793103448275862,0.9655172413793104,0.9655172413793104,0.20689655172413793,0.3793103448275862,0.5517241379310345,0.41379310344827586,0.0,0.13793103448275862,0.06896551724137931,0.6206896551724138,True,True,0.10344827586206895,0.27586206896551724,-0.10344827586206895,-0.03448275862068961,-0.13793103448275856,0.03448275862068961,-0.03448275862068961,-0.03448275862068961,-0.5517241379310345,0.03448275862068961,0.5172413793103449,0.41379310344827586,-0.10344827586206896,-0.06896551724137931,0.06896551724137931,-0.27586206896551724,2,45.0,273.58666666666664,506.18499999999995,False
1610612751,2023,2023-24,Brooklyn Nets,112.4,115.4,-2.9,97.56,18.6,0.134,0.531,0.531,0.234,0.134,0.289,0.543,0.239,0.129,0.285,-5.9,East,11,32,50,0.39,False,False,False,0.2413793103448276,0.6551724137931034,0.27586206896551724,0.1724137931034483,0.3793103448275862,0.4482758620689655,0.1724137931034483,0.1724137931034483,0.3103448275862069,0.4482758620689655,0.6206896551724138,0.41379310344827586,0.41379310344827586,0.20689655172413793,0.6206896551724138,0.3448275862068966,22,True,0.06896551724137931,0.7586206896551724,0.13793103448275862,0.06896551724137931,0.3103448275862069,0.896551724137931,0.10344827586206896,0.10344827586206896,0.3448275862068966,0.896551724137931,0.4482758620689655,0.8275862068965517,0.9310344827586207,0.7931034482758621,0.7586206896551724,0.13793103448275862,False,False,-0.1724137931034483,0.10344827586206895,-0.13793103448275862,-0.10344827586206898,-0.06896551724137928,0.4482758620689655,-0.06896551724137932,-0.06896551724137932,0.03448275862068967,0.4482758620689655,-0.1724137931034483,0.41379310344827586,0.5172413793103448,0.5862068965517242,0.13793103448275856,-0.20689655172413796,0,,,0.0,False
1610612743,2025,2025-26,Denver Nuggets,121.2,116.0,5.2,99.49,20.3,0.128,0.577,0.577,0.294,0.128,0.286,0.543,0.254,0.117,0.283,-3.2,West,3,54,28,0.659,True,True,True,1.0,0.6896551724137931,0.7931034482758621,0.3448275862068966,0.9310344827586207,0.034482758620689655,1.0,1.0,0.896551724137931,0.034482758620689655,0.27586206896551724,0.4482758620689655,0.3793103448275862,0.0,0.06896551724137931,0.4482758620689655,5,False,,,,,,,,,,,,,,,,,,,,,,,,,,,,,,,,,,,0,,,0.0,False
1610612753,2025,2025-26,Orlando Magic,114.2,113.6,0.6,100.56,18.6,0.14,0.531,0.531,0.311,0.14,0.306,0.545,0.285,0.147,0.29,1.3,East,8,45,37,0.549,True,True,True,0.41379310344827586,0.41379310344827586,0.4482758620689655,0.5517241379310345,0.4482758620689655,0.3793103448275862,0.1724137931034483,0.1724137931034483,0.9655172413793104,0.3793103448275862,0.6206896551724138,0.5172413793103449,0.8620689655172413,0.5172413793103449,0.13793103448275862,0.5517241379310345,13,False,,,,,,,,,,,,,,,,,,,,,,,,,,,,,,,,,,,0,,,0.0,False
1610612764,2017,2017-18,Washington Wizards,108.1,107.7,0.4,97.67,18.4,0.148,0.525,0.525,0.254,0.148,0.274,0.522,0.279,0.151,0.268,-7.4,East,8,43,39,0.524,True,True,True,0.5172413793103449,0.4827586206896552,0.4827586206896552,0.4827586206896552,0.896551724137931,0.6206896551724138,0.6206896551724138,0.6206896551724138,0.5172413793103449,0.6206896551724138,0.6206896551724138,0.4482758620689655,0.896551724137931,0.7241379310344828,0.41379310344827586,0.2413793103448276,17,False,0.5172413793103449,0.8620689655172413,0.1724137931034483,0.7241379310344828,0.7241379310344828,0.3103448275862069,0.7241379310344828,0.7241379310344828,0.6551724137931034,0.3103448275862069,0.1724137931034483,0.9655172413793104,0.5172413793103449,0.7931034482758621,0.9310344827586207,0.3103448275862069,False,False,0.0,0.37931034482758613,-0.3103448275862069,0.24137931034482757,-0.1724137931034483,-0.3103448275862069,0.10344827586206895,0.10344827586206895,0.13793103448275856,-0.3103448275862069,-0.4482758620689655,0.5172413793103449,-0.3793103448275862,0.06896551724137934,0.5172413793103448,0.06896551724137931,1,15.0,729.7366666666667,729.7366666666667,False
1610612745,2021,2021-22,Houston Rockets,108.1,116.4,-8.3,101.16,17.1,0.162,0.534,0.534,0.284,0.162,0.265,0.554,0.263,0.139,0.29,-5.6,West,15,20,62,0.244,False,False,False,0.13793103448275862,1.0,0.034482758620689655,0.9655172413793104,0.1724137931034483,1.0,0.4482758620689655,0.4482758620689655,1.0,1.0,0.3448275862068966,0.9655172413793104,0.8275862068965517,0.6206896551724138,0.8275862068965517,0.27586206896551724,30,True,0.10344827586206896,0.9655172413793104,0.034482758620689655,0.5517241379310345,0.0,1.0,0.0,0.0,0.7586206896551724,1.0,1.0,0.9310344827586207,0.6206896551724138,0.2413793103448276,0.27586206896551724,0.20689655172413793,False,False,-0.034482758620689655,-0.03448275862068961,0.0,-0.4137931034482759,-0.1724137931034483,0.0,-0.4482758620689655,-0.4482758620689655,-0.24137931034482762,0.0,0.6551724137931034,-0.034482758620689724,-0.2068965517241379,-0.3793103448275862,-0.5517241379310345,-0.06896551724137931,3,3.0,2450.5466666666666,4650.48,False
1610612763,2020,2020-21,Memphis Grizzlies,111.7,110.5,1.2,100.77,18.9,0.131,0.528,0.528,0.232,0.131,0.285,0.535,0.249,0.146,0.264,-6.2,West,8,38,34,0.528,True,True,True,0.5172413793103449,0.20689655172413793,0.5517241379310345,0.7586206896551724,0.7241379310344828,0.1724137931034483,0.27586206896551724,0.27586206896551724,0.1724137931034483,0.1724137931034483,0.896551724137931,0.3793103448275862,0.4482758620689655,0.7586206896551724,0.4827586206896552,0.3103448275862069,15,False,0.896551724137931,0.13793103448275862,0.8620689655172413,0.8620689655172413,0.4827586206896552,0.1724137931034483,0.2413793103448276,0.2413793103448276,0.3793103448275862,0.1724137931034483,1.0,0.3103448275862069,0.5862068965517241,0.896551724137931,0.4827586206896552,0.8275862068965517,True,True,0.3793103448275862,-0.06896551724137931,0.31034482758620685,0.10344827586206895,-0.24137931034482757,0.0,-0.03448275862068964,-0.03448275862068964,0.2068965517241379,0.0,0.10344827586206895,-0.06896551724137928,0.13793103448275856,0.13793103448275867,0.0,0.5172413793103448,2,10.0,1346.4666666666667,1706.2350000000001,False
1610612750,2023,2023-24,Minnesota Timberwolves,114.6,108.4,6.3,97.79,19.3,0.144,0.559,0.559,0.27,0.144,0.275,0.515,0.252,0.145,0.275,-13.1,West,3,56,26,0.683,True,True,True,0.4482758620689655,0.0,0.9310344827586207,0.2413793103448276,0.5517241379310345,0.7586206896551724,0.6896551724137931,0.6896551724137931,0.8620689655172413,0.7586206896551724,0.3103448275862069,0.0,0.6551724137931034,0.8275862068965517,0.2413793103448276,0.10344827586206896,4,False,0.7586206896551724,0.1724137931034483,0.896551724137931,0.1724137931034483,0.41379310344827586,0.5862068965517241,0.6206896551724138,0.6206896551724138,0.6551724137931034,0.5862068965517241,0.5517241379310345,0.13793103448275862,0.3103448275862069,0.6551724137931034,0.41379310344827586,0.2413793103448276,True,True,0.31034482758620685,0.1724137931034483,-0.03448275862068961,-0.06896551724137931,-0.13793103448275862,-0.1724137931034483,-0.06896551724137934,-0.06896551724137934,-0.2068965517241379,-0.1724137931034483,0.24137931034482757,0.13793103448275862,-0.3448275862068965,-0.1724137931034483,0.17241379310344826,0.13793103448275862,3,8.0,515.975,870.9483333333333,True
1610612764,2016,2016-17,Washington Wizards,110.4,108.8,1.7,97.94,17.6,0.143,0.528,0.528,0.254,0.143,0.286,0.524,0.284,0.155,0.284,11.5,East,4,49,33,0.598,True,True,True,0.7586206896551724,0.6551724137931034,0.7241379310344828,0.6896551724137931,0.7241379310344828,0.5172413793103449,0.8275862068965517,0.8275862068965517,0.1724137931034483,0.5172413793103449,0.6896551724137931,0.7931034482758621,0.6896551724137931,0.9310344827586207,0.7241379310344828,0.7586206896551724,9,False,0.5172413793103449,0.4827586206896552,0.4827586206896552,0.4827586206896552,0.896551724137931,0.6206896551724138,0.6206896551724138,0.6206896551724138,0.5172413793103449,0.6206896551724138,0.6206896551724138,0.4482758620689655,0.896551724137931,0.7241379310344828,0.41379310344827586,0.2413793103448276,True,True,-0.2413793103448275,-0.17241379310344823,-0.24137931034482757,-0.20689655172413796,0.1724137931034483,0.10344827586206895,-0.2068965517241379,-0.2068965517241379,0.3448275862068966,0.10344827586206895,-0.06896551724137934,-0.3448275862068966,0.2068965517241379,-0.2068965517241379,-0.3103448275862069,-0.5172413793103448,0,,,0.0,False
1610612744,2024,2024-25,Golden State Warriors,114.2,111.0,3.2,99.37,20.1,0.141,0.536,0.536,0.244,0.141,0.314,0.541,0.246,0.158,0.284,-1.1,West,7,48,34,0.585,True,True,True,0.4827586206896552,0.20689655172413793,0.6896551724137931,0.4482758620689655,0.896551724137931,0.4482758620689655,0.3448275862068966,0.3448275862068966,0.5172413793103449,0.4482758620689655,0.896551724137931,0.4482758620689655,0.6551724137931034,0.896551724137931,0.2413793103448276,0.4482758620689655,11,False,0.3793103448275862,0.5172413793103449,0.3448275862068966,0.41379310344827586,0.896551724137931,0.8620689655172413,0.5862068965517241,0.5862068965517241,0.1724137931034483,0.8620689655172413,0.5517241379310345,0.6551724137931034,0.2413793103448276,0.8620689655172413,0.7931034482758621,0.6551724137931034,True,False,-0.103448275862069,0.31034482758620696,-0.3448275862068966,-0.03448275862068967,0.0,0.4137931034482758,0.2413793103448275,0.2413793103448275,-0.3448275862068966,0.4137931034482758,-0.3448275862068966,0.2068965517241379,-0.4137931034482758,-0.034482758620689724,0.5517241379310345,0.2068965517241379,1,56.0,1376.805,1376.805,False
1610612738,2016,2016-17,Boston Celtics,110.6,108.0,2.6,97.21,18.8,0.136,0.525,0.525,0.273,0.136,0.259,0.503,0.29,0.143,0.295,11.7,East,1,53,29,0.646,True,True,True,0.7931034482758621,0.4482758620689655,0.7586206896551724,0.5862068965517241,0.9655172413793104,0.20689655172413793,0.7241379310344828,0.7241379310344828,0.4482758620689655,0.20689655172413793,0.2413793103448276,0.13793103448275862,0.8275862068965517,0.4827586206896552,0.9655172413793104,0.7931034482758621,4,False,0.41379310344827586,0.034482758620689655,0.7931034482758621,0.20689655172413793,0.3103448275862069,0.4827586206896552,0.5172413793103449,0.5172413793103449,0.41379310344827586,0.4827586206896552,0.3793103448275862,0.034482758620689655,0.5172413793103449,0.5172413793103449,0.3103448275862069,0.6206896551724138,True,True,-0.37931034482758624,-0.41379310344827586,0.034482758620689724,-0.3793103448275862,-0.6551724137931034,0.27586206896551724,-0.2068965517241379,-0.2068965517241379,-0.03448275862068967,0.27586206896551724,0.1379310344827586,-0.10344827586206896,-0.31034482758620685,0.03448275862068967,-0.6551724137931034,-0.1724137931034483,4,3.0,2442.911666666667,3814.8400000000006,True
1610612756,2022,2022-23,Phoenix Suns,114.5,112.3,2.2,98.83,19.3,0.136,0.535,0.535,0.241,0.136,0.307,0.532,0.298,0.145,0.286,-2.7,West,4,45,37,0.549,True,True,True,0.5517241379310345,0.20689655172413793,0.7241379310344828,0.27586206896551724,0.896551724137931,0.3103448275862069,0.27586206896551724,0.27586206896551724,0.06896551724137931,0.3103448275862069,0.8620689655172413,0.13793103448275862,0.9655172413793104,0.6206896551724138,0.6896551724137931,0.41379310344827586,9,False,0.6896551724137931,0.3793103448275862,0.7241379310344828,0.5172413793103449,0.6206896551724138,0.8275862068965517,0.8275862068965517,0.8275862068965517,0.9310344827586207,0.8275862068965517,0.6896551724137931,0.20689655172413793,0.1724137931034483,0.1724137931034483,0.6551724137931034,0.3793103448275862,True,True,0.13793103448275867,0.17241379310344826,0.0,0.24137931034482762,-0.27586206896551724,0.5172413793103448,0.5517241379310345,0.5517241379310345,0.8620689655172413,0.5172413793103448,-0.17241379310344818,0.06896551724137931,-0.7931034482758621,-0.4482758620689655,-0.034482758620689724,-0.03448275862068967,0,,,0.0,True
1610612742,2022,2022-23,Dallas Mavericks,115.9,116.1,-0.2,97.21,17.4,0.124,0.565,0.565,0.298,0.124,0.226,0.549,0.29,0.133,0.283,-1.0,West,11,38,44,0.463,False,False,False,0.8275862068965517,0.8275862068965517,0.3448275862068966,0.06896551724137931,0.20689655172413793,0.034482758620689655,0.8620689655172413,0.8620689655172413,0.9310344827586207,0.034482758620689655,0.0,0.6551724137931034,0.896551724137931,0.27586206896551724,0.5517241379310345,0.4482758620689655,21,True,0.7586206896551724,0.5862068965517241,0.5172413793103449,0.7931034482758621,0.3448275862068966,0.06896551724137931,0.7586206896551724,0.7586206896551724,0.5862068965517241,0.06896551724137931,0.1724137931034483,0.5517241379310345,0.41379310344827586,0.4482758620689655,0.6896551724137931,0.9310344827586207,True,True,-0.06896551724137934,-0.24137931034482762,0.1724137931034483,0.7241379310344828,0.13793103448275865,0.034482758620689655,-0.10344827586206895,-0.10344827586206895,-0.3448275862068966,0.034482758620689655,0.1724137931034483,-0.10344827586206895,-0.4827586206896552,0.1724137931034483,0.13793103448275867,0.48275862068965514,2,12.0,1294.2816666666668,1630.4933333333333,False
1610612747,2025,2025-26,Los Angeles Lakers,117.0,115.5,1.5,99.22,18.7,0.146,0.573,0.573,0.32,0.146,0.285,0.555,0.241,0.147,0.3,26.0,West,4,53,29,0.646,True,True,True,0.6896551724137931,0.6206896551724138,0.5517241379310345,0.27586206896551724,0.5172413793103449,0.5517241379310345,0.9655172413793104,0.9655172413793104,1.0,0.5517241379310345,0.20689655172413793,0.7241379310344828,0.13793103448275862,0.5172413793103449,0.3793103448275862,1.0,6,False,,,,,,,,,,,,,,,,,,,,,,,,,,,,,,,,,,,0,,,0.0,False
1610612754,2025,2025-26,Indiana Pacers,110.1,117.9,-7.8,101.78,19.4,0.142,0.533,0.533,0.252,0.142,0.263,0.556,0.282,0.132,0.305,-11.2,East,14,19,63,0.232,False,False,False,0.06896551724137931,0.7931034482758621,0.13793103448275862,0.7931034482758621,0.6551724137931034,0.4482758620689655,0.20689655172413793,0.20689655172413793,0.3448275862068966,0.4482758620689655,0.0,0.7931034482758621,0.7931034482758621,0.20689655172413793,0.4482758620689655,0.13793103448275862,29,True,,,,,,,,,,,,,,,,,,,,,,,,,,,,,,,,,,,0,,,0.0,False
1610612762,2020,2020-21,Utah Jazz,116.5,107.5,9.0,99.37,17.3,0.142,0.563,0.563,0.244,0.142,0.284,0.507,0.207,0.115,0.243,10.4,West,1,52,20,0.722,True,True,True,0.8620689655172413,0.06896551724137931,1.0,0.4827586206896552,0.27586206896551724,0.6206896551724138,0.8620689655172413,0.8620689655172413,0.5862068965517241,0.6206896551724138,0.8275862068965517,0.0,0.034482758620689655,0.0,0.034482758620689655,0.8275862068965517,1,False,1.0,0.3103448275862069,0.9310344827586207,0.2413793103448276,0.10344827586206896,0.6551724137931034,0.9655172413793104,0.9655172413793104,0.896551724137931,0.6551724137931034,0.8620689655172413,0.1724137931034483,0.0,0.034482758620689655,0.13793103448275862,0.2413793103448276,True,True,0.13793103448275867,0.2413793103448276,-0.06896551724137934,-0.2413793103448276,-0.1724137931034483,0.03448275862068961,0.10344827586206906,0.10344827586206906,0.31034482758620696,0.03448275862068961,0.03448275862068961,0.1724137931034483,-0.034482758620689655,0.034482758620689655,0.10344827586206896,-0.5862068965517241,1,40.0,359.7733333333333,359.7733333333333,False
1610612762,2023,2023-24,Utah Jazz,114.5,119.6,-5.1,100.26,18.9,0.155,0.539,0.539,0.251,0.155,0.325,0.567,0.235,0.122,0.283,9.9,West,12,31,51,0.378,False,False,False,0.41379310344827586,1.0,0.2413793103448276,0.6896551724137931,0.4482758620689655,1.0,0.41379310344827586,0.41379310344827586,0.5862068965517241,1.0,0.9655172413793104,0.9310344827586207,0.27586206896551724,0.034482758620689655,0.5172413793103449,0.6896551724137931,23,True,0.20689655172413793,1.0,0.06896551724137931,0.8275862068965517,0.20689655172413793,1.0,0.3103448275862069,0.3103448275862069,0.7586206896551724,1.0,0.7931034482758621,0.896551724137931,0.4827586206896552,0.0,0.5172413793103449,0.0,False,False,-0.20689655172413793,0.0,-0.1724137931034483,0.13793103448275856,-0.2413793103448276,0.0,-0.10344827586206895,-0.10344827586206895,0.1724137931034483,0.0,-0.1724137931034483,-0.03448275862068961,0.20689655172413796,-0.034482758620689655,0.0,-0.6896551724137931,3,10.0,1839.1066666666666,4420.258333333333,False
1610612763,2023,2023-24,Memphis Grizzlies,106.8,113.7,-6.9,98.68,17.9,0.152,0.509,0.509,0.238,0.152,0.287,0.551,0.25,0.152,0.294,-8.0,West,13,27,55,0.329,False,False,False,0.0,0.3793103448275862,0.13793103448275862,0.4482758620689655,0.10344827586206896,0.9310344827586207,0.034482758620689655,0.034482758620689655,0.41379310344827586,0.9310344827586207,0.5517241379310345,0.6206896551724138,0.5862068965517241,0.9310344827586207,0.7586206896551724,0.3103448275862069,24,True,0.8275862068965517,0.3448275862068966,0.8275862068965517,1.0,0.6206896551724138,0.7586206896551724,0.6206896551724138,0.6206896551724138,0.6551724137931034,0.7586206896551724,0.9310344827586207,0.1724137931034483,0.8275862068965517,0.5517241379310345,0.6551724137931034,0.7586206896551724,True,True,0.8275862068965517,-0.03448275862068961,0.6896551724137931,0.5517241379310345,0.5172413793103449,-0.1724137931034483,0.5862068965517242,0.5862068965517242,0.24137931034482757,-0.1724137931034483,0.3793103448275862,-0.4482758620689655,0.24137931034482762,-0.3793103448275862,-0.10344827586206895,0.44827586206896547,3,9.0,2043.4816666666666,3711.49,False
1610612761,2018,2018-19,Toronto Raptors,112.6,106.8,5.8,100.51,18.2,0.138,0.543,0.543,0.247,0.138,0.265,0.509,0.249,0.147,0.274,7.5,East,2,58,24,0.707,True,True,True,0.8620689655172413,0.13793103448275862,0.9310344827586207,0.5172413793103449,0.6551724137931034,0.41379310344827586,0.9310344827586207,0.9310344827586207,0.3103448275862069,0.41379310344827586,0.3793103448275862,0.10344827586206896,0.3793103448275862,0.7241379310344828,0.5862068965517241,0.8620689655172413,2,False,0.5862068965517241,0.034482758620689655,0.896551724137931,0.6206896551724138,0.7241379310344828,0.5517241379310345,0.7586206896551724,0.7586206896551724,0.5517241379310345,0.5517241379310345,0.20689655172413793,0.034482758620689655,0.4827586206896552,0.9655172413793104,0.7241379310344828,0.9655172413793104,True,True,-0.27586206896551724,-0.10344827586206896,-0.03448275862068961,0.10344827586206895,0.06896551724137934,0.13793103448275862,-0.1724137931034483,-0.1724137931034483,0.24137931034482757,0.13793103448275862,-0.17241379310344826,-0.06896551724137931,0.103448275862069,0.24137931034482762,0.13793103448275867,0.10344827586206906,1,59.0,28.235,28.235,False
1610612745,2019,2019-20,Houston Rockets,112.5,109.8,2.7,104.04,15.5,0.14,0.537,0.537,0.288,0.14,0.249,0.529,0.259,0.154,0.287,19.9,West,4,44,28,0.611,True,True,True,0.8275862068965517,0.4827586206896552,0.7586206896551724,0.9655172413793104,0.034482758620689655,0.3103448275862069,0.7931034482758621,0.7931034482758621,0.896551724137931,0.3103448275862069,0.13793103448275862,0.4482758620689655,0.41379310344827586,0.8275862068965517,0.8620689655172413,0.9310344827586207,8,False,0.10344827586206896,0.896551724137931,0.10344827586206896,0.8275862068965517,0.1724137931034483,0.7586206896551724,0.20689655172413793,0.20689655172413793,0.6551724137931034,0.7586206896551724,0.034482758620689655,0.896551724137931,0.5862068965517241,0.6551724137931034,0.8275862068965517,0.06896551724137931,False,False,-0.7241379310344828,0.41379310344827586,-0.6551724137931034,-0.13793103448275867,0.13793103448275862,0.44827586206896547,-0.5862068965517242,-0.5862068965517242,-0.24137931034482762,0.44827586206896547,-0.10344827586206896,0.4482758620689655,0.17241379310344823,-0.1724137931034483,-0.03448275862068961,-0.8620689655172413,1,52.0,1067.6483333333333,1067.6483333333333,True
1610612751,2019,2019-20,Brooklyn Nets,108.7,109.2,-0.5,101.7,17.3,0.148,0.52,0.52,0.267,0.148,0.28,0.511,0.243,0.124,0.264,3.2,East,7,35,37,0.486,True,True,True,0.27586206896551724,0.3103448275862069,0.5172413793103449,0.6896551724137931,0.3793103448275862,0.6896551724137931,0.2413793103448276,0.2413793103448276,0.6551724137931034,0.6896551724137931,0.7241379310344828,0.13793103448275862,0.27586206896551724,0.034482758620689655,0.3793103448275862,0.5862068965517241,14,False,1.0,0.7241379310344828,0.7931034482758621,0.6551724137931034,0.8620689655172413,0.3793103448275862,1.0,1.0,0.7586206896551724,0.3793103448275862,0.2413793103448276,0.20689655172413793,0.41379310344827586,0.06896551724137931,0.7586206896551724,0.7931034482758621,True,True,0.7241379310344828,0.41379310344827586,0.27586206896551724,-0.034482758620689724,0.48275862068965514,-0.31034482758620696,0.7586206896551724,0.7586206896551724,0.10344827586206895,-0.31034482758620696,-0.48275862068965514,0.06896551724137931,0.13793103448275862,0.034482758620689655,0.3793103448275862,0.206896551724138,1,57.0,210.67,210.67,True
1610612752,2020,2020-21,New York Knicks,110.2,107.8,2.4,96.32,16.3,0.133,0.524,0.524,0.242,0.133,0.264,0.509,0.257,0.131,0.262,12.5,East,4,41,31,0.569,True,True,True,0.27586206896551724,0.10344827586206896,0.7241379310344828,0.0,0.06896551724137931,0.2413793103448276,0.2413793103448276,0.2413793103448276,0.4482758620689655,0.2413793103448276,0.4482758620689655,0.034482758620689655,0.6206896551724138,0.3103448275862069,0.3793103448275862,0.9310344827586207,11,False,0.2413793103448276,0.3448275862068966,0.3793103448275862,0.034482758620689655,0.034482758620689655,0.3793103448275862,0.13793103448275862,0.13793103448275862,0.9310344827586207,0.3793103448275862,0.8275862068965517,0.1724137931034483,0.7931034482758621,0.1724137931034483,0.10344827586206896,0.0,False,False,-0.03448275862068964,0.24137931034482762,-0.3448275862068966,0.034482758620689655,-0.034482758620689655,0.1379310344827586,-0.10344827586206898,-0.10344827586206898,0.48275862068965514,0.1379310344827586,0.3793103448275862,0.13793103448275862,0.1724137931034483,-0.13793103448275862,-0.27586206896551724,-0.9310344827586207,3,25.0,786.2266666666667,1713.4816666666666,True
1610612737,2022,2022-23,Atlanta Hawks,115.5,115.4,0.1,101.56,17.6,0.126,0.541,0.541,0.244,0.126,0.289,0.552,0.257,0.138,0.283,-15.9,East,8,41,41,0.5,True,True,True,0.7586206896551724,0.7241379310344828,0.3793103448275862,0.8275862068965517,0.27586206896551724,0.06896551724137931,0.3448275862068966,0.3448275862068966,0.13793103448275862,0.06896551724137931,0.6206896551724138,0.7241379310344828,0.2413793103448276,0.4482758620689655,0.5517241379310345,0.034482758620689655,17,False,0.6206896551724138,0.896551724137931,0.3103448275862069,0.8275862068965517,0.27586206896551724,0.41379310344827586,0.41379310344827586,0.41379310344827586,0.5862068965517241,0.41379310344827586,0.8620689655172413,0.9655172413793104,0.5172413793103449,0.6551724137931034,0.5172413793103449,0.13793103448275862,True,False,-0.13793103448275856,0.1724137931034483,-0.06896551724137928,0.0,0.0,0.3448275862068966,0.06896551724137928,0.06896551724137928,0.44827586206896547,0.3448275862068966,0.2413793103448275,0.24137931034482762,0.27586206896551724,0.2068965517241379,-0.03448275862068961,0.10344827586206896,3,15.0,196.00333333333333,320.7866666666667,False
1610612763,2024,2024-25,Memphis Grizzlies,117.2,112.6,4.7,103.69,19.1,0.151,0.554,0.554,0.249,0.151,0.33,0.533,0.267,0.146,0.298,7.5,West,8,48,34,0.585,True,True,True,0.8275862068965517,0.3448275862068966,0.8275862068965517,1.0,0.6206896551724138,0.7586206896551724,0.6206896551724138,0.6206896551724138,0.6551724137931034,0.7586206896551724,0.9310344827586207,0.1724137931034483,0.8275862068965517,0.5517241379310345,0.6551724137931034,0.7586206896551724,11,False,0.2413793103448276,0.896551724137931,0.20689655172413793,0.7586206896551724,0.6206896551724138,0.6551724137931034,0.20689655172413793,0.20689655172413793,0.3103448275862069,0.6551724137931034,0.5172413793103449,0.8620689655172413,0.4827586206896552,0.7241379310344828,1.0,0.06896551724137931,False,False,-0.5862068965517241,0.5517241379310345,-0.6206896551724138,-0.24137931034482762,0.0,-0.10344827586206895,-0.4137931034482759,-0.4137931034482759,-0.3448275862068965,-0.10344827586206895,-0.4137931034482758,0.689655172413793,-0.3448275862068965,0.1724137931034483,0.3448275862068966,-0.689655172413793,4,11.0,1597.9466666666667,4511.541666666667,False
1610612753,2022,2022-23,Orlando Magic,111.3,113.7,-2.3,99.66,17.0,0.151,0.532,0.532,0.29,0.151,0.281,0.55,0.265,0.146,0.27,-9.3,East,13,34,48,0.415,False,False,False,0.13793103448275862,0.5862068965517241,0.20689655172413793,0.5172413793103449,0.10344827586206896,0.896551724137931,0.2413793103448276,0.2413793103448276,0.8620689655172413,0.896551724137931,0.5172413793103449,0.6896551724137931,0.41379310344827586,0.6896551724137931,0.2413793103448276,0.13793103448275862,25,True,0.27586206896551724,0.06896551724137931,0.5517241379310345,0.10344827586206896,0.1724137931034483,0.8275862068965517,0.5172413793103449,0.5172413793103449,1.0,0.8275862068965517,0.7931034482758621,0.41379310344827586,0.7931034482758621,0.9655172413793104,0.034482758620689655,0.5517241379310345,True,True,0.13793103448275862,-0.5172413793103448,0.3448275862068966,-0.4137931034482759,0.06896551724137932,-0.06896551724137934,0.27586206896551724,0.27586206896551724,0.13793103448275867,-0.06896551724137934,0.27586206896551724,-0.2758620689655173,0.37931034482758624,0.27586206896551724,-0.20689655172413796,0.41379310344827586,2,6.0,1164.21,1230.7266666666667,False
1610612739,2025,2025-26,Cleveland Cavaliers,118.3,114.1,4.1,100.7,19.7,0.138,0.561,0.561,0.265,0.138,0.307,0.543,0.263,0.149,0.308,14.5,East,4,52,30,0.634,True,True,True,0.8275862068965517,0.4827586206896552,0.7241379310344828,0.5862068965517241,0.8275862068965517,0.2413793103448276,0.8620689655172413,0.8620689655172413,0.4827586206896552,0.2413793103448276,0.7241379310344828,0.4482758620689655,0.5172413793103449,0.6896551724137931,0.5862068965517241,0.8620689655172413,8,False,,,,,,,,,,,,,,,,,,,,,,,,,,,,,,,,,,,0,,,0.0,False
1610612749,2017,2017-18,Milwaukee Bucks,109.0,109.1,-0.2,97.03,17.7,0.142,0.531,0.531,0.281,0.142,0.244,0.528,0.281,0.159,0.291,2.3,East,7,44,38,0.537,True,True,True,0.6896551724137931,0.5862068965517241,0.3448275862068966,0.3448275862068966,0.7931034482758621,0.3793103448275862,0.7586206896551724,0.7586206896551724,0.896551724137931,0.3793103448275862,0.13793103448275862,0.6551724137931034,0.9310344827586207,0.9310344827586207,1.0,0.6551724137931034,15,False,0.896551724137931,0.0,1.0,0.8620689655172413,0.6896551724137931,0.1724137931034483,0.9655172413793104,0.9655172413793104,0.41379310344827586,0.1724137931034483,0.13793103448275862,0.0,0.0,0.13793103448275862,0.034482758620689655,0.6206896551724138,True,True,0.2068965517241379,-0.5862068965517241,0.6551724137931034,0.5172413793103448,-0.10344827586206895,-0.2068965517241379,0.206896551724138,0.206896551724138,-0.4827586206896552,-0.2068965517241379,0.0,-0.6551724137931034,-0.9310344827586207,-0.7931034482758621,-0.9655172413793104,-0.03448275862068961,1,17.0,411.2866666666667,411.2866666666667,False
1610612744,2021,2021-22,Golden State Warriors,112.1,106.6,5.5,98.74,19.5,0.15,0.552,0.552,0.235,0.15,0.269,0.509,0.265,0.147,0.264,4.0,West,3,53,29,0.646,True,True,True,0.4827586206896552,0.034482758620689655,0.896551724137931,0.4827586206896552,0.8620689655172413,0.9655172413793104,0.9310344827586207,0.9310344827586207,0.2413793103448276,0.9655172413793104,0.4482758620689655,0.034482758620689655,0.8620689655172413,0.7931034482758621,0.1724137931034483,0.7241379310344828,3,False,0.6896551724137931,0.4482758620689655,0.6551724137931034,1.0,0.9655172413793104,0.9655172413793104,0.9310344827586207,0.9310344827586207,0.0,0.9655172413793104,0.4827586206896552,0.27586206896551724,0.7586206896551724,0.4482758620689655,0.5172413793103449,0.5517241379310345,True,True,0.20689655172413796,0.41379310344827586,-0.24137931034482762,0.5172413793103448,0.10344827586206906,0.0,0.0,0.0,-0.2413793103448276,0.0,0.03448275862068967,0.24137931034482757,-0.10344827586206895,-0.3448275862068966,0.3448275862068966,-0.1724137931034483,2,28.0,225.845,287.915,False
1610612747,2022,2022-23,Los Angeles Lakers,113.9,113.2,0.7,101.92,17.9,0.137,0.542,0.542,0.299,0.137,0.269,0.535,0.222,0.123,0.273,2.8,West,7,43,39,0.524,True,True,True,0.3793103448275862,0.3793103448275862,0.4827586206896552,0.896551724137931,0.41379310344827586,0.3448275862068966,0.41379310344827586,0.41379310344827586,0.9655172413793104,0.3448275862068966,0.27586206896551724,0.1724137931034483,0.0,0.034482758620689655,0.3103448275862069,0.5862068965517241,14,False,0.5172413793103449,0.5517241379310345,0.3793103448275862,0.896551724137931,0.8275862068965517,0.5517241379310345,0.8620689655172413,0.8620689655172413,0.9655172413793104,0.5517241379310345,0.034482758620689655,0.5862068965517241,0.034482758620689655,0.27586206896551724,0.2413793103448276,0.7241379310344828,True,True,0.13793103448275867,0.1724137931034483,-0.103448275862069,0.0,0.41379310344827586,0.2068965517241379,0.44827586206896547,0.44827586206896547,0.0,0.2068965517241379,-0.24137931034482757,0.4137931034482758,0.034482758620689655,0.24137931034482757,-0.06896551724137931,0.13793103448275867,2,17.0,108.98333333333333,211.80833333333334,False
1610612764,2023,2023-24,Washington Wizards,110.2,118.9,-8.7,103.07,19.5,0.136,0.538,0.538,0.221,0.136,0.24,0.562,0.258,0.136,0.317,-37.0,East,14,15,67,0.183,False,False,False,0.1724137931034483,0.9310344827586207,0.10344827586206896,1.0,0.7241379310344828,0.5172413793103449,0.3448275862068966,0.3448275862068966,0.10344827586206896,0.5172413793103449,0.0,0.8620689655172413,0.7586206896551724,0.3793103448275862,1.0,0.0,29,True,0.0,0.9310344827586207,0.0,0.896551724137931,0.1724137931034483,0.8275862068965517,0.06896551724137931,0.06896551724137931,0.13793103448275862,0.8275862068965517,0.20689655172413793,0.6896551724137931,0.7241379310344828,0.1724137931034483,0.896551724137931,0.1724137931034483,False,False,-0.1724137931034483,0.0,-0.10344827586206896,-0.10344827586206895,-0.5517241379310345,0.31034482758620685,-0.27586206896551724,-0.27586206896551724,0.034482758620689655,0.31034482758620685,0.20689655172413793,-0.17241379310344818,-0.03448275862068961,-0.2068965517241379,-0.10344827586206895,0.1724137931034483,4,2.0,2457.79,6712.588333333333,True
1610612750,2025,2025-26,Minnesota Timberwolves,115.6,112.5,3.1,101.5,18.3,0.145,0.559,0.559,0.285,0.145,0.302,0.529,0.282,0.147,0.309,-1.2,West,6,49,33,0.598,True,True,True,0.5862068965517241,0.2413793103448276,0.6896551724137931,0.6896551724137931,0.3448275862068966,0.5172413793103449,0.7586206896551724,0.7586206896551724,0.7931034482758621,0.5172413793103449,0.5517241379310345,0.13793103448275862,0.7931034482758621,0.5172413793103449,0.6206896551724138,0.4827586206896552,10,False,,,,,,,,,,,,,,,,,,,,,,,,,,,,,,,,,,,0,,,0.0,False
1610612741,2019,2019-20,Chicago Bulls,105.8,108.9,-3.1,100.46,16.9,0.153,0.515,0.515,0.231,0.153,0.267,0.546,0.315,0.181,0.281,-15.9,East,11,22,43,0.338,False,False,False,0.034482758620689655,0.27586206896551724,0.27586206896551724,0.4827586206896552,0.27586206896551724,0.8620689655172413,0.1724137931034483,0.1724137931034483,0.10344827586206896,0.8620689655172413,0.4827586206896552,0.8620689655172413,1.0,1.0,0.7586206896551724,0.1724137931034483,24,True,0.3103448275862069,0.3448275862068966,0.3448275862068966,0.5862068965517241,0.7586206896551724,0.8620689655172413,0.6896551724137931,0.6896551724137931,0.0,0.8620689655172413,0.4827586206896552,0.4482758620689655,0.5172413793103449,0.13793103448275862,0.0,0.20689655172413793,False,False,0.27586206896551724,0.06896551724137934,0.06896551724137934,0.1034482758620689,0.48275862068965514,0.0,0.5172413793103449,0.5172413793103449,-0.10344827586206896,0.0,0.0,-0.4137931034482758,-0.48275862068965514,-0.8620689655172413,-0.7586206896551724,0.03448275862068964,1,4.0,1983.3566666666666,1983.3566666666666,True
1610612761,2021,2021-22,Toronto Raptors,112.1,109.9,2.2,96.63,16.1,0.128,0.51,0.51,0.234,0.128,0.325,0.535,0.252,0.162,0.286,9.5,East,5,48,34,0.585,True,True,True,0.4827586206896552,0.27586206896551724,0.6206896551724138,0.10344827586206896,0.0,0.06896551724137931,0.10344827586206896,0.10344827586206896,0.1724137931034483,0.06896551724137931,0.9655172413793104,0.5517241379310345,0.5517241379310345,1.0,0.7241379310344828,0.7931034482758621,10,False,0.5862068965517241,0.3103448275862069,0.6206896551724138,0.1724137931034483,0.13793103448275862,0.0,0.06896551724137931,0.06896551724137931,0.27586206896551724,0.0,0.9310344827586207,0.9655172413793104,0.7931034482758621,1.0,0.4482758620689655,0.6896551724137931,True,False,0.1034482758620689,0.03448275862068967,0.0,0.06896551724137932,0.13793103448275862,-0.06896551724137931,-0.034482758620689655,-0.034482758620689655,0.10344827586206895,-0.06896551724137931,-0.034482758620689724,0.4137931034482759,0.24137931034482762,0.0,-0.27586206896551724,-0.10344827586206895,1,33.0,801.7933333333333,801.7933333333333,False
1610612764,2025,2025-26,Washington Wizards,109.7,121.5,-11.8,102.49,17.6,0.152,0.535,0.535,0.235,0.152,0.285,0.563,0.292,0.134,0.336,-11.7,East,15,17,65,0.207,False,False,False,0.034482758620689655,1.0,0.0,0.8275862068965517,0.06896551724137931,0.7931034482758621,0.3103448275862069,0.3103448275862069,0.13793103448275862,0.7931034482758621,0.20689655172413793,0.896551724137931,0.9310344827586207,0.27586206896551724,0.9655172413793104,0.10344827586206896,30,True,,,,,,,,,,,,,,,,,,,,,,,,,,,,,,,,,,,0,,,0.0,False
1610612757,2016,2016-17,Portland Trail Blazers,109.4,110.0,-0.6,97.38,16.0,0.139,0.52,0.52,0.275,0.139,0.269,0.508,0.307,0.13,0.28,2.4,West,8,41,41,0.5,True,True,True,0.6551724137931034,0.7241379310344828,0.41379310344827586,0.6206896551724138,0.1724137931034483,0.3103448275862069,0.6551724137931034,0.6551724137931034,0.5172413793103449,0.3103448275862069,0.3793103448275862,0.3448275862068966,0.9310344827586207,0.06896551724137931,0.4827586206896552,0.6206896551724138,15,False,0.5517241379310345,0.1724137931034483,0.7241379310344828,0.3793103448275862,0.0,0.2413793103448276,0.2413793103448276,0.2413793103448276,0.3793103448275862,0.2413793103448276,0.7586206896551724,0.10344827586206896,0.6206896551724138,0.034482758620689655,0.1724137931034483,0.6896551724137931,True,True,-0.10344827586206895,-0.5517241379310345,0.3103448275862069,-0.24137931034482762,-0.1724137931034483,-0.06896551724137931,-0.4137931034482758,-0.4137931034482758,-0.13793103448275867,-0.06896551724137931,0.3793103448275862,-0.24137931034482762,-0.31034482758620685,-0.034482758620689655,-0.3103448275862069,0.06896551724137934,2,10.0,1045.45,1234.7966666666666,False
1610612748,2018,2018-19,Miami Heat,106.7,107.1,-0.4,98.73,17.6,0.149,0.515,0.515,0.247,0.149,0.291,0.51,0.262,0.143,0.269,-5.3,East,10,39,43,0.476,False,True,False,0.13793103448275862,0.20689655172413793,0.4482758620689655,0.2413793103448276,0.4482758620689655,0.8620689655172413,0.3103448275862069,0.3103448275862069,0.3103448275862069,0.8620689655172413,0.8275862068965517,0.13793103448275862,0.6206896551724138,0.6206896551724138,0.3793103448275862,0.2413793103448276,17,False,0.7586206896551724,0.3793103448275862,0.7586206896551724,0.10344827586206896,0.896551724137931,0.7241379310344828,0.9310344827586207,0.9310344827586207,1.0,0.7241379310344828,0.2413793103448276,0.3448275862068966,0.6206896551724138,0.3793103448275862,0.034482758620689655,0.20689655172413793,True,True,0.6206896551724137,0.17241379310344826,0.31034482758620685,-0.13793103448275862,0.4482758620689655,-0.13793103448275856,0.6206896551724137,0.6206896551724137,0.6896551724137931,-0.13793103448275856,-0.5862068965517241,0.20689655172413796,0.0,-0.24137931034482762,-0.3448275862068965,-0.03448275862068967,2,13.0,1508.08,1534.0549999999998,True
1610612746,2025,2025-26,LA Clippers,116.3,115.2,1.1,97.29,17.7,0.147,0.559,0.559,0.295,0.147,0.284,0.545,0.248,0.146,0.319,-4.9,West,9,42,40,0.512,False,True,False,0.6551724137931034,0.5862068965517241,0.4827586206896552,0.06896551724137931,0.1724137931034483,0.5862068965517241,0.7586206896551724,0.7586206896551724,0.9310344827586207,0.5862068965517241,0.1724137931034483,0.5172413793103449,0.27586206896551724,0.4827586206896552,0.8275862068965517,0.3448275862068966,18,False,,,,,,,,,,,,,,,,,,,,,,,,,,,,,,,,,,,0,,,0.0,False
1610612765,2024,2024-25,Detroit Pistons,114.6,112.5,2.1,100.27,18.6,0.147,0.547,0.547,0.248,0.147,0.305,0.539,0.276,0.149,0.286,-8.9,East,6,44,38,0.537,True,True,True,0.5517241379310345,0.3103448275862069,0.5862068965517241,0.6551724137931034,0.3793103448275862,0.6551724137931034,0.4827586206896552,0.4827586206896552,0.6206896551724138,0.6551724137931034,0.6896551724137931,0.3103448275862069,0.896551724137931,0.6551724137931034,0.3448275862068966,0.20689655172413793,14,False,0.7241379310344828,0.034482758620689655,0.9310344827586207,0.3793103448275862,0.5862068965517241,0.7586206896551724,0.4827586206896552,0.4827586206896552,0.8620689655172413,0.7586206896551724,0.896551724137931,0.0,1.0,1.0,0.6551724137931034,0.8275862068965517,True,True,0.1724137931034483,-0.27586206896551724,0.3448275862068966,-0.27586206896551724,0.2068965517241379,0.10344827586206895,0.0,0.0,0.2413793103448275,0.10344827586206895,0.2068965517241379,-0.3103448275862069,0.10344827586206895,0.3448275862068966,0.31034482758620685,0.6206896551724138,1,37.0,262.005,262.005,False
1610612758,2020,2020-21,Sacramento Kings,112.7,116.5,-3.8,100.71,18.4,0.133,0.549,0.549,0.248,0.133,0.253,0.557,0.253,0.136,0.287,-5.1,West,12,31,41,0.431,False,False,False,0.6206896551724138,1.0,0.20689655172413793,0.7241379310344828,0.6896551724137931,0.2413793103448276,0.7241379310344828,0.7241379310344828,0.6206896551724138,0.2413793103448276,0.3103448275862069,1.0,0.5172413793103449,0.4482758620689655,0.9655172413793104,0.41379310344827586,21,True,0.20689655172413793,0.896551724137931,0.1724137931034483,0.7241379310344828,0.2413793103448276,0.4827586206896552,0.27586206896551724,0.27586206896551724,0.8275862068965517,0.4827586206896552,0.27586206896551724,0.896551724137931,0.20689655172413793,0.3793103448275862,0.7241379310344828,0.5517241379310345,False,False,-0.4137931034482759,-0.10344827586206895,-0.03448275862068964,0.0,-0.4482758620689655,0.2413793103448276,-0.4482758620689655,-0.4482758620689655,0.2068965517241379,0.2413793103448276,-0.03448275862068967,-0.10344827586206895,-0.31034482758620696,-0.06896551724137934,-0.24137931034482762,0.13793103448275862,2,9.0,2075.825,2195.4249999999997,True
1610612756,2024,2024-25,Phoenix Suns,114.7,117.7,-3.0,98.31,20.0,0.142,0.561,0.561,0.241,0.142,0.264,0.552,0.242,0.123,0.291,-4.7,West,11,36,46,0.439,False,False,False,0.5862068965517241,0.896551724137931,0.2413793103448276,0.3103448275862069,0.8620689655172413,0.5172413793103449,0.8275862068965517,0.8275862068965517,0.3793103448275862,0.5172413793103449,0.13793103448275862,0.7931034482758621,0.41379310344827586,0.06896551724137931,0.41379310344827586,0.3448275862068966,21,True,0.41379310344827586,0.27586206896551724,0.5172413793103449,0.20689655172413793,0.06896551724137931,0.5862068965517241,0.3793103448275862,0.3793103448275862,0.06896551724137931,0.5862068965517241,0.8275862068965517,0.3103448275862069,0.7241379310344828,0.9310344827586207,0.896551724137931,0.27586206896551724,True,True,-0.17241379310344823,-0.6206896551724138,0.27586206896551724,-0.10344827586206898,-0.793103448275862,0.06896551724137923,-0.4482758620689655,-0.4482758620689655,-0.31034482758620685,0.06896551724137923,0.6896551724137931,-0.4827586206896552,0.3103448275862069,0.8620689655172413,0.4827586206896552,-0.06896551724137934,3,10.0,673.4016666666666,1168.2933333333333,False
1610612762,2016,2016-17,Utah Jazz,109.0,104.7,4.3,92.09,16.2,0.148,0.526,0.526,0.288,0.148,0.27,0.493,0.253,0.131,0.257,11.9,West,5,51,31,0.622,True,True,True,0.6206896551724138,0.06896551724137931,0.8275862068965517,0.0,0.2413793103448276,0.6896551724137931,0.7586206896551724,0.7586206896551724,0.7586206896551724,0.6896551724137931,0.41379310344827586,0.06896551724137931,0.27586206896551724,0.13793103448275862,0.10344827586206896,0.8275862068965517,5,False,0.4827586206896552,0.0,0.8620689655172413,0.1724137931034483,0.41379310344827586,0.7931034482758621,0.6896551724137931,0.6896551724137931,0.6206896551724138,0.7931034482758621,0.27586206896551724,0.1724137931034483,0.4482758620689655,0.8275862068965517,0.06896551724137931,0.7586206896551724,True,True,-0.13793103448275862,-0.06896551724137931,0.03448275862068961,0.1724137931034483,0.17241379310344826,0.10344827586206895,-0.06896551724137923,-0.06896551724137923,-0.13793103448275856,0.10344827586206895,-0.13793103448275862,0.10344827586206898,0.1724137931034483,0.6896551724137931,-0.034482758620689655,-0.06896551724137934,2,13.0,2638.11,2667.21,False
1610612737,2021,2021-22,Atlanta Hawks,115.4,113.7,1.6,98.67,18.1,0.12,0.543,0.543,0.253,0.12,0.269,0.543,0.224,0.129,0.269,-8.8,East,9,43,39,0.524,True,True,True,0.9655172413793104,0.8620689655172413,0.5517241379310345,0.4482758620689655,0.5517241379310345,0.0,0.7586206896551724,0.7586206896551724,0.6551724137931034,0.0,0.4482758620689655,0.7931034482758621,0.1724137931034483,0.06896551724137931,0.3448275862068966,0.20689655172413793,16,False,0.7586206896551724,0.7241379310344828,0.3793103448275862,0.8275862068965517,0.27586206896551724,0.06896551724137931,0.3448275862068966,0.3448275862068966,0.13793103448275862,0.06896551724137931,0.6206896551724138,0.7241379310344828,0.2413793103448276,0.4482758620689655,0.5517241379310345,0.034482758620689655,True,True,-0.206896551724138,-0.13793103448275856,-0.1724137931034483,0.3793103448275862,-0.27586206896551724,0.06896551724137931,-0.4137931034482758,-0.4137931034482758,-0.5172413793103448,0.06896551724137931,0.1724137931034483,-0.06896551724137934,0.06896551724137931,0.3793103448275862,0.2068965517241379,-0.1724137931034483,2,16.0,1401.435,1466.975,True
1610612740,2020,2020-21,New Orleans Pelicans,113.0,113.3,-0.3,100.54,18.3,0.144,0.537,0.537,0.293,0.144,0.302,0.55,0.236,0.132,0.245,4.1,West,11,31,41,0.431,False,False,False,0.6551724137931034,0.7586206896551724,0.41379310344827586,0.6896551724137931,0.6551724137931034,0.6896551724137931,0.4482758620689655,0.4482758620689655,0.9655172413793104,0.6896551724137931,1.0,0.8275862068965517,0.27586206896551724,0.3793103448275862,0.06896551724137931,0.6896551724137931,21,True,0.3793103448275862,0.5862068965517241,0.3103448275862069,0.3103448275862069,0.5517241379310345,0.6551724137931034,0.20689655172413793,0.20689655172413793,0.8275862068965517,0.6551724137931034,0.896551724137931,0.8620689655172413,0.41379310344827586,0.7241379310344828,0.06896551724137931,0.3103448275862069,True,True,-0.27586206896551724,-0.1724137931034483,-0.10344827586206895,-0.37931034482758624,-0.10344827586206895,-0.034482758620689724,-0.2413793103448276,-0.2413793103448276,-0.13793103448275867,-0.034482758620689724,-0.10344827586206895,0.03448275862068961,0.13793103448275862,0.3448275862068966,0.0,-0.37931034482758624,2,17.0,2335.1833333333334,3198.7783333333336,False
1610612741,2024,2024-25,Chicago Bulls,113.2,114.8,-1.6,103.61,19.9,0.141,0.553,0.553,0.214,0.141,0.26,0.539,0.226,0.121,0.278,11.7,East,9,39,43,0.476,False,True,False,0.3448275862068966,0.5862068965517241,0.3448275862068966,0.9655172413793104,0.7931034482758621,0.4482758620689655,0.5862068965517241,0.5862068965517241,0.034482758620689655,0.4482758620689655,0.06896551724137931,0.3103448275862069,0.20689655172413793,0.034482758620689655,0.13793103448275862,0.8620689655172413,18,False,0.1724137931034483,0.7241379310344828,0.2413793103448276,0.9310344827586207,0.7241379310344828,0.6551724137931034,0.5517241379310345,0.5517241379310345,0.27586206896551724,0.6551724137931034,0.10344827586206896,0.6551724137931034,0.1724137931034483,0.034482758620689655,0.20689655172413793,0.5172413793103449,False,False,-0.1724137931034483,0.13793103448275867,-0.10344827586206898,-0.034482758620689724,-0.06896551724137934,0.2068965517241379,-0.03448275862068961,-0.03448275862068961,0.24137931034482757,0.2068965517241379,0.034482758620689655,0.3448275862068965,-0.03448275862068964,0.0,0.06896551724137931,-0.34482758620689646,2,12.0,344.2216666666667,350.25500000000005,False
1610612751,2025,2025-26,Brooklyn Nets,108.2,118.2,-10.0,97.6,18.3,0.161,0.52,0.52,0.272,0.161,0.287,0.571,0.29,0.148,0.313,-23.8,East,13,20,62,0.244,False,False,False,0.0,0.8275862068965517,0.034482758620689655,0.13793103448275862,0.3448275862068966,0.9655172413793104,0.0,0.0,0.5862068965517241,0.9655172413793104,0.3103448275862069,0.9310344827586207,0.896551724137931,0.6551724137931034,0.7241379310344828,0.0,28,True,,,,,,,,,,,,,,,,,,,,,,,,,,,,,,,,,,,0,,,0.0,False
1610612755,2016,2016-17,Philadelphia 76ers,102.7,108.2,-5.5,99.07,17.4,0.167,0.501,0.501,0.258,0.167,0.273,0.512,0.303,0.151,0.291,-9.5,East,14,28,54,0.341,False,False,False,0.0,0.5172413793103449,0.10344827586206896,0.7931034482758621,0.6551724137931034,1.0,0.2413793103448276,0.2413793103448276,0.2413793103448276,1.0,0.4827586206896552,0.4827586206896552,0.896551724137931,0.6896551724137931,0.8620689655172413,0.20689655172413793,27,True,0.5862068965517241,0.06896551724137931,0.896551724137931,0.896551724137931,0.9655172413793104,1.0,0.7931034482758621,0.7931034482758621,0.6896551724137931,1.0,0.8620689655172413,0.0,0.9655172413793104,0.3103448275862069,0.3448275862068966,0.896551724137931,True,True,0.5862068965517241,-0.4482758620689655,0.7931034482758621,0.10344827586206895,0.31034482758620696,0.0,0.5517241379310345,0.5517241379310345,0.4482758620689655,0.0,0.37931034482758613,-0.4827586206896552,0.06896551724137934,-0.37931034482758624,-0.5172413793103448,0.6896551724137931,1,1.0,252.98166666666665,252.98166666666665,False
1610612744,2020,2020-21,Golden State Warriors,110.5,109.4,1.1,102.81,19.6,0.146,0.551,0.551,0.239,0.146,0.222,0.522,0.286,0.146,0.273,-5.7,West,9,39,33,0.542,False,True,False,0.3448275862068966,0.13793103448275862,0.5172413793103449,0.9310344827586207,0.9655172413793104,0.7931034482758621,0.7931034482758621,0.7931034482758621,0.3448275862068966,0.7931034482758621,0.0,0.10344827586206896,0.9655172413793104,0.7586206896551724,0.7241379310344828,0.3448275862068966,14,False,0.4827586206896552,0.034482758620689655,0.896551724137931,0.4827586206896552,0.8620689655172413,0.9655172413793104,0.9310344827586207,0.9310344827586207,0.2413793103448276,0.9655172413793104,0.4482758620689655,0.034482758620689655,0.8620689655172413,0.7931034482758621,0.1724137931034483,0.7241379310344828,True,True,0.13793103448275862,-0.10344827586206896,0.3793103448275862,-0.44827586206896547,-0.10344827586206906,0.1724137931034483,0.13793103448275856,0.13793103448275856,-0.10344827586206898,0.1724137931034483,0.4482758620689655,-0.06896551724137931,-0.10344827586206906,0.034482758620689724,-0.5517241379310345,0.3793103448275862,2,7.0,1184.75,1791.87,True
1610612739,2020,2020-21,Cleveland Cavaliers,105.2,113.5,-8.3,97.96,17.5,0.157,0.508,0.508,0.261,0.157,0.28,0.556,0.235,0.145,0.271,-11.6,East,13,22,50,0.306,False,False,False,0.06896551724137931,0.8275862068965517,0.06896551724137931,0.1724137931034483,0.3103448275862069,0.9655172413793104,0.034482758620689655,0.034482758620689655,0.7931034482758621,0.9655172413793104,0.7931034482758621,0.9310344827586207,0.2413793103448276,0.7241379310344828,0.6896551724137931,0.10344827586206896,26,True,0.3448275862068966,0.13793103448275862,0.5862068965517241,0.1724137931034483,0.7931034482758621,0.896551724137931,0.5517241379310345,0.5517241379310345,0.7931034482758621,0.896551724137931,0.6206896551724138,0.13793103448275862,0.13793103448275862,0.5517241379310345,0.5862068965517241,0.6551724137931034,True,False,0.27586206896551724,-0.6896551724137931,0.5172413793103448,0.0,0.4827586206896552,-0.06896551724137934,0.5172413793103449,0.5172413793103449,0.0,-0.06896551724137934,-0.1724137931034483,-0.7931034482758621,-0.10344827586206898,-0.1724137931034483,-0.10344827586206906,0.5517241379310345,1,3.0,2331.036666666667,2331.036666666667,False
1610612738,2023,2023-24,Boston Celtics,122.2,110.6,11.7,97.98,19.3,0.121,0.578,0.578,0.224,0.121,0.287,0.523,0.189,0.122,0.274,15.4,East,1,64,18,0.78,True,True,True,1.0,0.034482758620689655,1.0,0.3793103448275862,0.5517241379310345,0.0,0.9655172413793104,0.9655172413793104,0.1724137931034483,0.0,0.5517241379310345,0.034482758620689655,0.0,0.034482758620689655,0.20689655172413793,0.896551724137931,1,False,0.9655172413793104,0.10344827586206896,0.9655172413793104,0.034482758620689655,0.5862068965517241,0.034482758620689655,0.8275862068965517,0.8275862068965517,0.0,0.034482758620689655,0.41379310344827586,0.034482758620689655,0.0,0.1724137931034483,0.20689655172413793,0.7931034482758621,True,True,-0.03448275862068961,0.06896551724137931,-0.03448275862068961,-0.3448275862068965,0.03448275862068961,0.034482758620689655,-0.13793103448275867,-0.13793103448275867,-0.1724137931034483,0.034482758620689655,-0.13793103448275862,0.0,0.0,0.13793103448275862,0.0,-0.10344827586206895,1,30.0,383.8883333333333,383.8883333333333,False
1610612745,2023,2023-24,Houston Rockets,113.7,112.8,0.9,99.59,17.7,0.127,0.529,0.529,0.257,0.127,0.294,0.533,0.286,0.138,0.278,-9.1,West,11,41,41,0.5,False,False,False,0.3448275862068966,0.3103448275862069,0.41379310344827586,0.5862068965517241,0.034482758620689655,0.20689655172413793,0.10344827586206896,0.10344827586206896,0.7241379310344828,0.20689655172413793,0.7586206896551724,0.13793103448275862,0.9655172413793104,0.5172413793103449,0.3793103448275862,0.27586206896551724,19,False,0.6206896551724138,0.13793103448275862,0.7931034482758621,0.41379310344827586,0.0,0.3448275862068966,0.2413793103448276,0.2413793103448276,0.4827586206896552,0.3448275862068966,1.0,0.06896551724137931,0.5172413793103449,0.4827586206896552,0.27586206896551724,0.4827586206896552,True,True,0.27586206896551724,-0.1724137931034483,0.37931034482758624,-0.17241379310344823,-0.034482758620689655,0.13793103448275865,0.13793103448275862,0.13793103448275862,-0.24137931034482757,0.13793103448275865,0.24137931034482762,-0.06896551724137931,-0.4482758620689655,-0.03448275862068967,-0.10344827586206895,0.20689655172413796,1,3.0,654.3516666666667,654.3516666666667,False
1610612748,2020,2020-21,Miami Heat,110.6,110.7,-0.1,97.09,19.5,0.144,0.546,0.546,0.252,0.144,0.24,0.542,0.234,0.154,0.267,-7.1,East,6,40,32,0.556,True,True,True,0.41379310344827586,0.27586206896551724,0.4482758620689655,0.034482758620689655,0.9310344827586207,0.6896551724137931,0.6551724137931034,0.6551724137931034,0.6551724137931034,0.6896551724137931,0.034482758620689655,0.6206896551724138,0.20689655172413793,0.9310344827586207,0.5862068965517241,0.2413793103448276,13,False,0.6206896551724138,0.10344827586206896,0.8275862068965517,0.06896551724137931,0.8275862068965517,0.9310344827586207,0.8620689655172413,0.8620689655172413,0.5862068965517241,0.9310344827586207,0.6896551724137931,0.3448275862068966,0.896551724137931,0.9310344827586207,0.20689655172413793,0.5172413793103449,True,True,0.20689655172413796,-0.1724137931034483,0.3793103448275862,0.034482758620689655,-0.10344827586206895,0.2413793103448275,0.2068965517241379,0.2068965517241379,-0.06896551724137934,0.2413793103448275,0.6551724137931035,-0.27586206896551724,0.6896551724137931,0.0,-0.3793103448275862,0.27586206896551724,0,,,0.0,False
1610612758,2025,2025-26,Sacramento Kings,110.6,120.3,-9.7,100.12,18.2,0.143,0.525,0.525,0.256,0.143,0.298,0.572,0.274,0.139,0.315,5.2,West,14,22,60,0.268,False,False,False,0.13793103448275862,0.9310344827586207,0.06896551724137931,0.4482758620689655,0.3103448275862069,0.4827586206896552,0.034482758620689655,0.034482758620689655,0.3793103448275862,0.4827586206896552,0.41379310344827586,0.9655172413793104,0.6551724137931034,0.3448275862068966,0.7586206896551724,0.6896551724137931,26,True,,,,,,,,,,,,,,,,,,,,,,,,,,,,,,,,,,,0,,,0.0,False
1610612762,2017,2017-18,Utah Jazz,107.4,103.0,4.4,96.58,17.1,0.152,0.527,0.527,0.26,0.152,0.256,0.506,0.247,0.154,0.244,8.2,West,5,48,34,0.585,True,True,True,0.4827586206896552,0.0,0.8620689655172413,0.1724137931034483,0.41379310344827586,0.7931034482758621,0.6896551724137931,0.6896551724137931,0.6206896551724138,0.7931034482758621,0.27586206896551724,0.1724137931034483,0.4482758620689655,0.8275862068965517,0.06896551724137931,0.7586206896551724,8,False,0.5517241379310345,0.034482758620689655,0.896551724137931,0.5517241379310345,0.7586206896551724,0.8620689655172413,0.8620689655172413,0.8620689655172413,0.9310344827586207,0.8620689655172413,0.6206896551724138,0.034482758620689655,0.41379310344827586,0.4827586206896552,0.0,0.6896551724137931,True,True,0.06896551724137928,0.034482758620689655,0.034482758620689724,0.3793103448275862,0.3448275862068965,0.06896551724137923,0.17241379310344818,0.17241379310344818,0.31034482758620685,0.06896551724137923,0.3448275862068966,-0.13793103448275862,-0.03448275862068967,-0.3448275862068965,-0.06896551724137931,-0.06896551724137923,1,21.0,416.29333333333335,416.29333333333335,False
1610612756,2018,2018-19,Phoenix Suns,105.3,114.2,-8.9,101.15,17.3,0.153,0.514,0.514,0.259,0.153,0.247,0.545,0.313,0.153,0.317,-8.8,West,15,19,63,0.232,False,False,False,0.06896551724137931,0.9655172413793104,0.034482758620689655,0.6206896551724138,0.3793103448275862,0.9655172413793104,0.20689655172413793,0.20689655172413793,0.5862068965517241,0.9655172413793104,0.06896551724137931,0.9310344827586207,0.9655172413793104,0.8620689655172413,1.0,0.10344827586206896,28,True,0.6206896551724138,0.5517241379310345,0.5517241379310345,0.7241379310344828,1.0,0.5172413793103449,0.5172413793103449,0.5172413793103449,0.7586206896551724,0.5172413793103449,0.3103448275862069,0.6206896551724138,0.7586206896551724,0.7931034482758621,0.4482758620689655,0.3103448275862069,True,False,0.5517241379310345,-0.4137931034482759,0.5172413793103449,0.10344827586206895,0.6206896551724138,-0.4482758620689655,0.31034482758620696,0.31034482758620696,0.1724137931034483,-0.4482758620689655,0.2413793103448276,-0.31034482758620685,-0.206896551724138,-0.06896551724137923,-0.5517241379310345,0.20689655172413796,2,11.0,1255.405,1582.995,False
1610612737,2024,2024-25,Atlanta Hawks,113.7,114.8,-1.1,103.41,19.9,0.149,0.546,0.546,0.252,0.149,0.3,0.56,0.251,0.154,0.285,6.8,East,8,40,42,0.488,False,True,False,0.41379310344827586,0.5862068965517241,0.41379310344827586,0.9310344827586207,0.7931034482758621,0.7241379310344828,0.4482758620689655,0.4482758620689655,0.7586206896551724,0.7241379310344828,0.5517241379310345,0.9310344827586207,0.6896551724137931,0.7931034482758621,0.27586206896551724,0.7241379310344828,16,False,0.5172413793103449,0.27586206896551724,0.6206896551724138,0.8620689655172413,0.9655172413793104,0.2413793103448276,0.6896551724137931,0.6896551724137931,0.10344827586206896,0.2413793103448276,0.3448275862068966,0.5862068965517241,0.4482758620689655,0.8275862068965517,0.27586206896551724,0.6206896551724138,True,True,0.103448275862069,-0.31034482758620685,0.20689655172413796,-0.06896551724137934,0.1724137931034483,-0.48275862068965514,0.24137931034482762,0.24137931034482762,-0.6551724137931034,-0.48275862068965514,-0.2068965517241379,-0.3448275862068966,-0.24137931034482762,0.03448275862068961,0.0,-0.10344827586206895,1,23.0,499.90833333333336,499.90833333333336,False
1610612759,2019,2019-20,San Antonio Spurs,111.7,112.6,-0.9,101.14,17.9,0.123,0.531,0.531,0.262,0.123,0.233,0.542,0.249,0.129,0.249,-4.1,West,11,32,39,0.451,False,False,False,0.6551724137931034,0.7931034482758621,0.4827586206896552,0.5517241379310345,0.6206896551724138,0.0,0.4482758620689655,0.4482758620689655,0.4827586206896552,0.0,0.0,0.7586206896551724,0.3793103448275862,0.13793103448275862,0.10344827586206896,0.3448275862068966,19,False,0.3448275862068966,0.4827586206896552,0.3103448275862069,0.5172413793103449,0.4827586206896552,0.034482758620689655,0.10344827586206896,0.10344827586206896,0.5517241379310345,0.034482758620689655,0.10344827586206896,0.5517241379310345,0.1724137931034483,0.3103448275862069,0.5862068965517241,0.4482758620689655,True,False,-0.31034482758620685,-0.3103448275862069,-0.1724137931034483,-0.03448275862068961,-0.13793103448275862,0.034482758620689655,-0.3448275862068966,-0.3448275862068966,0.06896551724137928,0.034482758620689655,0.10344827586206896,-0.2068965517241379,-0.2068965517241379,0.1724137931034483,0.48275862068965514,0.10344827586206895,2,11.0,1055.9633333333334,1324.5700000000002,False
1610612742,2021,2021-22,Dallas Mavericks,112.5,109.1,3.5,95.64,17.8,0.13,0.538,0.538,0.249,0.13,0.256,0.521,0.241,0.136,0.267,-9.1,West,4,52,30,0.634,True,True,True,0.5517241379310345,0.20689655172413793,0.7931034482758621,0.0,0.41379310344827586,0.1724137931034483,0.5517241379310345,0.5517241379310345,0.5172413793103449,0.1724137931034483,0.1724137931034483,0.1724137931034483,0.3103448275862069,0.41379310344827586,0.3103448275862069,0.1724137931034483,5,False,0.8275862068965517,0.8275862068965517,0.3448275862068966,0.06896551724137931,0.20689655172413793,0.034482758620689655,0.8620689655172413,0.8620689655172413,0.9310344827586207,0.034482758620689655,0.0,0.6551724137931034,0.896551724137931,0.27586206896551724,0.5517241379310345,0.4482758620689655,False,False,0.27586206896551724,0.6206896551724138,-0.4482758620689655,0.06896551724137931,-0.20689655172413793,-0.13793103448275862,0.31034482758620685,0.31034482758620685,0.4137931034482758,-0.13793103448275862,-0.1724137931034483,0.48275862068965514,0.5862068965517242,-0.13793103448275862,0.24137931034482757,0.27586206896551724,1,37.0,708.39,708.39,True
1610612749,2024,2024-25,Milwaukee Bucks,115.1,112.7,2.4,99.92,18.7,0.133,0.568,0.568,0.268,0.133,0.235,0.533,0.222,0.128,0.275,6.7,East,5,48,34,0.585,True,True,True,0.6896551724137931,0.3793103448275862,0.6551724137931034,0.5517241379310345,0.41379310344827586,0.13793103448275862,0.9310344827586207,0.9310344827586207,0.9310344827586207,0.13793103448275862,0.0,0.1724137931034483,0.10344827586206896,0.10344827586206896,0.06896551724137931,0.6896551724137931,11,False,0.20689655172413793,0.8620689655172413,0.1724137931034483,0.2413793103448276,0.5517241379310345,0.8275862068965517,0.9310344827586207,0.9310344827586207,0.034482758620689655,0.8275862068965517,0.0,0.8275862068965517,0.6551724137931034,0.20689655172413793,0.4482758620689655,0.7241379310344828,False,False,-0.48275862068965525,0.48275862068965514,-0.48275862068965514,-0.31034482758620685,0.13793103448275862,0.6896551724137931,0.0,0.0,-0.896551724137931,0.6896551724137931,0.0,0.6551724137931034,0.5517241379310345,0.10344827586206896,0.3793103448275862,0.03448275862068961,0,,,0.0,False
1610612760,2017,2017-18,Oklahoma City Thunder,110.1,106.4,3.7,97.34,15.8,0.143,0.514,0.514,0.275,0.143,0.32,0.525,0.252,0.163,0.275,-2.2,West,4,48,34,0.585,True,True,True,0.7931034482758621,0.27586206896551724,0.8275862068965517,0.41379310344827586,0.06896551724137931,0.41379310344827586,0.41379310344827586,0.41379310344827586,0.7586206896551724,0.41379310344827586,1.0,0.5517241379310345,0.5517241379310345,1.0,0.6551724137931034,0.41379310344827586,8,False,0.4827586206896552,0.10344827586206896,0.6896551724137931,0.8275862068965517,0.10344827586206896,0.2413793103448276,0.20689655172413793,0.20689655172413793,0.6551724137931034,0.2413793103448276,0.9310344827586207,0.5517241379310345,0.7931034482758621,1.0,0.27586206896551724,0.6206896551724138,True,True,-0.3103448275862069,-0.1724137931034483,-0.13793103448275856,0.41379310344827586,0.034482758620689655,-0.17241379310344826,-0.20689655172413793,-0.20689655172413793,-0.10344827586206895,-0.17241379310344826,-0.06896551724137934,0.0,0.24137931034482762,0.0,-0.3793103448275862,0.20689655172413796,1,45.0,526.28,526.28,False
1610612755,2025,2025-26,Philadelphia 76ers,114.3,114.4,-0.1,100.39,17.4,0.134,0.53,0.53,0.275,0.134,0.306,0.541,0.27,0.152,0.322,16.6,East,7,45,37,0.549,True,True,True,0.4827586206896552,0.5172413793103449,0.41379310344827586,0.5172413793103449,0.034482758620689655,0.1724137931034483,0.13793103448275862,0.13793103448275862,0.6551724137931034,0.1724137931034483,0.6206896551724138,0.3103448275862069,0.5862068965517241,0.7241379310344828,0.8620689655172413,0.896551724137931,13,False,,,,,,,,,,,,,,,,,,,,,,,,,,,,,,,,,,,0,,,0.0,False
1610612752,2017,2017-18,New York Knicks,106.3,109.7,-3.4,97.64,17.2,0.15,0.51,0.51,0.216,0.15,0.289,0.522,0.269,0.135,0.273,-11.1,East,11,29,53,0.354,False,False,False,0.3448275862068966,0.6896551724137931,0.2413793103448276,0.4482758620689655,0.5172413793103449,0.6896551724137931,0.20689655172413793,0.20689655172413793,0.034482758620689655,0.6896551724137931,0.896551724137931,0.4482758620689655,0.7586206896551724,0.10344827586206896,0.5862068965517241,0.034482758620689655,22,True,0.0,0.8620689655172413,0.034482758620689655,0.4482758620689655,0.0,0.5517241379310345,0.0,0.0,0.7586206896551724,0.5517241379310345,0.3448275862068966,0.7241379310344828,0.6551724137931034,0.27586206896551724,0.8275862068965517,0.27586206896551724,False,False,-0.3448275862068966,0.17241379310344818,-0.20689655172413796,0.0,-0.5172413793103449,-0.13793103448275867,-0.20689655172413793,-0.20689655172413793,0.7241379310344828,-0.13793103448275867,-0.5517241379310345,0.27586206896551724,-0.10344827586206895,0.1724137931034483,0.24137931034482762,0.24137931034482757,2,9.0,2157.8933333333334,3517.4016666666666,True
1610612756,2023,2023-24,Phoenix Suns,116.8,113.7,3.1,99.0,19.4,0.15,0.565,0.565,0.271,0.15,0.292,0.536,0.23,0.128,0.286,-5.5,West,6,49,33,0.598,True,True,True,0.6896551724137931,0.3793103448275862,0.7241379310344828,0.5172413793103449,0.6206896551724138,0.8275862068965517,0.8275862068965517,0.8275862068965517,0.9310344827586207,0.8275862068965517,0.6896551724137931,0.20689655172413793,0.1724137931034483,0.1724137931034483,0.6551724137931034,0.3793103448275862,8,False,0.5862068965517241,0.896551724137931,0.2413793103448276,0.3103448275862069,0.8620689655172413,0.5172413793103449,0.8275862068965517,0.8275862068965517,0.3793103448275862,0.5172413793103449,0.13793103448275862,0.7931034482758621,0.41379310344827586,0.06896551724137931,0.41379310344827586,0.3448275862068966,False,False,-0.10344827586206906,0.5172413793103449,-0.48275862068965514,-0.20689655172413796,0.2413793103448275,-0.31034482758620685,0.0,0.0,-0.5517241379310345,-0.31034482758620685,-0.5517241379310345,0.5862068965517242,0.24137931034482757,-0.10344827586206898,-0.24137931034482757,-0.03448275862068961,2,28.0,1410.4166666666667,2455.961666666667,False
1610612747,2019,2019-20,Los Angeles Lakers,111.7,106.1,5.6,101.2,18.0,0.149,0.542,0.542,0.276,0.149,0.283,0.515,0.263,0.157,0.263,6.4,West,1,52,19,0.732,True,True,True,0.6551724137931034,0.06896551724137931,0.8620689655172413,0.6551724137931034,0.6551724137931034,0.7241379310344828,0.8620689655172413,0.8620689655172413,0.8275862068965517,0.7241379310344828,0.8275862068965517,0.20689655172413793,0.4827586206896552,0.9310344827586207,0.3103448275862069,0.6551724137931034,3,False,0.20689655172413793,0.0,0.7586206896551724,0.3103448275862069,0.5172413793103449,0.9310344827586207,0.41379310344827586,0.41379310344827586,0.8275862068965517,0.9310344827586207,0.5517241379310345,0.13793103448275862,0.3103448275862069,0.896551724137931,0.20689655172413793,0.896551724137931,True,True,-0.4482758620689655,-0.06896551724137931,-0.10344827586206895,-0.3448275862068965,-0.13793103448275856,0.2068965517241379,-0.44827586206896547,-0.44827586206896547,0.0,0.2068965517241379,-0.27586206896551724,-0.06896551724137931,-0.1724137931034483,-0.03448275862068961,-0.10344827586206898,0.24137931034482762,0,,,0.0,True
1610612738,2024,2024-25,Boston Celtics,119.5,110.1,9.4,96.59,19.0,0.122,0.561,0.561,0.212,0.122,0.291,0.522,0.198,0.131,0.283,7.9,East,2,61,21,0.744,True,True,True,0.9655172413793104,0.10344827586206896,0.9655172413793104,0.034482758620689655,0.5862068965517241,0.034482758620689655,0.8275862068965517,0.8275862068965517,0.0,0.034482758620689655,0.41379310344827586,0.034482758620689655,0.0,0.1724137931034483,0.20689655172413793,0.7931034482758621,3,False,0.9655172413793104,0.10344827586206896,0.896551724137931,0.0,0.27586206896551724,0.06896551724137931,0.6551724137931034,0.6551724137931034,0.0,0.06896551724137931,0.8620689655172413,0.10344827586206896,0.1724137931034483,0.10344827586206896,0.13793103448275862,0.5862068965517241,True,True,0.0,0.0,-0.06896551724137934,-0.034482758620689655,-0.31034482758620685,0.034482758620689655,-0.1724137931034483,-0.1724137931034483,0.0,0.034482758620689655,0.44827586206896547,0.06896551724137931,0.1724137931034483,-0.06896551724137932,-0.06896551724137931,-0.206896551724138,4,28.0,1083.93,1307.8266666666668,False
1610612759,2016,2016-17,San Antonio Spurs,110.3,102.9,7.4,94.86,18.1,0.141,0.524,0.524,0.263,0.141,0.282,0.492,0.249,0.151,0.27,21.5,West,2,61,21,0.744,True,True,True,0.7241379310344828,0.0,0.9655172413793104,0.10344827586206896,0.8275862068965517,0.4482758620689655,0.6896551724137931,0.6896551724137931,0.41379310344827586,0.4482758620689655,0.5517241379310345,0.034482758620689655,0.20689655172413793,0.6896551724137931,0.3103448275862069,0.9655172413793104,2,False,0.4482758620689655,0.10344827586206896,0.7586206896551724,0.06896551724137931,0.5517241379310345,0.1724137931034483,0.13793103448275862,0.13793103448275862,0.4482758620689655,0.1724137931034483,0.7241379310344828,0.20689655172413793,0.13793103448275862,0.6206896551724138,0.20689655172413793,0.5517241379310345,True,True,-0.27586206896551724,0.10344827586206896,-0.206896551724138,-0.034482758620689655,-0.27586206896551724,-0.27586206896551724,-0.5517241379310345,-0.5517241379310345,0.03448275862068967,-0.27586206896551724,0.1724137931034483,0.1724137931034483,-0.06896551724137931,-0.06896551724137934,-0.10344827586206898,-0.4137931034482759,1,29.0,138.72833333333332,138.72833333333332,False
1610612739,2021,2021-22,Cleveland Cavaliers,111.0,108.9,2.1,96.83,18.7,0.148,0.538,0.538,0.261,0.148,0.277,0.52,0.223,0.138,0.276,3.5,East,8,44,38,0.537,False,True,False,0.3448275862068966,0.13793103448275862,0.5862068965517241,0.1724137931034483,0.7931034482758621,0.896551724137931,0.5517241379310345,0.5517241379310345,0.7931034482758621,0.896551724137931,0.6206896551724138,0.13793103448275862,0.13793103448275862,0.5517241379310345,0.5862068965517241,0.6551724137931034,14,False,0.7586206896551724,0.0,0.9655172413793104,0.0,0.6551724137931034,0.3448275862068966,0.7241379310344828,0.7241379310344828,0.4827586206896552,0.3448275862068966,0.3103448275862069,0.1724137931034483,0.5172413793103449,0.896551724137931,0.6551724137931034,0.6551724137931034,True,True,0.4137931034482758,-0.13793103448275862,0.3793103448275863,-0.1724137931034483,-0.13793103448275867,-0.5517241379310345,0.1724137931034483,0.1724137931034483,-0.3103448275862069,-0.5517241379310345,-0.3103448275862069,0.03448275862068967,0.37931034482758624,0.3448275862068966,0.06896551724137934,0.0,1,49.0,84.24,84.24,True
1610612758,2022,2022-23,Sacramento Kings,118.6,116.0,2.6,100.99,19.3,0.133,0.572,0.572,0.284,0.133,0.265,0.563,0.258,0.139,0.269,10.0,West,3,48,34,0.585,True,True,True,1.0,0.7586206896551724,0.7586206896551724,0.6206896551724138,0.896551724137931,0.1724137931034483,0.9655172413793104,0.9655172413793104,0.7241379310344828,0.1724137931034483,0.2413793103448276,0.8620689655172413,0.27586206896551724,0.5172413793103449,0.1724137931034483,0.8620689655172413,7,False,0.5517241379310345,0.4482758620689655,0.4482758620689655,0.5517241379310345,0.7586206896551724,0.3448275862068966,0.5517241379310345,0.5517241379310345,0.27586206896551724,0.3448275862068966,0.5172413793103449,0.6551724137931034,0.8275862068965517,0.5172413793103449,0.0,0.6206896551724138,True,False,-0.4482758620689655,-0.31034482758620685,-0.31034482758620685,-0.06896551724137934,-0.13793103448275867,0.1724137931034483,-0.4137931034482759,-0.4137931034482759,-0.4482758620689655,0.1724137931034483,0.27586206896551724,-0.2068965517241379,0.5517241379310345,0.0,-0.1724137931034483,-0.2413793103448275,2,34.0,191.73666666666668,228.71166666666667,False
1610612756,2020,2020-21,Phoenix Suns,116.3,110.4,5.9,98.0,19.6,0.126,0.564,0.564,0.212,0.126,0.248,0.534,0.25,0.137,0.259,1.0,West,2,51,21,0.708,True,True,True,0.7931034482758621,0.1724137931034483,0.9310344827586207,0.20689655172413793,0.9655172413793104,0.10344827586206896,0.896551724137931,0.896551724137931,0.034482758620689655,0.10344827586206896,0.1724137931034483,0.3103448275862069,0.4827586206896552,0.4827586206896552,0.3448275862068966,0.5862068965517241,2,False,0.8620689655172413,0.06896551724137931,1.0,0.7586206896551724,0.8620689655172413,0.10344827586206896,0.896551724137931,0.896551724137931,0.034482758620689655,0.10344827586206896,0.3103448275862069,0.06896551724137931,0.7241379310344828,0.7586206896551724,0.41379310344827586,1.0,True,True,0.06896551724137923,-0.10344827586206898,0.06896551724137934,0.5517241379310345,-0.10344827586206906,0.0,0.0,0.0,0.0,0.0,0.13793103448275862,-0.2413793103448276,0.24137931034482757,0.2758620689655172,0.06896551724137928,0.4137931034482759,0,,,0.0,False
1610612766,2020,2020-21,Charlotte Hornets,110.1,112.0,-1.9,99.0,19.2,0.149,0.532,0.532,0.238,0.149,0.276,0.55,0.219,0.148,0.278,21.9,East,10,33,39,0.458,False,True,False,0.2413793103448276,0.4827586206896552,0.2413793103448276,0.41379310344827586,0.7586206896551724,0.8275862068965517,0.3793103448275862,0.3793103448275862,0.27586206896551724,0.8275862068965517,0.7241379310344828,0.8275862068965517,0.13793103448275862,0.8275862068965517,0.8620689655172413,0.9655172413793104,19,False,0.7241379310344828,0.7241379310344828,0.4827586206896552,0.8620689655172413,0.9655172413793104,0.27586206896551724,0.7931034482758621,0.7931034482758621,0.1724137931034483,0.27586206896551724,0.5517241379310345,0.8275862068965517,0.3448275862068966,0.8620689655172413,0.896551724137931,0.3793103448275862,True,False,0.48275862068965514,0.24137931034482757,0.2413793103448276,0.44827586206896547,0.206896551724138,-0.5517241379310345,0.4137931034482759,0.4137931034482759,-0.10344827586206895,-0.5517241379310345,-0.1724137931034483,0.0,0.20689655172413796,0.03448275862068961,0.034482758620689724,-0.5862068965517242,4,11.0,304.4766666666667,635.595,False
1610612742,2019,2019-20,Dallas Mavericks,115.9,111.2,4.8,99.89,17.7,0.126,0.545,0.545,0.264,0.126,0.275,0.525,0.23,0.119,0.26,-10.4,West,7,43,32,0.573,True,True,True,1.0,0.5862068965517241,0.8275862068965517,0.41379310344827586,0.5172413793103449,0.034482758620689655,0.896551724137931,0.896551724137931,0.5517241379310345,0.034482758620689655,0.6206896551724138,0.41379310344827586,0.1724137931034483,0.0,0.2413793103448276,0.2413793103448276,13,False,0.7586206896551724,0.6551724137931034,0.6896551724137931,0.13793103448275862,0.1724137931034483,0.06896551724137931,0.7586206896551724,0.7586206896551724,0.4482758620689655,0.06896551724137931,0.3103448275862069,0.3103448275862069,0.7931034482758621,0.27586206896551724,0.5517241379310345,0.27586206896551724,True,True,-0.24137931034482762,0.06896551724137934,-0.13793103448275856,-0.27586206896551724,-0.3448275862068966,0.034482758620689655,-0.13793103448275867,-0.13793103448275867,-0.10344827586206895,0.034482758620689655,-0.3103448275862069,-0.10344827586206895,0.6206896551724138,0.27586206896551724,0.31034482758620685,0.03448275862068964,3,18.0,444.63166666666666,571.8883333333333,False
1610612764,2021,2021-22,Washington Wizards,110.2,113.6,-3.4,97.8,18.5,0.133,0.532,0.532,0.252,0.133,0.247,0.529,0.251,0.12,0.269,12.9,East,12,35,47,0.427,False,False,False,0.3103448275862069,0.8275862068965517,0.2413793103448276,0.27586206896551724,0.7586206896551724,0.3103448275862069,0.41379310344827586,0.41379310344827586,0.5862068965517241,0.3103448275862069,0.034482758620689655,0.41379310344827586,0.4827586206896552,0.0,0.3448275862068966,0.896551724137931,21,True,0.27586206896551724,0.6896551724137931,0.2413793103448276,0.3793103448275862,0.5862068965517241,0.5517241379310345,0.5862068965517241,0.5862068965517241,0.3103448275862069,0.5517241379310345,0.3103448275862069,0.27586206896551724,0.10344827586206896,0.034482758620689655,0.41379310344827586,0.2413793103448276,False,False,-0.03448275862068967,-0.13793103448275856,0.0,0.10344827586206895,-0.1724137931034483,0.24137931034482757,0.17241379310344823,0.17241379310344823,-0.2758620689655172,0.24137931034482757,0.27586206896551724,-0.13793103448275862,-0.37931034482758624,0.034482758620689655,0.06896551724137928,-0.6551724137931034,1,10.0,422.575,422.575,False
1610612754,2017,2017-18,Indiana Pacers,108.5,107.3,1.3,96.84,16.8,0.136,0.525,0.525,0.222,0.136,0.271,0.527,0.23,0.16,0.279,16.5,East,5,48,34,0.585,True,True,True,0.5862068965517241,0.3793103448275862,0.6206896551724138,0.3103448275862069,0.27586206896551724,0.13793103448275862,0.6206896551724138,0.6206896551724138,0.13793103448275862,0.13793103448275862,0.5172413793103449,0.6206896551724138,0.20689655172413793,0.9655172413793104,0.7586206896551724,0.9655172413793104,8,False,0.41379310344827586,0.06896551724137931,0.6896551724137931,0.1724137931034483,0.9310344827586207,0.4827586206896552,0.6896551724137931,0.6896551724137931,0.2413793103448276,0.4827586206896552,0.4827586206896552,0.3448275862068966,0.1724137931034483,0.9655172413793104,0.6896551724137931,0.9655172413793104,True,True,-0.17241379310344823,-0.31034482758620685,0.06896551724137934,-0.13793103448275862,0.6551724137931034,0.3448275862068966,0.06896551724137934,0.06896551724137934,0.10344827586206898,0.3448275862068966,-0.03448275862068967,-0.27586206896551724,-0.03448275862068964,0.0,-0.06896551724137923,0.0,2,23.0,645.83,710.2633333333333,False
1610612749,2020,2020-21,Milwaukee Bucks,116.5,110.7,5.8,102.85,18.0,0.134,0.566,0.566,0.233,0.134,0.269,0.536,0.202,0.127,0.245,1.6,East,3,46,26,0.639,True,True,True,0.8620689655172413,0.27586206896551724,0.896551724137931,0.9655172413793104,0.5172413793103449,0.3793103448275862,0.9655172413793104,0.9655172413793104,0.20689655172413793,0.3793103448275862,0.5517241379310345,0.41379310344827586,0.0,0.13793103448275862,0.06896551724137931,0.6206896551724138,7,False,0.896551724137931,0.4482758620689655,0.7586206896551724,0.9310344827586207,0.2413793103448276,0.3103448275862069,0.8275862068965517,0.8275862068965517,0.7241379310344828,0.3103448275862069,0.4482758620689655,0.6206896551724138,0.06896551724137931,0.06896551724137931,0.034482758620689655,0.9655172413793104,True,True,0.034482758620689724,0.1724137931034483,-0.13793103448275867,-0.034482758620689724,-0.27586206896551724,-0.06896551724137928,-0.13793103448275867,-0.13793103448275867,0.5172413793103449,-0.06896551724137928,-0.10344827586206895,0.20689655172413796,0.06896551724137931,-0.06896551724137931,-0.034482758620689655,0.3448275862068966,1,54.0,407.00166666666667,407.00166666666667,False
1610612749,2022,2022-23,Milwaukee Bucks,114.3,110.9,3.4,101.45,18.1,0.143,0.555,0.555,0.248,0.143,0.284,0.52,0.225,0.116,0.255,2.8,East,1,58,24,0.707,True,True,True,0.5172413793103449,0.10344827586206896,0.8620689655172413,0.6896551724137931,0.4482758620689655,0.5862068965517241,0.6896551724137931,0.6896551724137931,0.1724137931034483,0.5862068965517241,0.5517241379310345,0.0,0.034482758620689655,0.0,0.034482758620689655,0.5862068965517241,1,False,0.8275862068965517,0.6206896551724138,0.6551724137931034,0.7586206896551724,0.4827586206896552,0.2413793103448276,0.896551724137931,0.896551724137931,0.8620689655172413,0.2413793103448276,0.13793103448275862,0.27586206896551724,0.2413793103448276,0.0,0.10344827586206896,0.8620689655172413,True,True,0.31034482758620685,0.5172413793103449,-0.2068965517241379,0.06896551724137923,0.03448275862068967,-0.34482758620689646,0.2068965517241379,0.2068965517241379,0.689655172413793,-0.34482758620689646,-0.41379310344827586,0.27586206896551724,0.20689655172413796,0.0,0.06896551724137931,0.27586206896551724,2,36.0,572.3283333333334,662.8616666666667,True
1610612763,2025,2025-26,Memphis Grizzlies,112.4,118.4,-6.0,101.69,19.2,0.148,0.533,0.533,0.251,0.148,0.301,0.562,0.262,0.152,0.337,-16.9,West,13,25,57,0.305,False,False,False,0.2413793103448276,0.896551724137931,0.20689655172413793,0.7586206896551724,0.6206896551724138,0.6551724137931034,0.20689655172413793,0.20689655172413793,0.3103448275862069,0.6551724137931034,0.5172413793103449,0.8620689655172413,0.4827586206896552,0.7241379310344828,1.0,0.06896551724137931,25,True,,,,,,,,,,,,,,,,,,,,,,,,,,,,,,,,,,,0,,,0.0,False
1610612766,2019,2019-20,Charlotte Hornets,105.9,112.8,-7.0,96.24,17.7,0.15,0.504,0.504,0.252,0.15,0.28,0.546,0.21,0.148,0.294,10.7,East,10,23,42,0.354,False,True,False,0.06896551724137931,0.8275862068965517,0.10344827586206896,0.0,0.5172413793103449,0.7931034482758621,0.06896551724137931,0.06896551724137931,0.2413793103448276,0.7931034482758621,0.7241379310344828,0.8620689655172413,0.0,0.6896551724137931,1.0,0.8620689655172413,22,True,0.2413793103448276,0.4827586206896552,0.2413793103448276,0.41379310344827586,0.7586206896551724,0.8275862068965517,0.3793103448275862,0.3793103448275862,0.27586206896551724,0.8275862068965517,0.7241379310344828,0.8275862068965517,0.13793103448275862,0.8275862068965517,0.8620689655172413,0.9655172413793104,True,False,0.1724137931034483,-0.3448275862068965,0.13793103448275862,0.41379310344827586,0.2413793103448275,0.03448275862068961,0.31034482758620685,0.31034482758620685,0.03448275862068964,0.03448275862068961,0.0,-0.03448275862068961,0.13793103448275862,0.13793103448275856,-0.13793103448275867,0.10344827586206906,4,3.0,1468.5733333333333,1673.125,False
1610612759,2023,2023-24,San Antonio Spurs,109.3,115.6,-6.4,101.8,20.5,0.148,0.532,0.532,0.22,0.148,0.269,0.555,0.222,0.131,0.279,-12.5,West,14,22,60,0.268,False,False,False,0.13793103448275862,0.6896551724137931,0.1724137931034483,0.9310344827586207,0.9310344827586207,0.7931034482758621,0.20689655172413793,0.20689655172413793,0.06896551724137931,0.7931034482758621,0.2413793103448276,0.6551724137931034,0.10344827586206896,0.27586206896551724,0.41379310344827586,0.1724137931034483,26,True,0.3793103448275862,0.8275862068965517,0.27586206896551724,0.5862068965517241,0.896551724137931,0.2413793103448276,0.3793103448275862,0.3793103448275862,0.27586206896551724,0.2413793103448276,0.27586206896551724,0.7586206896551724,0.034482758620689655,0.3103448275862069,0.8620689655172413,0.3793103448275862,False,False,0.24137931034482757,0.13793103448275856,0.10344827586206895,-0.3448275862068966,-0.03448275862068961,-0.5517241379310345,0.17241379310344826,0.17241379310344826,0.20689655172413793,-0.5517241379310345,0.03448275862068964,0.10344827586206895,-0.06896551724137931,0.03448275862068967,0.44827586206896547,0.2068965517241379,2,4.0,2162.0216666666665,2196.7716666666665,True
1610612747,2024,2024-25,Los Angeles Lakers,115.0,113.8,1.2,98.34,18.9,0.142,0.557,0.557,0.271,0.142,0.273,0.539,0.23,0.139,0.298,3.8,West,3,50,32,0.61,True,True,True,0.6551724137931034,0.5517241379310345,0.5517241379310345,0.3448275862068966,0.5172413793103449,0.5172413793103449,0.7586206896551724,0.7586206896551724,1.0,0.5172413793103449,0.2413793103448276,0.3103448275862069,0.2413793103448276,0.3448275862068966,0.6551724137931034,0.5862068965517241,6,False,0.6896551724137931,0.6206896551724138,0.5517241379310345,0.27586206896551724,0.5172413793103449,0.5517241379310345,0.9655172413793104,0.9655172413793104,1.0,0.5517241379310345,0.20689655172413793,0.7241379310344828,0.13793103448275862,0.5172413793103449,0.3793103448275862,1.0,True,True,0.034482758620689724,0.06896551724137934,0.0,-0.06896551724137934,0.0,0.03448275862068961,0.206896551724138,0.206896551724138,0.0,0.03448275862068961,-0.03448275862068967,0.41379310344827586,-0.10344827586206898,0.1724137931034483,-0.27586206896551724,0.4137931034482759,1,36.0,148.90333333333334,148.90333333333334,False
1610612746,2016,2016-17,LA Clippers,111.8,107.5,4.4,96.77,17.2,0.133,0.537,0.537,0.312,0.133,0.256,0.506,0.274,0.136,0.267,-1.3,West,4,51,31,0.622,True,True,True,0.8620689655172413,0.3793103448275862,0.896551724137931,0.5172413793103449,0.5517241379310345,0.1724137931034483,0.896551724137931,0.896551724137931,1.0,0.1724137931034483,0.1724137931034483,0.1724137931034483,0.41379310344827586,0.3103448275862069,0.1724137931034483,0.5517241379310345,5,False,0.7586206896551724,0.6206896551724138,0.4482758620689655,0.7931034482758621,0.1724137931034483,0.5517241379310345,0.6896551724137931,0.6896551724137931,0.9655172413793104,0.5517241379310345,0.8275862068965517,0.3793103448275862,0.6551724137931034,0.3103448275862069,0.896551724137931,0.27586206896551724,True,False,-0.10344827586206895,0.24137931034482762,-0.4482758620689655,0.27586206896551724,-0.3793103448275862,0.3793103448275862,-0.2068965517241379,-0.2068965517241379,-0.03448275862068961,0.3793103448275862,0.6551724137931034,0.2068965517241379,0.24137931034482757,0.0,0.7241379310344828,-0.27586206896551724,2,39.0,1155.88,1933.7383333333335,False
1610612748,2017,2017-18,Miami Heat,106.2,105.8,0.4,96.1,17.1,0.148,0.52,0.52,0.229,0.148,0.261,0.507,0.274,0.145,0.259,9.6,East,6,44,38,0.537,True,True,True,0.3103448275862069,0.2413793103448276,0.4827586206896552,0.10344827586206896,0.41379310344827586,0.6206896551724138,0.5517241379310345,0.5517241379310345,0.20689655172413793,0.6206896551724138,0.3448275862068966,0.20689655172413793,0.7931034482758621,0.5172413793103449,0.20689655172413793,0.8620689655172413,15,False,0.13793103448275862,0.20689655172413793,0.4482758620689655,0.2413793103448276,0.4482758620689655,0.8620689655172413,0.3103448275862069,0.3103448275862069,0.3103448275862069,0.8620689655172413,0.8275862068965517,0.13793103448275862,0.6206896551724138,0.6206896551724138,0.3793103448275862,0.2413793103448276,True,False,-0.1724137931034483,-0.03448275862068967,-0.03448275862068967,0.13793103448275862,0.03448275862068967,0.2413793103448275,-0.24137931034482757,-0.24137931034482757,0.10344827586206898,0.2413793103448275,0.48275862068965514,-0.06896551724137931,-0.1724137931034483,0.10344827586206895,0.17241379310344826,-0.6206896551724137,0,,,0.0,False
1610612739,2018,2018-19,Cleveland Cavaliers,106.8,116.8,-10.0,97.37,15.6,0.138,0.503,0.503,0.236,0.138,0.282,0.564,0.235,0.128,0.268,-9.2,East,14,19,63,0.232,False,False,False,0.1724137931034483,1.0,0.0,0.034482758620689655,0.034482758620689655,0.41379310344827586,0.034482758620689655,0.034482758620689655,0.1724137931034483,0.41379310344827586,0.6896551724137931,1.0,0.10344827586206896,0.13793103448275862,0.3448275862068966,0.06896551724137931,28,True,0.13793103448275862,1.0,0.034482758620689655,0.2413793103448276,0.20689655172413793,1.0,0.27586206896551724,0.27586206896551724,0.034482758620689655,1.0,0.9655172413793104,1.0,0.034482758620689655,0.1724137931034483,0.27586206896551724,0.3793103448275862,False,False,-0.03448275862068967,0.0,0.034482758620689655,0.20689655172413796,0.1724137931034483,0.5862068965517242,0.24137931034482757,0.24137931034482757,-0.13793103448275862,0.5862068965517242,0.27586206896551724,0.0,-0.06896551724137931,0.03448275862068967,-0.06896551724137934,0.31034482758620685,2,5.0,1823.9683333333332,2985.6883333333335,True
1610612751,2021,2021-22,Brooklyn Nets,113.2,112.3,0.9,99.4,18.3,0.141,0.54,0.54,0.246,0.141,0.281,0.521,0.255,0.133,0.296,9.1,East,7,44,38,0.537,True,True,True,0.6896551724137931,0.6551724137931034,0.5172413793103449,0.6551724137931034,0.7241379310344828,0.5517241379310345,0.6551724137931034,0.6551724137931034,0.41379310344827586,0.5517241379310345,0.7241379310344828,0.1724137931034483,0.6551724137931034,0.3103448275862069,1.0,0.7586206896551724,14,False,0.5862068965517241,0.4827586206896552,0.5517241379310345,0.2413793103448276,0.7931034482758621,0.4482758620689655,0.7931034482758621,0.7931034482758621,0.41379310344827586,0.4482758620689655,0.034482758620689655,0.10344827586206896,0.6551724137931034,0.5172413793103449,0.9655172413793104,0.7241379310344828,True,True,-0.10344827586206906,-0.17241379310344823,0.03448275862068961,-0.4137931034482758,0.06896551724137934,-0.10344827586206895,0.13793103448275867,0.13793103448275867,0.0,-0.10344827586206895,-0.6896551724137931,-0.06896551724137932,0.0,0.20689655172413796,-0.03448275862068961,-0.03448275862068961,0,,,0.0,True
1610612754,2018,2018-19,Indiana Pacers,109.4,106.0,3.4,98.64,18.9,0.139,0.53,0.53,0.242,0.139,0.269,0.516,0.243,0.158,0.278,13.3,East,5,48,34,0.585,True,True,True,0.41379310344827586,0.06896551724137931,0.6896551724137931,0.1724137931034483,0.9310344827586207,0.4827586206896552,0.6896551724137931,0.6896551724137931,0.2413793103448276,0.4827586206896552,0.4827586206896552,0.3448275862068966,0.1724137931034483,0.9655172413793104,0.6896551724137931,0.9655172413793104,11,False,0.3793103448275862,0.1724137931034483,0.5862068965517241,0.27586206896551724,0.9310344827586207,0.13793103448275862,0.5862068965517241,0.5862068965517241,0.0,0.13793103448275862,0.10344827586206896,0.13793103448275862,0.3103448275862069,0.5862068965517241,0.7931034482758621,0.7586206896551724,True,True,-0.03448275862068967,0.10344827586206898,-0.10344827586206906,0.10344827586206895,0.0,-0.3448275862068966,-0.10344827586206906,-0.10344827586206906,-0.2413793103448276,-0.3448275862068966,-0.37931034482758624,-0.20689655172413796,0.13793103448275862,-0.3793103448275863,0.10344827586206895,-0.206896551724138,1,18.0,471.2916666666667,471.2916666666667,False
1610612752,2016,2016-17,New York Knicks,107.1,110.7,-3.6,96.63,16.3,0.143,0.496,0.496,0.239,0.143,0.305,0.511,0.278,0.133,0.302,-0.5,East,12,31,51,0.378,False,False,False,0.41379310344827586,0.8275862068965517,0.20689655172413793,0.4482758620689655,0.27586206896551724,0.5172413793103449,0.1724137931034483,0.1724137931034483,0.06896551724137931,0.5172413793103449,0.8620689655172413,0.41379310344827586,0.5172413793103449,0.1724137931034483,1.0,0.5862068965517241,24,True,0.3448275862068966,0.6896551724137931,0.2413793103448276,0.4482758620689655,0.5172413793103449,0.6896551724137931,0.20689655172413793,0.20689655172413793,0.034482758620689655,0.6896551724137931,0.896551724137931,0.4482758620689655,0.7586206896551724,0.10344827586206896,0.5862068965517241,0.034482758620689655,False,False,-0.06896551724137928,-0.13793103448275856,0.03448275862068967,0.0,0.24137931034482762,0.1724137931034483,0.03448275862068964,0.03448275862068964,-0.034482758620689655,0.1724137931034483,0.034482758620689724,0.03448275862068967,0.2413793103448275,-0.06896551724137932,-0.4137931034482759,-0.5517241379310345,2,8.0,1705.6483333333333,2179.71,False
1610612760,2019,2019-20,Oklahoma City Thunder,110.1,108.1,2.1,99.42,16.3,0.137,0.53,0.53,0.29,0.137,0.241,0.518,0.218,0.142,0.272,24.4,West,5,44,28,0.611,True,True,True,0.4482758620689655,0.20689655172413793,0.6206896551724138,0.3103448275862069,0.10344827586206896,0.20689655172413793,0.41379310344827586,0.41379310344827586,0.9310344827586207,0.20689655172413793,0.034482758620689655,0.2413793103448276,0.06896551724137931,0.41379310344827586,0.6206896551724138,1.0,8,False,0.0,0.7931034482758621,0.0,0.7931034482758621,0.034482758620689655,1.0,0.06896551724137931,0.06896551724137931,0.4482758620689655,1.0,0.3793103448275862,0.7586206896551724,0.10344827586206896,0.20689655172413793,0.27586206896551724,0.5517241379310345,False,False,-0.4482758620689655,0.5862068965517242,-0.6206896551724138,0.4827586206896552,-0.06896551724137931,0.7931034482758621,-0.3448275862068966,-0.3448275862068966,-0.48275862068965514,0.7931034482758621,0.3448275862068965,0.5172413793103448,0.034482758620689655,-0.20689655172413793,-0.3448275862068966,-0.4482758620689655,2,17.0,1777.7016666666666,2867.616666666667,True
1610612763,2022,2022-23,Memphis Grizzlies,114.7,110.7,4.0,101.5,18.2,0.133,0.54,0.54,0.259,0.133,0.302,0.526,0.262,0.148,0.289,-3.9,West,2,51,31,0.622,True,True,True,0.6551724137931034,0.06896551724137931,0.896551724137931,0.7586206896551724,0.5172413793103449,0.1724137931034483,0.3103448275862069,0.3103448275862069,0.3448275862068966,0.1724137931034483,0.8275862068965517,0.034482758620689655,0.3793103448275862,0.7241379310344828,0.7241379310344828,0.3448275862068966,5,False,0.0,0.3793103448275862,0.13793103448275862,0.4482758620689655,0.10344827586206896,0.9310344827586207,0.034482758620689655,0.034482758620689655,0.41379310344827586,0.9310344827586207,0.5517241379310345,0.6206896551724138,0.5862068965517241,0.9310344827586207,0.7586206896551724,0.3103448275862069,False,False,-0.6551724137931034,0.31034482758620685,-0.7586206896551724,-0.31034482758620685,-0.4137931034482759,0.7586206896551724,-0.27586206896551724,-0.27586206896551724,0.06896551724137928,0.7586206896551724,-0.27586206896551724,0.5862068965517242,0.2068965517241379,0.2068965517241379,0.03448275862068961,-0.03448275862068967,1,45.0,1233.165,1233.165,False
1610612741,2016,2016-17,Chicago Bulls,106.5,106.2,0.3,96.02,16.8,0.14,0.487,0.487,0.259,0.14,0.311,0.507,0.219,0.139,0.267,7.4,East,8,41,41,0.5,True,True,True,0.3103448275862069,0.13793103448275862,0.5517241379310345,0.3793103448275862,0.3793103448275862,0.3448275862068966,0.0,0.0,0.27586206896551724,0.3448275862068966,0.9310344827586207,0.2413793103448276,0.034482758620689655,0.3448275862068966,0.1724137931034483,0.6551724137931034,15,False,0.06896551724137931,0.9310344827586207,0.06896551724137931,0.6551724137931034,0.5517241379310345,0.3103448275862069,0.034482758620689655,0.034482758620689655,0.034482758620689655,0.3103448275862069,0.27586206896551724,0.9655172413793104,0.2413793103448276,0.13793103448275862,0.0,0.4482758620689655,False,False,-0.2413793103448276,0.7931034482758621,-0.48275862068965514,0.27586206896551724,0.1724137931034483,-0.03448275862068967,0.034482758620689655,0.034482758620689655,-0.24137931034482757,-0.03448275862068967,-0.6551724137931034,0.7241379310344828,0.20689655172413796,-0.20689655172413796,-0.1724137931034483,-0.2068965517241379,1,7.0,2020.02,2020.02,False
1610612760,2023,2023-24,Oklahoma City Thunder,118.3,111.0,7.3,100.85,19.4,0.125,0.573,0.573,0.24,0.125,0.25,0.53,0.256,0.155,0.302,10.7,West,1,57,25,0.695,True,True,True,0.9310344827586207,0.10344827586206896,0.9655172413793104,0.8620689655172413,0.6206896551724138,0.13793103448275862,0.9310344827586207,0.9310344827586207,0.4482758620689655,0.13793103448275862,0.06896551724137931,0.10344827586206896,0.7241379310344828,1.0,0.896551724137931,0.7586206896551724,2,False,0.9310344827586207,0.0,1.0,0.8620689655172413,0.5172413793103449,0.0,0.7931034482758621,0.7931034482758621,0.06896551724137931,0.0,0.3448275862068966,0.0,0.8620689655172413,1.0,0.6206896551724138,0.896551724137931,True,True,0.0,-0.10344827586206896,0.03448275862068961,0.0,-0.10344827586206895,-0.13793103448275862,-0.13793103448275856,-0.13793103448275856,-0.3793103448275862,-0.13793103448275862,0.27586206896551724,-0.10344827586206896,0.13793103448275856,0.0,-0.27586206896551724,0.13793103448275867,2,26.0,596.955,1148.4483333333333,False
1610612747,2016,2016-17,Los Angeles Lakers,105.3,112.0,-6.7,99.26,15.6,0.153,0.501,0.501,0.259,0.153,0.284,0.542,0.279,0.146,0.283,-11.8,West,14,26,56,0.317,False,False,False,0.20689655172413793,1.0,0.0,0.8620689655172413,0.10344827586206896,0.896551724137931,0.2413793103448276,0.2413793103448276,0.27586206896551724,0.896551724137931,0.6206896551724138,1.0,0.5517241379310345,0.5517241379310345,0.5862068965517241,0.10344827586206896,28,True,0.2413793103448276,0.3793103448275862,0.3103448275862069,0.9310344827586207,0.3103448275862069,0.8620689655172413,0.4827586206896552,0.4827586206896552,0.7241379310344828,0.8620689655172413,0.7586206896551724,0.3103448275862069,0.4827586206896552,0.2413793103448276,0.5517241379310345,0.3793103448275862,False,False,0.03448275862068967,-0.6206896551724138,0.3103448275862069,0.06896551724137934,0.20689655172413796,-0.034482758620689724,0.2413793103448276,0.2413793103448276,0.4482758620689655,-0.034482758620689724,0.13793103448275856,-0.6896551724137931,-0.06896551724137928,-0.31034482758620685,-0.03448275862068961,0.27586206896551724,4,2.0,2400.905,5713.768333333333,True
1610612753,2023,2023-24,Orlando Magic,112.9,110.8,2.2,97.37,18.1,0.15,0.541,0.541,0.287,0.15,0.297,0.543,0.264,0.154,0.263,2.2,East,5,47,35,0.573,True,True,True,0.27586206896551724,0.06896551724137931,0.5517241379310345,0.10344827586206896,0.1724137931034483,0.8275862068965517,0.5172413793103449,0.5172413793103449,1.0,0.8275862068965517,0.7931034482758621,0.41379310344827586,0.7931034482758621,0.9655172413793104,0.034482758620689655,0.5517241379310345,12,False,0.10344827586206896,0.034482758620689655,0.4482758620689655,0.0,0.06896551724137931,0.6551724137931034,0.034482758620689655,0.034482758620689655,0.9655172413793104,0.6551724137931034,0.6206896551724138,0.27586206896551724,1.0,0.9655172413793104,0.1724137931034483,0.6551724137931034,True,True,-0.1724137931034483,-0.034482758620689655,-0.10344827586206895,-0.10344827586206896,-0.10344827586206898,-0.1724137931034483,-0.4827586206896552,-0.4827586206896552,-0.03448275862068961,-0.1724137931034483,-0.1724137931034483,-0.13793103448275862,0.2068965517241379,0.0,0.13793103448275862,0.10344827586206895,1,18.0,1628.6116666666667,1628.6116666666667,False
1610612765,2025,2025-26,Detroit Pistons,117.3,108.9,8.4,99.88,19.1,0.151,0.546,0.546,0.292,0.151,0.354,0.517,0.319,0.168,0.311,9.1,East,1,60,22,0.732,True,True,True,0.7241379310344828,0.034482758620689655,0.9310344827586207,0.3793103448275862,0.5862068965517241,0.7586206896551724,0.4827586206896552,0.4827586206896552,0.8620689655172413,0.7586206896551724,0.896551724137931,0.0,1.0,1.0,0.6551724137931034,0.8275862068965517,3,False,,,,,,,,,,,,,,,,,,,,,,,,,,,,,,,,,,,0,,,0.0,False
1610612762,2019,2019-20,Utah Jazz,111.8,109.3,2.5,99.15,16.8,0.152,0.549,0.549,0.268,0.152,0.261,0.518,0.241,0.124,0.254,9.7,West,6,44,28,0.611,True,True,True,0.7241379310344828,0.3793103448275862,0.7241379310344828,0.20689655172413793,0.20689655172413793,0.8275862068965517,0.9655172413793104,0.9655172413793104,0.6896551724137931,0.8275862068965517,0.3103448275862069,0.2413793103448276,0.2413793103448276,0.034482758620689655,0.1724137931034483,0.7586206896551724,8,False,0.8620689655172413,0.06896551724137931,1.0,0.4827586206896552,0.27586206896551724,0.6206896551724138,0.8620689655172413,0.8620689655172413,0.5862068965517241,0.6206896551724138,0.8275862068965517,0.0,0.034482758620689655,0.0,0.034482758620689655,0.8275862068965517,True,True,0.13793103448275856,-0.31034482758620685,0.27586206896551724,0.27586206896551724,0.06896551724137931,-0.2068965517241379,-0.10344827586206906,-0.10344827586206906,-0.10344827586206906,-0.2068965517241379,0.5172413793103448,-0.2413793103448276,-0.20689655172413796,-0.034482758620689655,-0.13793103448275862,0.06896551724137934,2,27.0,63.715,120.915,False
1610612739,2019,2019-20,Cleveland Cavaliers,106.9,114.8,-7.9,99.17,16.8,0.165,0.522,0.522,0.227,0.165,0.296,0.56,0.214,0.13,0.262,-3.4,East,15,19,46,0.292,False,False,False,0.13793103448275862,1.0,0.034482758620689655,0.2413793103448276,0.20689655172413793,1.0,0.27586206896551724,0.27586206896551724,0.034482758620689655,1.0,0.9655172413793104,1.0,0.034482758620689655,0.1724137931034483,0.27586206896551724,0.3793103448275862,29,True,0.06896551724137931,0.8275862068965517,0.06896551724137931,0.1724137931034483,0.3103448275862069,0.9655172413793104,0.034482758620689655,0.034482758620689655,0.7931034482758621,0.9655172413793104,0.7931034482758621,0.9310344827586207,0.2413793103448276,0.7241379310344828,0.6896551724137931,0.10344827586206896,False,False,-0.06896551724137931,-0.1724137931034483,0.034482758620689655,-0.06896551724137931,0.10344827586206898,-0.03448275862068961,-0.24137931034482757,-0.24137931034482757,0.7586206896551725,-0.03448275862068961,-0.1724137931034483,-0.06896551724137934,0.20689655172413796,0.5517241379310345,0.4137931034482759,-0.27586206896551724,1,5.0,2173.235,2173.235,False
1610612740,2022,2022-23,New Orleans Pelicans,113.8,112.0,1.9,99.58,18.5,0.145,0.543,0.543,0.279,0.145,0.29,0.543,0.272,0.149,0.268,10.0,West,9,42,40,0.512,False,True,False,0.3103448275862069,0.1724137931034483,0.6896551724137931,0.4827586206896552,0.5862068965517241,0.6551724137931034,0.4482758620689655,0.4482758620689655,0.6896551724137931,0.6551724137931034,0.7241379310344828,0.4482758620689655,0.5862068965517241,0.7931034482758621,0.13793103448275862,0.8620689655172413,15,False,0.6551724137931034,0.1724137931034483,0.8275862068965517,0.4827586206896552,0.6206896551724138,0.3793103448275862,0.6551724137931034,0.6551724137931034,0.7931034482758621,0.3793103448275862,0.3793103448275862,0.3448275862068966,0.3793103448275862,0.7931034482758621,0.2413793103448276,0.20689655172413793,True,True,0.3448275862068965,0.0,0.13793103448275856,0.0,0.034482758620689724,-0.27586206896551724,0.2068965517241379,0.2068965517241379,0.10344827586206895,-0.27586206896551724,-0.3448275862068966,-0.10344827586206895,-0.2068965517241379,0.0,0.10344827586206898,-0.6551724137931034,1,14.0,1160.58,1160.58,False
1610612762,2022,2022-23,Utah Jazz,115.3,116.0,-0.7,101.02,18.2,0.151,0.547,0.547,0.265,0.151,0.308,0.541,0.265,0.123,0.289,8.5,West,12,37,45,0.451,False,False,False,0.7241379310344828,0.7586206896551724,0.27586206896551724,0.6551724137931034,0.5172413793103449,0.896551724137931,0.5172413793103449,0.5172413793103449,0.5172413793103449,0.896551724137931,0.896551724137931,0.3793103448275862,0.41379310344827586,0.034482758620689655,0.7241379310344828,0.8275862068965517,22,True,0.41379310344827586,1.0,0.2413793103448276,0.6896551724137931,0.4482758620689655,1.0,0.41379310344827586,0.41379310344827586,0.5862068965517241,1.0,0.9655172413793104,0.9310344827586207,0.27586206896551724,0.034482758620689655,0.5172413793103449,0.6896551724137931,False,False,-0.3103448275862069,0.24137931034482762,-0.03448275862068964,0.034482758620689724,-0.06896551724137934,0.10344827586206895,-0.103448275862069,-0.103448275862069,0.06896551724137923,0.10344827586206895,0.06896551724137934,0.5517241379310345,-0.13793103448275862,0.0,-0.2068965517241379,-0.13793103448275856,3,9.0,2022.5766666666666,3463.371666666667,False
1610612763,2021,2021-22,Memphis Grizzlies,114.3,108.9,5.3,100.52,17.9,0.13,0.522,0.522,0.245,0.13,0.338,0.523,0.253,0.149,0.274,9.8,West,2,56,26,0.683,True,True,True,0.896551724137931,0.13793103448275862,0.8620689655172413,0.8620689655172413,0.4827586206896552,0.1724137931034483,0.2413793103448276,0.2413793103448276,0.3793103448275862,0.1724137931034483,1.0,0.3103448275862069,0.5862068965517241,0.896551724137931,0.4827586206896552,0.8275862068965517,2,False,0.6551724137931034,0.06896551724137931,0.896551724137931,0.7586206896551724,0.5172413793103449,0.1724137931034483,0.3103448275862069,0.3103448275862069,0.3448275862068966,0.1724137931034483,0.8275862068965517,0.034482758620689655,0.3793103448275862,0.7241379310344828,0.7241379310344828,0.3448275862068966,True,True,-0.24137931034482762,-0.06896551724137931,0.034482758620689724,-0.10344827586206895,0.03448275862068967,0.0,0.06896551724137931,0.06896551724137931,-0.03448275862068961,0.0,-0.1724137931034483,-0.27586206896551724,-0.2068965517241379,-0.1724137931034483,0.24137931034482757,-0.48275862068965514,4,19.0,1258.5016666666668,2058.8866666666668,False
1610612740,2025,2025-26,New Orleans Pelicans,113.3,117.6,-4.4,101.37,17.6,0.139,0.527,0.527,0.284,0.139,0.311,0.555,0.258,0.142,0.326,-20.3,West,11,26,56,0.317,False,False,False,0.3448275862068966,0.7586206896551724,0.3103448275862069,0.6551724137931034,0.06896551724137931,0.3103448275862069,0.06896551724137931,0.06896551724137931,0.7586206896551724,0.3103448275862069,0.7586206896551724,0.7241379310344828,0.41379310344827586,0.41379310344827586,0.9310344827586207,0.034482758620689655,23,True,,,,,,,,,,,,,,,,,,,,,,,,,,,,,,,,,,,0,,,0.0,False
1610612765,2017,2017-18,Detroit Pistons,106.6,106.7,-0.1,96.75,17.1,0.138,0.512,0.512,0.227,0.138,0.269,0.524,0.222,0.152,0.26,-7.5,East,9,39,43,0.476,False,True,False,0.3793103448275862,0.3103448275862069,0.3793103448275862,0.20689655172413793,0.41379310344827586,0.20689655172413793,0.27586206896551724,0.27586206896551724,0.1724137931034483,0.20689655172413793,0.4827586206896552,0.5172413793103449,0.06896551724137931,0.7586206896551724,0.27586206896551724,0.20689655172413793,19,False,0.3103448275862069,0.3793103448275862,0.4827586206896552,0.06896551724137931,0.1724137931034483,0.5517241379310345,0.13793103448275862,0.13793103448275862,0.6206896551724138,0.5517241379310345,0.8275862068965517,0.6206896551724138,0.8620689655172413,0.5862068965517241,0.10344827586206896,0.4482758620689655,True,True,-0.06896551724137928,0.06896551724137928,0.103448275862069,-0.13793103448275862,-0.24137931034482757,0.3448275862068966,-0.13793103448275862,-0.13793103448275862,0.4482758620689655,0.3448275862068966,0.3448275862068965,0.10344827586206895,0.793103448275862,-0.1724137931034483,-0.1724137931034483,0.2413793103448276,3,38.0,1449.3166666666666,2084.915,False
1610612743,2022,2022-23,Denver Nuggets,116.8,113.5,3.3,98.74,20.5,0.147,0.573,0.573,0.259,0.147,0.289,0.543,0.26,0.136,0.273,10.4,West,1,53,29,0.646,True,True,True,0.8620689655172413,0.4827586206896552,0.8275862068965517,0.20689655172413793,1.0,0.7586206896551724,1.0,1.0,0.3448275862068966,0.7586206896551724,0.6206896551724138,0.4482758620689655,0.3103448275862069,0.3793103448275862,0.3103448275862069,0.9310344827586207,4,False,0.8620689655172413,0.2413793103448276,0.896551724137931,0.13793103448275862,0.9655172413793104,0.27586206896551724,0.7586206896551724,0.7586206896551724,0.1724137931034483,0.27586206896551724,0.8275862068965517,0.06896551724137931,0.6551724137931034,0.13793103448275862,0.4827586206896552,1.0,True,True,0.0,-0.2413793103448276,0.06896551724137934,-0.06896551724137931,-0.03448275862068961,-0.48275862068965514,-0.24137931034482762,-0.24137931034482762,-0.1724137931034483,-0.48275862068965514,0.2068965517241379,-0.3793103448275862,0.3448275862068965,-0.24137931034482757,0.1724137931034483,0.06896551724137934,3,29.0,545.415,715.18,False
1610612744,2022,2022-23,Golden State Warriors,115.1,113.4,1.7,102.54,20.4,0.158,0.571,0.571,0.224,0.158,0.277,0.54,0.278,0.138,0.281,2.1,West,6,44,38,0.537,True,True,True,0.6896551724137931,0.4482758620689655,0.6551724137931034,1.0,0.9655172413793104,0.9655172413793104,0.9310344827586207,0.9310344827586207,0.0,0.9655172413793104,0.4827586206896552,0.27586206896551724,0.7586206896551724,0.4482758620689655,0.5172413793103449,0.5517241379310345,11,False,0.7241379310344828,0.4827586206896552,0.5862068965517241,0.6206896551724138,0.8275862068965517,0.7241379310344828,0.5862068965517241,0.5862068965517241,0.034482758620689655,0.7241379310344828,0.896551724137931,0.27586206896551724,0.5517241379310345,0.20689655172413793,0.2413793103448276,0.4482758620689655,True,False,0.03448275862068961,0.03448275862068967,-0.06896551724137934,-0.3793103448275862,-0.13793103448275867,-0.24137931034482762,-0.3448275862068966,-0.3448275862068966,0.034482758620689655,-0.24137931034482762,0.41379310344827586,0.0,-0.2068965517241379,-0.2413793103448276,-0.27586206896551724,-0.10344827586206895,2,19.0,1968.2533333333333,3098.705,False
1610612760,2024,2024-25,Oklahoma City Thunder,119.2,106.6,12.7,100.9,18.9,0.116,0.56,0.56,0.22,0.116,0.281,0.513,0.272,0.169,0.296,12.6,West,1,68,14,0.829,True,True,True,0.9310344827586207,0.0,1.0,0.8620689655172413,0.5172413793103449,0.0,0.7931034482758621,0.7931034482758621,0.06896551724137931,0.0,0.3448275862068966,0.0,0.8620689655172413,1.0,0.6206896551724138,0.896551724137931,1,False,0.7931034482758621,0.0,1.0,0.4827586206896552,0.41379310344827586,0.0,0.8620689655172413,0.8620689655172413,0.4482758620689655,0.0,0.06896551724137931,0.034482758620689655,0.27586206896551724,0.9310344827586207,0.41379310344827586,0.9655172413793104,True,True,-0.13793103448275856,0.0,0.0,-0.37931034482758613,-0.103448275862069,0.0,0.06896551724137923,0.06896551724137923,0.3793103448275862,0.0,-0.27586206896551724,0.034482758620689655,-0.5862068965517241,-0.06896551724137934,-0.20689655172413796,0.06896551724137934,1,44.0,347.88166666666666,347.88166666666666,False
1610612747,2017,2017-18,Los Angeles Lakers,106.0,107.3,-1.3,100.9,17.0,0.155,0.517,0.517,0.264,0.155,0.279,0.514,0.25,0.14,0.271,-4.8,West,11,35,47,0.427,False,False,False,0.2413793103448276,0.3793103448275862,0.3103448275862069,0.9310344827586207,0.3103448275862069,0.8620689655172413,0.4827586206896552,0.4827586206896552,0.7241379310344828,0.8620689655172413,0.7586206896551724,0.3103448275862069,0.4827586206896552,0.2413793103448276,0.5517241379310345,0.3793103448275862,21,True,0.20689655172413793,0.41379310344827586,0.2413793103448276,0.896551724137931,0.5517241379310345,0.9310344827586207,0.5172413793103449,0.5172413793103449,0.4827586206896552,0.9310344827586207,0.5517241379310345,0.3448275862068966,0.20689655172413793,0.4827586206896552,0.6206896551724138,0.7241379310344828,True,False,-0.03448275862068967,0.03448275862068967,-0.06896551724137931,-0.03448275862068961,0.24137931034482757,0.06896551724137934,0.03448275862068967,0.03448275862068967,-0.24137931034482757,0.06896551724137934,-0.2068965517241379,0.03448275862068967,-0.27586206896551724,0.2413793103448276,0.06896551724137934,0.3448275862068966,2,25.0,446.18,566.205,True
1610612753,2018,2018-19,Orlando Magic,108.2,107.6,0.6,98.65,18.6,0.133,0.518,0.518,0.216,0.133,0.259,0.515,0.239,0.131,0.246,-3.3,East,7,42,40,0.512,True,True,True,0.27586206896551724,0.2413793103448276,0.5517241379310345,0.20689655172413793,0.7931034482758621,0.1724137931034483,0.3448275862068966,0.3448275862068966,0.034482758620689655,0.1724137931034483,0.27586206896551724,0.3103448275862069,0.13793103448275862,0.27586206896551724,0.06896551724137931,0.3448275862068966,14,False,0.2413793103448276,0.3103448275862069,0.3448275862068966,0.13793103448275862,0.4482758620689655,0.10344827586206896,0.10344827586206896,0.10344827586206896,0.3103448275862069,0.10344827586206896,0.4827586206896552,0.5862068965517241,0.13793103448275862,0.5862068965517241,0.13793103448275862,0.27586206896551724,True,True,-0.03448275862068964,0.06896551724137931,-0.2068965517241379,-0.06896551724137931,-0.3448275862068966,-0.06896551724137932,-0.24137931034482762,-0.24137931034482762,0.27586206896551724,-0.06896551724137932,0.20689655172413796,0.2758620689655172,0.0,0.31034482758620685,0.06896551724137931,-0.06896551724137934,0,,,0.0,False
1610612750,2016,2016-17,Minnesota Timberwolves,110.0,110.9,-0.9,95.48,17.7,0.146,0.511,0.511,0.287,0.146,0.309,0.535,0.275,0.148,0.29,-7.5,West,13,31,51,0.378,False,False,False,0.6896551724137931,0.896551724137931,0.3448275862068966,0.2413793103448276,0.7931034482758621,0.5862068965517241,0.4827586206896552,0.4827586206896552,0.7241379310344828,0.5862068965517241,0.896551724137931,0.9655172413793104,0.4482758620689655,0.6206896551724138,0.8275862068965517,0.3793103448275862,24,True,0.896551724137931,0.8275862068965517,0.6896551724137931,0.20689655172413793,0.3103448275862069,0.034482758620689655,0.5862068965517241,0.5862068965517241,0.8620689655172413,0.034482758620689655,0.896551724137931,0.8620689655172413,0.3448275862068966,0.896551724137931,0.8275862068965517,0.10344827586206896,True,True,0.2068965517241379,-0.06896551724137934,0.3448275862068966,-0.03448275862068967,-0.4827586206896552,-0.5517241379310345,0.1034482758620689,0.1034482758620689,0.13793103448275856,-0.5517241379310345,0.0,-0.10344827586206906,-0.10344827586206895,0.27586206896551724,0.0,-0.27586206896551724,1,16.0,3.7333333333333334,3.7333333333333334,True
1610612754,2023,2023-24,Indiana Pacers,120.5,117.6,2.9,102.16,21.0,0.126,0.578,0.578,0.222,0.126,0.284,0.556,0.289,0.136,0.3,1.8,East,6,47,35,0.573,True,True,True,0.9655172413793104,0.7931034482758621,0.6896551724137931,0.9655172413793104,1.0,0.1724137931034483,0.9655172413793104,0.9655172413793104,0.13793103448275862,0.1724137931034483,0.4827586206896552,0.7241379310344828,1.0,0.3793103448275862,0.8620689655172413,0.5172413793103449,12,False,0.7241379310344828,0.41379310344827586,0.5862068965517241,0.7931034482758621,0.9655172413793104,0.06896551724137931,0.896551724137931,0.896551724137931,0.3793103448275862,0.06896551724137931,0.034482758620689655,0.6206896551724138,0.5172413793103449,0.6206896551724138,0.5172413793103449,1.0,True,True,-0.24137931034482762,-0.37931034482758624,-0.10344827586206906,-0.1724137931034483,-0.03448275862068961,-0.10344827586206898,-0.06896551724137934,-0.06896551724137934,0.24137931034482757,-0.10344827586206898,-0.4482758620689655,-0.10344827586206895,-0.48275862068965514,0.24137931034482762,-0.34482758620689646,0.48275862068965514,2,35.0,379.49666666666667,560.7016666666667,False
1610612737,2023,2023-24,Atlanta Hawks,116.4,118.4,-2.0,100.84,18.4,0.133,0.539,0.539,0.251,0.133,0.308,0.572,0.242,0.139,0.283,-12.8,East,10,36,46,0.439,False,True,False,0.6206896551724138,0.896551724137931,0.3103448275862069,0.8275862068965517,0.27586206896551724,0.41379310344827586,0.41379310344827586,0.41379310344827586,0.5862068965517241,0.41379310344827586,0.8620689655172413,0.9655172413793104,0.5172413793103449,0.6551724137931034,0.5172413793103449,0.13793103448275862,21,True,0.41379310344827586,0.5862068965517241,0.41379310344827586,0.9310344827586207,0.7931034482758621,0.7241379310344828,0.4482758620689655,0.4482758620689655,0.7586206896551724,0.7241379310344828,0.5517241379310345,0.9310344827586207,0.6896551724137931,0.7931034482758621,0.27586206896551724,0.7241379310344828,True,False,-0.20689655172413796,-0.31034482758620696,0.10344827586206895,0.10344827586206895,0.5172413793103449,0.3103448275862069,0.03448275862068967,0.03448275862068967,0.1724137931034483,0.3103448275862069,-0.31034482758620685,-0.034482758620689724,0.1724137931034483,0.13793103448275867,-0.24137931034482762,0.5862068965517242,1,1.0,1843.3866666666668,1843.3866666666668,False
1610612756,2017,2017-18,Phoenix Suns,102.8,111.7,-9.0,101.14,15.6,0.155,0.495,0.495,0.275,0.155,0.271,0.533,0.277,0.132,0.276,-9.0,West,15,21,61,0.256,False,False,False,0.0,1.0,0.0,0.9655172413793104,0.034482758620689655,0.8620689655172413,0.0,0.0,0.7586206896551724,0.8620689655172413,0.5172413793103449,0.7931034482758621,0.8275862068965517,0.06896551724137931,0.7241379310344828,0.06896551724137931,30,True,0.06896551724137931,0.9655172413793104,0.034482758620689655,0.6206896551724138,0.3793103448275862,0.9655172413793104,0.20689655172413793,0.20689655172413793,0.5862068965517241,0.9655172413793104,0.06896551724137931,0.9310344827586207,0.9655172413793104,0.8620689655172413,1.0,0.10344827586206896,False,False,0.06896551724137931,-0.03448275862068961,0.034482758620689655,-0.3448275862068966,0.3448275862068965,0.10344827586206906,0.20689655172413793,0.20689655172413793,-0.1724137931034483,0.10344827586206906,-0.4482758620689655,0.13793103448275856,0.13793103448275867,0.793103448275862,0.27586206896551724,0.034482758620689655,6,1.0,2417.115,6695.41,False
1610612758,2019,2019-20,Sacramento Kings,109.5,111.4,-1.9,99.6,17.4,0.144,0.534,0.534,0.23,0.144,0.258,0.543,0.285,0.151,0.264,-2.5,West,12,31,41,0.431,False,False,False,0.3793103448275862,0.6206896551724138,0.3103448275862069,0.3793103448275862,0.41379310344827586,0.4827586206896552,0.5862068965517241,0.5862068965517241,0.06896551724137931,0.4827586206896552,0.27586206896551724,0.7931034482758621,0.8275862068965517,0.7241379310344828,0.3793103448275862,0.4827586206896552,20,False,0.6206896551724138,1.0,0.20689655172413793,0.7241379310344828,0.6896551724137931,0.2413793103448276,0.7241379310344828,0.7241379310344828,0.6206896551724138,0.2413793103448276,0.3103448275862069,1.0,0.5172413793103449,0.4482758620689655,0.9655172413793104,0.41379310344827586,False,False,0.24137931034482762,0.3793103448275862,-0.10344827586206898,0.3448275862068966,0.2758620689655173,-0.2413793103448276,0.13793103448275867,0.13793103448275867,0.5517241379310345,-0.2413793103448276,0.03448275862068967,0.2068965517241379,-0.31034482758620685,-0.27586206896551724,0.5862068965517242,-0.06896551724137934,3,12.0,1745.6766666666667,1885.5316666666668,False
1610612750,2020,2020-21,Minnesota Timberwolves,109.3,114.5,-5.3,101.96,18.0,0.139,0.52,0.52,0.254,0.139,0.271,0.556,0.264,0.149,0.283,-10.2,West,13,23,49,0.319,False,False,False,0.1724137931034483,0.9310344827586207,0.13793103448275862,0.8620689655172413,0.5172413793103449,0.5517241379310345,0.1724137931034483,0.1724137931034483,0.7241379310344828,0.5517241379310345,0.6551724137931034,0.9310344827586207,0.8620689655172413,0.8620689655172413,0.896551724137931,0.13793103448275862,25,True,0.7931034482758621,0.41379310344827586,0.6896551724137931,1.0,0.5517241379310345,0.5517241379310345,0.6206896551724138,0.6206896551724138,0.6896551724137931,0.5517241379310345,0.7931034482758621,0.5517241379310345,0.9655172413793104,0.9655172413793104,0.896551724137931,0.4827586206896552,True,True,0.6206896551724138,-0.5172413793103448,0.5517241379310345,0.13793103448275867,0.03448275862068961,0.0,0.4482758620689655,0.4482758620689655,-0.03448275862068961,0.0,0.13793103448275867,-0.3793103448275862,0.10344827586206906,0.10344827586206906,0.0,0.3448275862068966,0,,,0.0,False
1610612765,2016,2016-17,Detroit Pistons,105.3,106.7,-1.4,95.52,16.1,0.123,0.492,0.492,0.218,0.123,0.286,0.516,0.253,0.133,0.225,-10.2,East,10,37,45,0.451,False,True,False,0.20689655172413793,0.2413793103448276,0.3103448275862069,0.3103448275862069,0.20689655172413793,0.034482758620689655,0.10344827586206896,0.10344827586206896,0.0,0.034482758620689655,0.6896551724137931,0.5862068965517241,0.27586206896551724,0.1724137931034483,0.0,0.1724137931034483,19,False,0.3793103448275862,0.3103448275862069,0.3793103448275862,0.20689655172413793,0.41379310344827586,0.20689655172413793,0.27586206896551724,0.27586206896551724,0.1724137931034483,0.20689655172413793,0.4827586206896552,0.5172413793103449,0.06896551724137931,0.7586206896551724,0.27586206896551724,0.20689655172413793,True,False,0.17241379310344826,0.06896551724137931,0.06896551724137928,-0.10344827586206898,0.20689655172413793,0.1724137931034483,0.1724137931034483,0.1724137931034483,0.1724137931034483,0.1724137931034483,-0.20689655172413796,-0.06896551724137923,-0.20689655172413793,0.5862068965517241,0.27586206896551724,0.03448275862068964,1,12.0,1462.7733333333333,1462.7733333333333,True
1610612738,2019,2019-20,Boston Celtics,112.8,106.5,6.3,99.92,16.7,0.137,0.531,0.531,0.259,0.137,0.283,0.509,0.281,0.151,0.269,4.4,East,3,48,24,0.667,True,True,True,0.896551724137931,0.10344827586206896,0.9310344827586207,0.4482758620689655,0.13793103448275862,0.20689655172413793,0.4482758620689655,0.4482758620689655,0.41379310344827586,0.20689655172413793,0.8275862068965517,0.10344827586206896,0.7931034482758621,0.7241379310344828,0.5172413793103449,0.6206896551724138,5,False,0.6896551724137931,0.41379310344827586,0.5517241379310345,0.3448275862068966,0.13793103448275862,0.5862068965517241,0.6206896551724138,0.6206896551724138,0.2413793103448276,0.5862068965517241,0.9310344827586207,0.4827586206896552,0.896551724137931,0.5862068965517241,0.41379310344827586,0.1724137931034483,True,True,-0.2068965517241379,0.3103448275862069,-0.3793103448275862,-0.10344827586206895,0.0,0.3793103448275862,0.1724137931034483,0.1724137931034483,-0.17241379310344826,0.3793103448275862,0.10344827586206895,0.37931034482758624,0.10344827586206895,-0.13793103448275867,-0.103448275862069,-0.4482758620689655,2,14.0,1267.5583333333334,1936.29,True
1610612743,2021,2021-22,Denver Nuggets,113.8,111.5,2.3,98.41,20.0,0.146,0.556,0.556,0.244,0.146,0.268,0.537,0.249,0.129,0.248,1.5,West,6,48,34,0.585,True,True,True,0.7931034482758621,0.4827586206896552,0.6551724137931034,0.3448275862068966,1.0,0.8275862068965517,1.0,1.0,0.3448275862068966,0.8275862068965517,0.3793103448275862,0.6551724137931034,0.3793103448275862,0.06896551724137931,0.0,0.5862068965517241,10,False,0.8620689655172413,0.4827586206896552,0.8275862068965517,0.20689655172413793,1.0,0.7586206896551724,1.0,1.0,0.3448275862068966,0.7586206896551724,0.6206896551724138,0.4482758620689655,0.3103448275862069,0.3793103448275862,0.3103448275862069,0.9310344827586207,True,True,0.06896551724137923,0.0,0.1724137931034483,-0.13793103448275865,0.0,-0.06896551724137934,0.0,0.0,0.0,-0.06896551724137934,0.24137931034482762,-0.2068965517241379,-0.06896551724137928,0.31034482758620685,0.3103448275862069,0.3448275862068966,2,21.0,1181.14,1367.2516666666668,False
1610612748,2022,2022-23,Miami Heat,112.3,112.8,-0.5,96.76,17.8,0.138,0.53,0.53,0.27,0.138,0.274,0.561,0.253,0.161,0.267,14.7,East,7,44,38,0.537,True,True,True,0.1724137931034483,0.27586206896551724,0.3103448275862069,0.034482758620689655,0.3103448275862069,0.41379310344827586,0.1724137931034483,0.1724137931034483,0.5862068965517241,0.41379310344827586,0.41379310344827586,0.8275862068965517,0.13793103448275862,0.896551724137931,0.10344827586206896,0.9655172413793104,11,False,0.3103448275862069,0.13793103448275862,0.4482758620689655,0.034482758620689655,0.5172413793103449,0.27586206896551724,0.3448275862068966,0.3448275862068966,0.7241379310344828,0.27586206896551724,0.20689655172413793,0.41379310344827586,0.13793103448275862,0.7241379310344828,0.06896551724137931,0.06896551724137931,True,True,0.13793103448275862,-0.13793103448275862,0.13793103448275862,0.0,0.20689655172413796,-0.13793103448275862,0.1724137931034483,0.1724137931034483,0.13793103448275867,-0.13793103448275862,-0.20689655172413793,-0.41379310344827586,0.0,-0.1724137931034483,-0.034482758620689655,-0.896551724137931,1,18.0,2113.195,2113.195,False
1610612765,2022,2022-23,Detroit Pistons,109.9,117.8,-7.9,99.88,16.7,0.15,0.52,0.52,0.295,0.15,0.292,0.557,0.298,0.134,0.298,-19.0,East,15,17,65,0.207,False,False,False,0.06896551724137931,0.896551724137931,0.06896551724137931,0.5862068965517241,0.06896551724137931,0.8275862068965517,0.10344827586206896,0.10344827586206896,0.896551724137931,0.8275862068965517,0.7586206896551724,0.7931034482758621,0.9655172413793104,0.3103448275862069,0.896551724137931,0.0,30,True,0.10344827586206896,0.8275862068965517,0.034482758620689655,0.7241379310344828,0.20689655172413793,0.896551724137931,0.06896551724137931,0.06896551724137931,0.5172413793103449,0.896551724137931,0.3448275862068966,0.7931034482758621,0.9310344827586207,0.10344827586206896,0.13793103448275862,0.034482758620689655,False,False,0.034482758620689655,-0.06896551724137934,-0.034482758620689655,0.13793103448275867,0.13793103448275862,0.06896551724137934,-0.034482758620689655,-0.034482758620689655,-0.3793103448275862,0.06896551724137934,-0.4137931034482758,0.0,-0.034482758620689724,-0.20689655172413796,-0.7586206896551724,0.034482758620689655,2,5.0,1582.805,2933.915,False
1610612766,2024,2024-25,Charlotte Hornets,106.7,115.7,-9.1,98.22,17.5,0.157,0.503,0.503,0.222,0.157,0.308,0.547,0.24,0.135,0.295,-6.0,East,14,19,63,0.232,False,False,False,0.034482758620689655,0.7931034482758621,0.10344827586206896,0.2413793103448276,0.13793103448275862,0.9310344827586207,0.0,0.0,0.10344827586206896,0.9310344827586207,0.7586206896551724,0.6551724137931034,0.3793103448275862,0.27586206896551724,0.5172413793103449,0.3103448275862069,28,True,0.8620689655172413,0.3448275862068966,0.7586206896551724,0.10344827586206896,0.4482758620689655,0.896551724137931,0.6206896551724138,0.6206896551724138,0.2413793103448276,0.896551724137931,0.9655172413793104,0.20689655172413793,0.034482758620689655,0.1724137931034483,0.034482758620689655,0.1724137931034483,True,False,0.8275862068965517,-0.4482758620689655,0.6551724137931034,-0.13793103448275862,0.3103448275862069,-0.03448275862068961,0.6206896551724138,0.6206896551724138,0.13793103448275862,-0.03448275862068961,0.206896551724138,-0.4482758620689655,-0.3448275862068965,-0.10344827586206895,-0.4827586206896552,-0.13793103448275862,4,4.0,2550.7466666666664,6240.679999999999,False
1610612743,2016,2016-17,Denver Nuggets,112.2,111.7,0.4,99.18,18.2,0.15,0.53,0.53,0.276,0.15,0.314,0.532,0.248,0.12,0.247,-7.9,West,9,40,42,0.488,False,True,False,0.896551724137931,0.9655172413793104,0.5862068965517241,0.8275862068965517,0.896551724137931,0.7241379310344828,0.8620689655172413,0.8620689655172413,0.5862068965517241,0.7241379310344828,0.9655172413793104,0.9310344827586207,0.1724137931034483,0.0,0.034482758620689655,0.3448275862068966,18,False,0.8275862068965517,0.7586206896551724,0.6551724137931034,0.5172413793103449,0.8620689655172413,0.7241379310344828,0.8275862068965517,0.8275862068965517,0.5862068965517241,0.7241379310344828,0.9655172413793104,0.8620689655172413,0.27586206896551724,0.2413793103448276,0.3448275862068966,0.5172413793103449,True,False,-0.06896551724137934,-0.206896551724138,0.06896551724137934,-0.31034482758620685,-0.034482758620689724,0.0,-0.03448275862068961,-0.03448275862068961,0.0,0.0,0.0,-0.06896551724137934,0.10344827586206895,0.2413793103448276,0.3103448275862069,0.1724137931034483,2,24.0,25.285,27.451666666666668,True
1610612765,2018,2018-19,Detroit Pistons,108.4,108.7,-0.3,97.88,16.5,0.14,0.509,0.509,0.262,0.14,0.291,0.526,0.279,0.142,0.255,-1.2,East,8,41,41,0.5,True,True,True,0.3103448275862069,0.3793103448275862,0.4827586206896552,0.06896551724137931,0.1724137931034483,0.5517241379310345,0.13793103448275862,0.13793103448275862,0.6206896551724138,0.5517241379310345,0.8275862068965517,0.6206896551724138,0.8620689655172413,0.5862068965517241,0.10344827586206896,0.4482758620689655,16,False,0.3448275862068966,0.7241379310344828,0.2413793103448276,0.06896551724137931,0.5172413793103449,0.896551724137931,0.3793103448275862,0.3793103448275862,0.4482758620689655,0.896551724137931,0.6551724137931034,0.6551724137931034,0.20689655172413793,0.41379310344827586,0.8275862068965517,0.0,False,False,0.03448275862068967,0.3448275862068966,-0.2413793103448276,0.0,0.3448275862068966,0.3448275862068966,0.24137931034482757,0.24137931034482757,-0.1724137931034483,0.3448275862068966,-0.1724137931034483,0.03448275862068961,-0.6551724137931034,-0.17241379310344823,0.7241379310344828,-0.4482758620689655,2,15.0,753.7266666666667,806.7566666666667,False
1610612747,2020,2020-21,Los Angeles Lakers,109.8,106.8,2.9,98.85,18.0,0.152,0.536,0.536,0.271,0.152,0.269,0.526,0.237,0.152,0.252,11.7,West,7,42,30,0.583,True,True,True,0.20689655172413793,0.0,0.7586206896551724,0.3103448275862069,0.5172413793103449,0.9310344827586207,0.41379310344827586,0.41379310344827586,0.8275862068965517,0.9310344827586207,0.5517241379310345,0.13793103448275862,0.3103448275862069,0.896551724137931,0.20689655172413793,0.896551724137931,8,False,0.27586206896551724,0.6896551724137931,0.27586206896551724,0.7931034482758621,0.2413793103448276,0.6206896551724138,0.5172413793103449,0.5172413793103449,0.7586206896551724,0.6206896551724138,0.1724137931034483,0.6896551724137931,0.7241379310344828,0.5517241379310345,0.6896551724137931,0.3448275862068966,False,False,0.06896551724137931,0.6896551724137931,-0.48275862068965514,0.4827586206896552,-0.27586206896551724,-0.31034482758620685,0.103448275862069,0.103448275862069,-0.06896551724137934,-0.31034482758620685,-0.3793103448275862,0.5517241379310345,0.41379310344827586,-0.3448275862068966,0.48275862068965525,-0.5517241379310345,0,,,0.0,True
1610612742,2023,2023-24,Dallas Mavericks,117.0,114.9,2.1,100.6,18.5,0.124,0.562,0.562,0.251,0.124,0.257,0.548,0.239,0.137,0.289,20.5,West,5,50,32,0.61,True,True,True,0.7586206896551724,0.5862068965517241,0.5172413793103449,0.7931034482758621,0.3448275862068966,0.06896551724137931,0.7586206896551724,0.7586206896551724,0.5862068965517241,0.06896551724137931,0.1724137931034483,0.5517241379310345,0.41379310344827586,0.4482758620689655,0.6896551724137931,0.9310344827586207,6,False,0.41379310344827586,0.6551724137931034,0.3793103448275862,0.6206896551724138,0.2413793103448276,0.3448275862068966,0.5517241379310345,0.5517241379310345,0.896551724137931,0.3448275862068966,0.1724137931034483,0.41379310344827586,0.2413793103448276,0.2413793103448276,0.8275862068965517,0.41379310344827586,True,False,-0.3448275862068965,0.06896551724137934,-0.13793103448275867,-0.1724137931034483,-0.10344827586206898,0.27586206896551724,-0.2068965517241379,-0.2068965517241379,0.31034482758620696,0.27586206896551724,0.0,-0.13793103448275862,-0.17241379310344826,-0.20689655172413793,0.13793103448275856,-0.5172413793103448,0,,,0.0,True
1610612757,2019,2019-20,Portland Trail Blazers,113.2,114.3,-1.1,101.17,15.2,0.126,0.533,0.533,0.242,0.126,0.266,0.53,0.27,0.127,0.288,6.8,West,8,35,39,0.473,True,True,True,0.9310344827586207,0.896551724137931,0.41379310344827586,0.5862068965517241,0.0,0.034482758620689655,0.5517241379310345,0.5517241379310345,0.20689655172413793,0.034482758620689655,0.4482758620689655,0.4827586206896552,0.5862068965517241,0.10344827586206896,0.896551724137931,0.6896551724137931,15,False,0.9655172413793104,0.9655172413793104,0.6206896551724138,0.3793103448275862,0.0,0.0,0.5172413793103449,0.5172413793103449,0.27586206896551724,0.0,0.6896551724137931,0.7241379310344828,0.6896551724137931,0.06896551724137931,0.6551724137931034,1.0,True,True,0.034482758620689724,0.06896551724137934,0.20689655172413796,-0.2068965517241379,0.0,-0.034482758620689655,-0.03448275862068961,-0.03448275862068961,0.06896551724137931,-0.034482758620689655,0.24137931034482762,0.24137931034482757,0.10344827586206906,-0.034482758620689655,-0.24137931034482762,0.31034482758620685,1,46.0,192.38333333333333,192.38333333333333,False
1610612744,2017,2017-18,Golden State Warriors,112.8,106.8,5.9,100.35,20.9,0.153,0.569,0.569,0.239,0.153,0.243,0.504,0.245,0.142,0.288,8.8,West,2,58,24,0.707,True,True,True,0.9310344827586207,0.3448275862068966,0.9310344827586207,0.8620689655172413,1.0,0.8275862068965517,1.0,1.0,0.3448275862068966,0.8275862068965517,0.06896551724137931,0.13793103448275862,0.41379310344827586,0.4482758620689655,0.9655172413793104,0.8275862068965517,3,False,1.0,0.3448275862068966,0.9655172413793104,0.6896551724137931,1.0,0.4827586206896552,1.0,1.0,0.06896551724137931,0.4827586206896552,0.20689655172413793,0.06896551724137931,0.6896551724137931,0.3793103448275862,0.5172413793103449,0.7931034482758621,True,True,0.06896551724137934,0.0,0.034482758620689724,-0.17241379310344818,0.0,-0.3448275862068965,0.0,0.0,-0.27586206896551724,-0.3448275862068965,0.13793103448275862,-0.06896551724137931,0.2758620689655173,-0.06896551724137934,-0.4482758620689655,-0.03448275862068961,1,28.0,203.59666666666666,203.59666666666666,True
1610612762,2021,2021-22,Utah Jazz,116.2,110.0,6.2,97.5,16.7,0.143,0.555,0.555,0.271,0.143,0.3,0.521,0.216,0.123,0.262,-6.7,West,5,49,33,0.598,True,True,True,1.0,0.3103448275862069,0.9310344827586207,0.2413793103448276,0.10344827586206896,0.6551724137931034,0.9655172413793104,0.9655172413793104,0.896551724137931,0.6551724137931034,0.8620689655172413,0.1724137931034483,0.0,0.034482758620689655,0.13793103448275862,0.2413793103448276,9,False,0.7241379310344828,0.7586206896551724,0.27586206896551724,0.6551724137931034,0.5172413793103449,0.896551724137931,0.5172413793103449,0.5172413793103449,0.5172413793103449,0.896551724137931,0.896551724137931,0.3793103448275862,0.41379310344827586,0.034482758620689655,0.7241379310344828,0.8275862068965517,False,False,-0.27586206896551724,0.44827586206896547,-0.6551724137931034,0.4137931034482758,0.4137931034482759,0.24137931034482762,-0.4482758620689655,-0.4482758620689655,-0.3793103448275862,0.24137931034482762,0.034482758620689724,0.2068965517241379,0.41379310344827586,0.0,0.5862068965517242,0.5862068965517241,2,14.0,1703.2066666666667,2912.4133333333334,False
1610612746,2018,2018-19,LA Clippers,111.4,110.4,1.0,102.66,17.1,0.141,0.529,0.529,0.326,0.141,0.263,0.514,0.288,0.127,0.278,17.6,West,8,48,34,0.585,True,True,True,0.7241379310344828,0.6206896551724138,0.5862068965517241,0.7931034482758621,0.3448275862068966,0.6206896551724138,0.6206896551724138,0.6206896551724138,1.0,0.6206896551724138,0.3103448275862069,0.2413793103448276,0.896551724137931,0.10344827586206896,0.6896551724137931,1.0,11,False,0.9655172413793104,0.13793103448275862,0.9310344827586207,0.7586206896551724,0.27586206896551724,0.3448275862068966,0.6896551724137931,0.6896551724137931,0.9655172413793104,0.3448275862068966,0.6896551724137931,0.06896551724137931,0.6206896551724138,0.2413793103448276,0.3103448275862069,0.7241379310344828,True,True,0.24137931034482762,-0.4827586206896552,0.3448275862068966,-0.034482758620689724,-0.06896551724137934,-0.27586206896551724,0.06896551724137934,0.06896551724137934,-0.03448275862068961,-0.27586206896551724,0.37931034482758624,-0.1724137931034483,-0.27586206896551724,0.13793103448275862,-0.37931034482758624,-0.27586206896551724,2,27.0,362.12,426.5366666666667,True
1610612742,2017,2017-18,Dallas Mavericks,105.4,108.4,-2.9,96.53,17.3,0.127,0.513,0.513,0.217,0.127,0.224,0.532,0.255,0.141,0.251,-27.9,West,13,24,58,0.293,False,False,False,0.20689655172413793,0.5172413793103449,0.27586206896551724,0.13793103448275862,0.5517241379310345,0.0,0.3793103448275862,0.3793103448275862,0.10344827586206896,0.0,0.0,0.7241379310344828,0.5862068965517241,0.3103448275862069,0.13793103448275862,0.0,27,True,0.3448275862068966,0.5517241379310345,0.3103448275862069,0.3793103448275862,0.27586206896551724,0.6896551724137931,0.3793103448275862,0.3793103448275862,0.896551724137931,0.6896551724137931,0.5862068965517241,0.5172413793103449,0.2413793103448276,0.20689655172413793,0.3103448275862069,0.20689655172413793,False,False,0.13793103448275865,0.03448275862068961,0.03448275862068967,0.24137931034482757,-0.27586206896551724,0.6896551724137931,0.0,0.0,0.7931034482758621,0.6896551724137931,0.5862068965517241,-0.2068965517241379,-0.34482758620689646,-0.10344827586206898,0.1724137931034483,0.20689655172413793,3,3.0,2317.74,3919.5649999999996,False
1610612753,2020,2020-21,Orlando Magic,104.6,113.9,-9.3,99.17,16.3,0.129,0.49,0.49,0.24,0.129,0.252,0.547,0.215,0.128,0.256,1.7,East,14,21,51,0.292,False,False,False,0.034482758620689655,0.8620689655172413,0.034482758620689655,0.4482758620689655,0.06896551724137931,0.13793103448275862,0.0,0.0,0.3793103448275862,0.13793103448275862,0.2413793103448276,0.7586206896551724,0.06896551724137931,0.20689655172413793,0.2413793103448276,0.6551724137931034,28,True,0.034482758620689655,0.6206896551724138,0.06896551724137931,0.6896551724137931,0.3448275862068966,0.7586206896551724,0.06896551724137931,0.06896551724137931,0.06896551724137931,0.7586206896551724,0.06896551724137931,0.4482758620689655,0.6206896551724138,0.1724137931034483,0.20689655172413793,0.3793103448275862,False,False,0.0,-0.2413793103448275,0.034482758620689655,0.24137931034482762,0.27586206896551724,0.6206896551724137,0.06896551724137931,0.06896551724137931,-0.31034482758620685,0.6206896551724137,-0.1724137931034483,-0.31034482758620685,0.5517241379310345,-0.03448275862068964,-0.03448275862068967,-0.27586206896551724,2,5.0,2429.0466666666666,3735.7,False
1610612761,2022,2022-23,Toronto Raptors,114.6,113.1,1.5,97.85,17.2,0.118,0.517,0.517,0.257,0.118,0.316,0.565,0.28,0.169,0.279,3.2,East,9,41,41,0.5,False,True,False,0.5862068965517241,0.3103448275862069,0.6206896551724138,0.1724137931034483,0.13793103448275862,0.0,0.06896551724137931,0.06896551724137931,0.27586206896551724,0.0,0.9310344827586207,0.9655172413793104,0.7931034482758621,1.0,0.4482758620689655,0.6896551724137931,17,False,0.20689655172413793,0.8620689655172413,0.20689655172413793,0.6206896551724138,0.7586206896551724,0.6551724137931034,0.3103448275862069,0.3103448275862069,0.4827586206896552,0.6551724137931034,0.41379310344827586,0.896551724137931,0.06896551724137931,0.5172413793103449,0.9655172413793104,0.2413793103448276,False,False,-0.3793103448275862,0.5517241379310345,-0.4137931034482759,0.4482758620689655,0.6206896551724137,0.6551724137931034,0.2413793103448276,0.2413793103448276,0.20689655172413796,0.6551724137931034,-0.5172413793103448,-0.06896551724137934,-0.7241379310344828,-0.48275862068965514,0.5172413793103449,-0.4482758620689655,1,13.0,1267.6683333333333,1267.6683333333333,False
1610612758,2016,2016-17,Sacramento Kings,106.6,110.8,-4.2,95.42,17.3,0.152,0.516,0.516,0.284,0.152,0.258,0.528,0.291,0.145,0.277,-9.4,West,12,32,50,0.39,False,False,False,0.3448275862068966,0.8620689655172413,0.1724137931034483,0.20689655172413793,0.6206896551724138,0.7931034482758621,0.5517241379310345,0.5517241379310345,0.6896551724137931,0.7931034482758621,0.20689655172413793,0.8620689655172413,0.8620689655172413,0.5172413793103449,0.41379310344827586,0.2413793103448276,23,True,0.034482758620689655,0.8620689655172413,0.034482758620689655,0.0,0.20689655172413793,0.41379310344827586,0.10344827586206896,0.10344827586206896,0.0,0.41379310344827586,0.4482758620689655,0.9655172413793104,0.6896551724137931,0.6896551724137931,0.4482758620689655,0.7241379310344828,False,False,-0.3103448275862069,0.0,-0.13793103448275862,-0.20689655172413793,-0.4137931034482759,-0.37931034482758624,-0.4482758620689655,-0.4482758620689655,-0.6896551724137931,-0.37931034482758624,0.2413793103448276,0.10344827586206906,-0.17241379310344818,0.1724137931034483,0.03448275862068967,0.48275862068965514,3,5.0,2025.53,4515.781666666667,False
1610612766,2025,2025-26,Charlotte Hornets,118.4,113.5,4.9,97.59,18.6,0.157,0.552,0.552,0.244,0.157,0.358,0.54,0.232,0.13,0.278,-11.1,East,9,44,38,0.537,False,True,False,0.8620689655172413,0.3448275862068966,0.7586206896551724,0.10344827586206896,0.4482758620689655,0.896551724137931,0.6206896551724138,0.6206896551724138,0.2413793103448276,0.896551724137931,0.9655172413793104,0.20689655172413793,0.034482758620689655,0.1724137931034483,0.034482758620689655,0.1724137931034483,16,False,,,,,,,,,,,,,,,,,,,,,,,,,,,,,,,,,,,0,,,0.0,False
1610612737,2020,2020-21,Atlanta Hawks,114.3,112.1,2.2,98.68,17.6,0.133,0.539,0.539,0.278,0.133,0.284,0.53,0.237,0.124,0.258,-2.5,East,5,41,31,0.569,True,True,True,0.7241379310344828,0.5862068965517241,0.6551724137931034,0.27586206896551724,0.3448275862068966,0.2413793103448276,0.4827586206896552,0.4827586206896552,0.896551724137931,0.2413793103448276,0.8275862068965517,0.1724137931034483,0.3103448275862069,0.034482758620689655,0.27586206896551724,0.5172413793103449,11,False,0.9655172413793104,0.8620689655172413,0.5517241379310345,0.4482758620689655,0.5517241379310345,0.0,0.7586206896551724,0.7586206896551724,0.6551724137931034,0.0,0.4482758620689655,0.7931034482758621,0.1724137931034483,0.06896551724137931,0.3448275862068966,0.20689655172413793,True,True,0.24137931034482762,0.27586206896551724,-0.10344827586206895,0.1724137931034483,0.2068965517241379,-0.2413793103448276,0.2758620689655172,0.2758620689655172,-0.24137931034482762,-0.2413793103448276,-0.3793103448275862,0.6206896551724138,-0.13793103448275862,0.034482758620689655,0.06896551724137934,-0.31034482758620696,2,20.0,120.39,158.97666666666666,False
1610612761,2019,2019-20,Toronto Raptors,110.8,104.7,6.1,101.19,18.1,0.146,0.536,0.536,0.264,0.146,0.256,0.502,0.263,0.165,0.279,20.0,East,2,53,19,0.736,True,True,True,0.5862068965517241,0.034482758620689655,0.896551724137931,0.6206896551724138,0.7241379310344828,0.5517241379310345,0.7586206896551724,0.7586206896551724,0.5517241379310345,0.5517241379310345,0.20689655172413793,0.034482758620689655,0.4827586206896552,0.9655172413793104,0.7241379310344828,0.9655172413793104,2,False,0.4827586206896552,0.4827586206896552,0.3793103448275862,0.5517241379310345,0.3793103448275862,0.2413793103448276,0.3103448275862069,0.3103448275862069,0.41379310344827586,0.2413793103448276,0.41379310344827586,0.6551724137931034,1.0,1.0,0.9310344827586207,0.034482758620689655,False,False,-0.1034482758620689,0.4482758620689655,-0.5172413793103449,-0.06896551724137934,-0.3448275862068966,-0.31034482758620685,-0.44827586206896547,-0.44827586206896547,-0.13793103448275862,-0.31034482758620685,0.20689655172413793,0.6206896551724138,0.5172413793103448,0.03448275862068961,0.2068965517241379,-0.9310344827586208,2,29.0,927.545,1099.6499999999999,False
1610612743,2019,2019-20,Denver Nuggets,112.6,110.4,2.2,97.64,19.1,0.139,0.535,0.535,0.235,0.139,0.294,0.533,0.26,0.144,0.275,10.0,West,3,46,27,0.63,True,True,True,0.8620689655172413,0.5172413793103449,0.6551724137931034,0.034482758620689655,0.9655172413793104,0.27586206896551724,0.6896551724137931,0.6896551724137931,0.13793103448275862,0.27586206896551724,0.9310344827586207,0.5517241379310345,0.4482758620689655,0.5517241379310345,0.6551724137931034,0.8275862068965517,6,False,0.7931034482758621,0.3448275862068966,0.8275862068965517,0.10344827586206896,0.8620689655172413,0.4827586206896552,0.8275862068965517,0.8275862068965517,0.06896551724137931,0.4827586206896552,0.9655172413793104,0.6896551724137931,0.6896551724137931,0.6206896551724138,0.1724137931034483,0.7586206896551724,True,True,-0.06896551724137923,-0.1724137931034483,0.1724137931034483,0.06896551724137931,-0.10344827586206906,0.20689655172413796,0.13793103448275856,0.13793103448275856,-0.06896551724137931,0.20689655172413796,0.034482758620689724,0.13793103448275867,0.24137931034482762,0.06896551724137934,-0.48275862068965514,-0.06896551724137934,1,22.0,397.2783333333333,397.2783333333333,False
1610612760,2021,2021-22,Oklahoma City Thunder,103.8,111.7,-8.0,99.39,16.4,0.14,0.497,0.497,0.223,0.14,0.256,0.533,0.22,0.132,0.273,-2.7,West,14,24,58,0.293,False,False,False,0.0,0.5172413793103449,0.10344827586206896,0.6206896551724138,0.034482758620689655,0.4827586206896552,0.034482758620689655,0.034482758620689655,0.06896551724137931,0.4827586206896552,0.1724137931034483,0.5172413793103449,0.06896551724137931,0.2413793103448276,0.4482758620689655,0.4482758620689655,27,True,0.4827586206896552,0.3793103448275862,0.5172413793103449,0.9310344827586207,0.13793103448275862,0.10344827586206896,0.20689655172413793,0.20689655172413793,0.2413793103448276,0.10344827586206896,0.6206896551724138,0.6206896551724138,0.8620689655172413,0.9655172413793104,0.9310344827586207,0.27586206896551724,True,False,0.4827586206896552,-0.13793103448275867,0.4137931034482759,0.31034482758620685,0.10344827586206896,-0.37931034482758624,0.1724137931034483,0.1724137931034483,0.1724137931034483,-0.37931034482758624,0.4482758620689655,0.10344827586206895,0.793103448275862,0.7241379310344828,0.48275862068965514,-0.1724137931034483,3,11.0,2275.5916666666667,3758.46,False
1610612752,2023,2023-24,New York Knicks,117.3,112.4,4.9,95.96,17.8,0.138,0.54,0.54,0.246,0.138,0.333,0.543,0.231,0.137,0.271,12.8,East,2,50,32,0.61,True,True,True,0.7931034482758621,0.27586206896551724,0.8620689655172413,0.0,0.06896551724137931,0.5862068965517241,0.4827586206896552,0.4827586206896552,0.5172413793103449,0.5862068965517241,1.0,0.41379310344827586,0.20689655172413793,0.4482758620689655,0.1724137931034483,0.7931034482758621,6,False,0.8620689655172413,0.41379310344827586,0.7586206896551724,0.13793103448275862,0.6896551724137931,0.20689655172413793,0.7241379310344828,0.7241379310344828,0.1724137931034483,0.20689655172413793,0.6896551724137931,0.7241379310344828,0.1724137931034483,0.5862068965517241,0.3793103448275862,0.5862068965517241,True,True,0.06896551724137923,0.13793103448275862,-0.10344827586206895,0.13793103448275862,0.6206896551724138,-0.3793103448275862,0.24137931034482757,0.24137931034482757,-0.3448275862068966,-0.3793103448275862,-0.31034482758620685,0.3103448275862069,-0.03448275862068964,0.13793103448275856,0.2068965517241379,-0.206896551724138,5,25.0,296.15166666666664,676.0283333333333,True
1610612749,2023,2023-24,Milwaukee Bucks,117.6,115.0,2.6,100.51,19.0,0.128,0.568,0.568,0.27,0.128,0.255,0.539,0.234,0.119,0.269,15.1,East,3,49,33,0.598,True,True,True,0.8275862068965517,0.6206896551724138,0.6551724137931034,0.7586206896551724,0.4827586206896552,0.2413793103448276,0.896551724137931,0.896551724137931,0.8620689655172413,0.2413793103448276,0.13793103448275862,0.27586206896551724,0.2413793103448276,0.0,0.10344827586206896,0.8620689655172413,8,False,0.6896551724137931,0.3793103448275862,0.6551724137931034,0.5517241379310345,0.41379310344827586,0.13793103448275862,0.9310344827586207,0.9310344827586207,0.9310344827586207,0.13793103448275862,0.0,0.1724137931034483,0.10344827586206896,0.10344827586206896,0.06896551724137931,0.6896551724137931,True,True,-0.13793103448275856,-0.24137931034482762,0.0,-0.2068965517241379,-0.06896551724137934,-0.10344827586206898,0.03448275862068961,0.03448275862068961,0.06896551724137934,-0.10344827586206898,-0.13793103448275862,-0.10344827586206895,-0.13793103448275862,0.10344827586206896,-0.034482758620689655,-0.17241379310344818,1,33.0,121.57333333333334,121.57333333333334,False
1610612746,2021,2021-22,LA Clippers,109.5,109.5,0.0,98.51,17.7,0.139,0.531,0.531,0.224,0.139,0.254,0.514,0.216,0.137,0.294,10.8,West,8,42,40,0.512,False,True,False,0.1724137931034483,0.2413793103448276,0.41379310344827586,0.3793103448275862,0.3793103448275862,0.41379310344827586,0.3448275862068966,0.3448275862068966,0.13793103448275862,0.41379310344827586,0.13793103448275862,0.10344827586206896,0.0,0.5172413793103449,0.896551724137931,0.8620689655172413,18,False,0.41379310344827586,0.5517241379310345,0.4482758620689655,0.3103448275862069,0.2413793103448276,0.5862068965517241,0.6551724137931034,0.6551724137931034,0.6551724137931034,0.5862068965517241,0.3103448275862069,0.4482758620689655,0.13793103448275862,0.20689655172413793,0.1724137931034483,0.7931034482758621,True,True,0.24137931034482757,0.31034482758620685,0.03448275862068967,-0.06896551724137928,-0.1379310344827586,0.17241379310344823,0.31034482758620685,0.31034482758620685,0.5172413793103448,0.17241379310344823,0.1724137931034483,0.3448275862068966,0.13793103448275862,-0.31034482758620696,-0.7241379310344828,-0.06896551724137923,1,43.0,195.49666666666667,195.49666666666667,True
1610612760,2022,2022-23,Oklahoma City Thunder,114.2,113.2,1.0,101.94,17.2,0.127,0.531,0.531,0.256,0.127,0.289,0.547,0.288,0.163,0.307,-6.1,West,10,40,42,0.488,False,True,False,0.4827586206896552,0.3793103448275862,0.5172413793103449,0.9310344827586207,0.13793103448275862,0.10344827586206896,0.20689655172413793,0.20689655172413793,0.2413793103448276,0.10344827586206896,0.6206896551724138,0.6206896551724138,0.8620689655172413,0.9655172413793104,0.9310344827586207,0.27586206896551724,19,False,0.9310344827586207,0.10344827586206896,0.9655172413793104,0.8620689655172413,0.6206896551724138,0.13793103448275862,0.9310344827586207,0.9310344827586207,0.4482758620689655,0.13793103448275862,0.06896551724137931,0.10344827586206896,0.7241379310344828,1.0,0.896551724137931,0.7586206896551724,True,True,0.44827586206896547,-0.27586206896551724,0.4482758620689655,-0.06896551724137934,0.4827586206896552,0.034482758620689655,0.7241379310344828,0.7241379310344828,0.20689655172413793,0.034482758620689655,-0.5517241379310345,-0.5172413793103449,-0.13793103448275856,0.03448275862068961,-0.03448275862068961,0.48275862068965514,2,10.0,1691.9216666666666,1758.1216666666667,False
1610612739,2024,2024-25,Cleveland Cavaliers,121.0,111.8,9.2,100.31,19.6,0.131,0.578,0.578,0.241,0.131,0.296,0.528,0.232,0.144,0.3,18.1,East,1,64,18,0.78,True,True,True,1.0,0.2413793103448276,0.9310344827586207,0.6896551724137931,0.6896551724137931,0.10344827586206896,1.0,1.0,0.3793103448275862,0.10344827586206896,0.5172413793103449,0.06896551724137931,0.3103448275862069,0.4827586206896552,0.7241379310344828,0.9655172413793104,2,False,0.8275862068965517,0.4827586206896552,0.7241379310344828,0.5862068965517241,0.8275862068965517,0.2413793103448276,0.8620689655172413,0.8620689655172413,0.4827586206896552,0.2413793103448276,0.7241379310344828,0.4482758620689655,0.5172413793103449,0.6896551724137931,0.5862068965517241,0.8620689655172413,True,True,-0.1724137931034483,0.2413793103448276,-0.2068965517241379,-0.10344827586206906,0.13793103448275856,0.13793103448275862,-0.13793103448275867,-0.13793103448275867,0.103448275862069,0.13793103448275862,0.2068965517241379,0.3793103448275862,0.20689655172413796,0.20689655172413796,-0.13793103448275867,-0.10344827586206906,1,49.0,545.0866666666667,545.0866666666667,True
1610612757,2023,2023-24,Portland Trail Blazers,107.6,116.6,-9.0,97.88,16.7,0.154,0.503,0.503,0.228,0.154,0.32,0.558,0.273,0.145,0.303,0.9,West,15,21,61,0.256,False,False,False,0.034482758620689655,0.7586206896551724,0.034482758620689655,0.3103448275862069,0.0,0.9655172413793104,0.0,0.0,0.2413793103448276,0.9655172413793104,0.9310344827586207,0.7931034482758621,0.896551724137931,0.8275862068965517,0.9310344827586207,0.4827586206896552,27,True,0.2413793103448276,0.5172413793103449,0.3103448275862069,0.4827586206896552,0.034482758620689655,0.9655172413793104,0.1724137931034483,0.1724137931034483,0.5862068965517241,0.9655172413793104,0.9655172413793104,0.5517241379310345,0.7241379310344828,0.8620689655172413,0.9310344827586207,0.27586206896551724,False,False,0.20689655172413796,-0.2413793103448275,0.27586206896551724,0.1724137931034483,0.034482758620689655,0.0,0.1724137931034483,0.1724137931034483,0.34482758620689646,0.0,0.034482758620689724,-0.24137931034482762,-0.1724137931034483,0.03448275862068961,0.0,-0.20689655172413796,1,7.0,1323.6433333333334,1323.6433333333334,False
1610612760,2020,2020-21,Oklahoma City Thunder,102.8,113.4,-10.6,101.61,16.1,0.158,0.509,0.509,0.242,0.158,0.254,0.547,0.216,0.128,0.258,-1.4,West,14,22,50,0.306,False,False,False,0.0,0.7931034482758621,0.0,0.7931034482758621,0.034482758620689655,1.0,0.06896551724137931,0.06896551724137931,0.4482758620689655,1.0,0.3793103448275862,0.7586206896551724,0.10344827586206896,0.20689655172413793,0.27586206896551724,0.5517241379310345,26,True,0.0,0.5172413793103449,0.10344827586206896,0.6206896551724138,0.034482758620689655,0.4827586206896552,0.034482758620689655,0.034482758620689655,0.06896551724137931,0.4827586206896552,0.1724137931034483,0.5172413793103449,0.06896551724137931,0.2413793103448276,0.4482758620689655,0.4482758620689655,False,False,0.0,-0.27586206896551724,0.10344827586206896,-0.1724137931034483,0.0,-0.5172413793103448,-0.034482758620689655,-0.034482758620689655,-0.3793103448275862,-0.5172413793103448,-0.2068965517241379,-0.2413793103448275,-0.034482758620689655,0.03448275862068967,0.1724137931034483,-0.10344827586206895,5,6.0,1700.3516666666667,5576.613333333334,False
1610612752,2019,2019-20,New York Knicks,105.9,112.4,-6.5,99.11,16.0,0.143,0.501,0.501,0.263,0.143,0.3,0.541,0.299,0.138,0.258,-0.6,East,12,21,45,0.318,False,False,False,0.06896551724137931,0.7586206896551724,0.13793103448275862,0.1724137931034483,0.06896551724137931,0.4482758620689655,0.034482758620689655,0.034482758620689655,0.5172413793103449,0.4482758620689655,1.0,0.6551724137931034,0.9310344827586207,0.27586206896551724,0.20689655172413793,0.5172413793103449,25,True,0.27586206896551724,0.10344827586206896,0.7241379310344828,0.0,0.06896551724137931,0.2413793103448276,0.2413793103448276,0.2413793103448276,0.4482758620689655,0.2413793103448276,0.4482758620689655,0.034482758620689655,0.6206896551724138,0.3103448275862069,0.3793103448275862,0.9310344827586207,True,True,0.20689655172413793,-0.6551724137931034,0.5862068965517242,-0.1724137931034483,0.0,-0.20689655172413793,0.20689655172413796,0.20689655172413796,-0.06896551724137934,-0.20689655172413793,-0.5517241379310345,-0.6206896551724138,-0.31034482758620685,0.03448275862068967,0.17241379310344826,0.4137931034482758,2,8.0,1243.485,1926.565,False
1610612745,2017,2017-18,Houston Rockets,114.1,105.7,8.4,98.02,16.4,0.141,0.551,0.551,0.298,0.141,0.254,0.521,0.229,0.148,0.25,27.1,West,1,65,17,0.793,True,True,True,1.0,0.1724137931034483,1.0,0.5517241379310345,0.13793103448275862,0.3103448275862069,0.9655172413793104,0.9655172413793104,0.9310344827586207,0.3103448275862069,0.2413793103448276,0.41379310344827586,0.1724137931034483,0.6551724137931034,0.10344827586206896,1.0,1,False,0.9655172413793104,0.5517241379310345,0.8620689655172413,0.10344827586206896,0.06896551724137931,0.27586206896551724,0.896551724137931,0.896551724137931,0.8275862068965517,0.27586206896551724,0.4827586206896552,0.5862068965517241,0.8275862068965517,0.7931034482758621,0.9655172413793104,0.3793103448275862,True,True,-0.03448275862068961,0.3793103448275862,-0.13793103448275867,-0.4482758620689655,-0.06896551724137931,-0.03448275862068967,-0.06896551724137934,-0.06896551724137934,-0.10344827586206895,-0.03448275862068967,0.2413793103448276,0.17241379310344823,0.6551724137931034,0.13793103448275867,0.8620689655172414,-0.6206896551724138,1,52.0,15.716666666666667,15.716666666666667,True
1610612741,2025,2025-26,Chicago Bulls,112.1,117.4,-5.3,103.22,19.5,0.148,0.547,0.547,0.246,0.148,0.279,0.553,0.245,0.125,0.292,-0.5,East,12,31,51,0.378,False,False,False,0.1724137931034483,0.7241379310344828,0.2413793103448276,0.9310344827586207,0.7241379310344828,0.6551724137931034,0.5517241379310345,0.5517241379310345,0.27586206896551724,0.6551724137931034,0.10344827586206896,0.6551724137931034,0.1724137931034483,0.034482758620689655,0.20689655172413793,0.5172413793103449,22,True,,,,,,,,,,,,,,,,,,,,,,,,,,,,,,,,,,,0,,,0.0,False
1610612765,2021,2021-22,Detroit Pistons,105.6,113.3,-7.7,98.81,17.1,0.143,0.494,0.494,0.249,0.143,0.276,0.541,0.292,0.147,0.293,-14.6,East,14,23,59,0.28,False,False,False,0.06896551724137931,0.7931034482758621,0.13793103448275862,0.5862068965517241,0.1724137931034483,0.6551724137931034,0.0,0.0,0.5172413793103449,0.6551724137931034,0.5862068965517241,0.7241379310344828,1.0,0.7931034482758621,0.8620689655172413,0.06896551724137931,28,True,0.06896551724137931,0.896551724137931,0.06896551724137931,0.5862068965517241,0.06896551724137931,0.8275862068965517,0.10344827586206896,0.10344827586206896,0.896551724137931,0.8275862068965517,0.7586206896551724,0.7931034482758621,0.9655172413793104,0.3103448275862069,0.896551724137931,0.0,False,False,0.0,0.10344827586206895,-0.06896551724137931,0.0,-0.10344827586206898,0.1724137931034483,0.10344827586206896,0.10344827586206896,0.3793103448275862,0.1724137931034483,0.1724137931034483,0.06896551724137934,-0.03448275862068961,-0.4827586206896552,0.034482758620689724,-0.06896551724137931,2,5.0,2304.3166666666666,3974.4616666666666,False
1610612757,2020,2020-21,Portland Trail Blazers,117.1,115.3,1.8,98.97,15.9,0.112,0.54,0.54,0.238,0.112,0.273,0.546,0.258,0.125,0.269,27.4,West,6,42,30,0.583,True,True,True,0.9655172413793104,0.9655172413793104,0.6206896551724138,0.3793103448275862,0.0,0.0,0.5172413793103449,0.5172413793103449,0.27586206896551724,0.0,0.6896551724137931,0.7241379310344828,0.6896551724137931,0.06896551724137931,0.6551724137931034,1.0,8,False,0.10344827586206896,0.9655172413793104,0.0,0.4827586206896552,0.13793103448275862,0.8275862068965517,0.1724137931034483,0.1724137931034483,0.4482758620689655,0.8275862068965517,0.3793103448275862,1.0,0.9310344827586207,0.6896551724137931,0.6551724137931034,0.6206896551724138,False,False,-0.8620689655172414,0.0,-0.6206896551724138,0.103448275862069,0.13793103448275862,0.8275862068965517,-0.3448275862068966,-0.3448275862068966,0.1724137931034483,0.8275862068965517,-0.31034482758620696,0.27586206896551724,0.2413793103448275,0.6206896551724138,0.0,-0.3793103448275862,2,21.0,696.2466666666667,1336.0733333333333,False
1610612741,2021,2021-22,Chicago Bulls,112.7,113.2,-0.5,98.76,17.8,0.13,0.541,0.541,0.248,0.13,0.249,0.541,0.251,0.132,0.265,15.3,East,6,46,36,0.561,True,True,True,0.5862068965517241,0.7586206896551724,0.3448275862068966,0.5517241379310345,0.41379310344827586,0.1724137931034483,0.6896551724137931,0.6896551724137931,0.4482758620689655,0.1724137931034483,0.06896551724137931,0.7241379310344828,0.4827586206896552,0.2413793103448276,0.20689655172413793,0.9310344827586207,12,False,0.20689655172413793,0.13793103448275862,0.5862068965517241,0.41379310344827586,0.4482758620689655,0.1724137931034483,0.5862068965517241,0.5862068965517241,0.20689655172413793,0.1724137931034483,0.06896551724137931,0.5517241379310345,0.13793103448275862,0.8275862068965517,0.06896551724137931,0.4827586206896552,True,False,-0.3793103448275862,-0.6206896551724137,0.2413793103448275,-0.13793103448275862,0.03448275862068967,0.0,-0.10344827586206906,-0.10344827586206906,-0.2413793103448276,0.0,0.0,-0.1724137931034483,-0.3448275862068966,0.5862068965517241,-0.13793103448275862,-0.44827586206896547,1,18.0,213.945,213.945,False
1610612759,2025,2025-26,San Antonio Spurs,118.7,110.4,8.4,100.72,19.5,0.133,0.559,0.559,0.274,0.133,0.306,0.522,0.228,0.128,0.276,8.3,West,2,62,20,0.756,True,True,True,0.896551724137931,0.06896551724137931,0.9310344827586207,0.6206896551724138,0.7241379310344828,0.13793103448275862,0.7586206896551724,0.7586206896551724,0.6206896551724138,0.13793103448275862,0.6206896551724138,0.06896551724137931,0.0,0.06896551724137931,0.0,0.7931034482758621,2,False,,,,,,,,,,,,,,,,,,,,,,,,,,,,,,,,,,,0,,,0.0,False
1610612745,2018,2018-19,Houston Rockets,114.9,110.1,4.8,98.39,15.9,0.135,0.542,0.542,0.279,0.135,0.269,0.525,0.274,0.152,0.3,-2.9,West,4,53,29,0.646,True,True,True,0.9655172413793104,0.5517241379310345,0.8620689655172413,0.10344827586206896,0.06896551724137931,0.27586206896551724,0.896551724137931,0.896551724137931,0.8275862068965517,0.27586206896551724,0.4827586206896552,0.5862068965517241,0.8275862068965517,0.7931034482758621,0.9655172413793104,0.3793103448275862,5,False,0.8275862068965517,0.4827586206896552,0.7586206896551724,0.9655172413793104,0.034482758620689655,0.3103448275862069,0.7931034482758621,0.7931034482758621,0.896551724137931,0.3103448275862069,0.13793103448275862,0.4482758620689655,0.41379310344827586,0.8275862068965517,0.8620689655172413,0.9310344827586207,True,True,-0.13793103448275867,-0.06896551724137928,-0.10344827586206895,0.8620689655172414,-0.034482758620689655,0.03448275862068967,-0.10344827586206895,-0.10344827586206895,0.06896551724137934,0.03448275862068967,-0.3448275862068966,-0.13793103448275856,-0.41379310344827586,0.03448275862068961,-0.10344827586206906,0.5517241379310345,0,,,0.0,True
1610612745,2025,2025-26,Houston Rockets,117.5,112.1,5.4,96.98,17.8,0.157,0.542,0.542,0.26,0.157,0.388,0.53,0.251,0.137,0.299,-8.8,West,5,52,30,0.634,True,True,True,0.7586206896551724,0.13793103448275862,0.8275862068965517,0.034482758620689655,0.2413793103448276,0.896551724137931,0.41379310344827586,0.41379310344827586,0.41379310344827586,0.896551724137931,1.0,0.1724137931034483,0.3448275862068966,0.3103448275862069,0.3448275862068966,0.20689655172413793,8,False,,,,,,,,,,,,,,,,,,,,,,,,,,,,,,,,,,,0,,,0.0,False
1610612739,2016,2016-17,Cleveland Cavaliers,112.8,109.7,3.1,96.74,17.1,0.14,0.547,0.547,0.275,0.14,0.264,0.516,0.226,0.129,0.278,10.9,East,2,51,31,0.622,True,True,True,0.9310344827586207,0.6896551724137931,0.7931034482758621,0.4827586206896552,0.4827586206896552,0.3448275862068966,0.9655172413793104,0.9655172413793104,0.5172413793103449,0.3448275862068966,0.3103448275862069,0.5862068965517241,0.06896551724137931,0.034482758620689655,0.4482758620689655,0.7241379310344828,5,False,0.8620689655172413,0.9655172413793104,0.5517241379310345,0.7241379310344828,0.6896551724137931,0.2413793103448276,0.9310344827586207,0.9310344827586207,0.7586206896551724,0.2413793103448276,0.06896551724137931,0.9310344827586207,0.034482758620689655,0.13793103448275862,0.5172413793103449,0.9310344827586207,True,True,-0.06896551724137934,0.27586206896551724,-0.24137931034482762,0.24137931034482757,0.20689655172413796,-0.10344827586206898,-0.034482758620689724,-0.034482758620689724,0.2413793103448275,-0.10344827586206898,-0.2413793103448276,0.3448275862068966,-0.034482758620689655,0.10344827586206896,0.06896551724137934,0.2068965517241379,0,,,0.0,False
1610612749,2018,2018-19,Milwaukee Bucks,113.5,104.9,8.6,103.57,18.3,0.133,0.55,0.55,0.255,0.133,0.25,0.503,0.221,0.128,0.243,1.6,East,1,60,22,0.732,True,True,True,0.896551724137931,0.0,1.0,0.8620689655172413,0.6896551724137931,0.1724137931034483,0.9655172413793104,0.9655172413793104,0.41379310344827586,0.1724137931034483,0.13793103448275862,0.0,0.0,0.13793103448275862,0.034482758620689655,0.6206896551724138,1,False,0.7586206896551724,0.0,1.0,1.0,0.6551724137931034,0.3448275862068966,1.0,1.0,0.7586206896551724,0.3448275862068966,0.034482758620689655,0.0,0.10344827586206896,0.20689655172413793,0.0,0.896551724137931,True,True,-0.13793103448275867,0.0,0.0,0.13793103448275867,-0.034482758620689724,0.1724137931034483,0.03448275862068961,0.03448275862068961,0.3448275862068965,0.1724137931034483,-0.10344827586206896,0.0,0.10344827586206896,0.06896551724137931,-0.034482758620689655,0.27586206896551724,0,,,0.0,False
1610612761,2023,2023-24,Toronto Raptors,111.8,118.1,-6.3,99.91,19.9,0.139,0.535,0.535,0.241,0.139,0.281,0.566,0.218,0.138,0.306,-9.5,East,12,25,57,0.305,False,False,False,0.20689655172413793,0.8620689655172413,0.20689655172413793,0.6206896551724138,0.7586206896551724,0.6551724137931034,0.3103448275862069,0.3103448275862069,0.4827586206896552,0.6551724137931034,0.41379310344827586,0.896551724137931,0.06896551724137931,0.5172413793103449,0.9655172413793104,0.2413793103448276,25,True,0.13793103448275862,0.4827586206896552,0.20689655172413793,0.7241379310344828,0.6896551724137931,0.8275862068965517,0.20689655172413793,0.20689655172413793,0.1724137931034483,0.8275862068965517,0.7931034482758621,0.4482758620689655,0.9655172413793104,0.6551724137931034,0.7931034482758621,0.034482758620689655,False,False,-0.06896551724137931,-0.37931034482758613,0.0,0.10344827586206895,-0.06896551724137923,0.1724137931034483,-0.10344827586206898,-0.10344827586206898,-0.3103448275862069,0.1724137931034483,0.37931034482758624,-0.4482758620689655,0.896551724137931,0.13793103448275856,-0.1724137931034483,-0.20689655172413796,4,19.0,1466.825,3887.8900000000003,False
1610612751,2024,2024-25,Brooklyn Nets,108.1,115.4,-7.3,96.73,18.4,0.156,0.516,0.516,0.24,0.156,0.294,0.557,0.28,0.154,0.301,-11.6,East,12,26,56,0.317,False,False,False,0.06896551724137931,0.7586206896551724,0.13793103448275862,0.06896551724137931,0.3103448275862069,0.896551724137931,0.10344827586206896,0.10344827586206896,0.3448275862068966,0.896551724137931,0.4482758620689655,0.8275862068965517,0.9310344827586207,0.7931034482758621,0.7586206896551724,0.13793103448275862,25,True,0.0,0.8275862068965517,0.034482758620689655,0.13793103448275862,0.3448275862068966,0.9655172413793104,0.0,0.0,0.5862068965517241,0.9655172413793104,0.3103448275862069,0.9310344827586207,0.896551724137931,0.6551724137931034,0.7241379310344828,0.0,False,False,-0.06896551724137931,0.06896551724137934,-0.10344827586206896,0.06896551724137931,0.03448275862068967,0.06896551724137934,-0.10344827586206896,-0.10344827586206896,0.2413793103448275,0.06896551724137934,-0.13793103448275862,0.10344827586206895,-0.03448275862068961,-0.13793103448275867,-0.03448275862068961,-0.13793103448275862,5,8.0,1319.5133333333333,5974.593333333333,False
1610612742,2025,2025-26,Dallas Mavericks,110.3,115.5,-5.2,102.62,17.7,0.141,0.527,0.527,0.287,0.141,0.279,0.546,0.238,0.129,0.298,-8.6,West,12,26,56,0.317,False,False,False,0.10344827586206896,0.6206896551724138,0.27586206896551724,0.896551724137931,0.1724137931034483,0.41379310344827586,0.06896551724137931,0.06896551724137931,0.8275862068965517,0.41379310344827586,0.10344827586206896,0.5862068965517241,0.06896551724137931,0.10344827586206896,0.27586206896551724,0.2413793103448276,23,True,,,,,,,,,,,,,,,,,,,,,,,,,,,,,,,,,,,0,,,0.0,False
1610612765,2023,2023-24,Detroit Pistons,109.0,118.0,-9.0,100.45,18.2,0.151,0.526,0.526,0.246,0.151,0.277,0.558,0.276,0.123,0.27,-36.5,East,15,14,68,0.171,False,False,False,0.10344827586206896,0.8275862068965517,0.034482758620689655,0.7241379310344828,0.20689655172413793,0.896551724137931,0.06896551724137931,0.06896551724137931,0.5172413793103449,0.896551724137931,0.3448275862068966,0.7931034482758621,0.9310344827586207,0.10344827586206896,0.13793103448275862,0.034482758620689655,30,True,0.5517241379310345,0.3103448275862069,0.5862068965517241,0.6551724137931034,0.3793103448275862,0.6551724137931034,0.4827586206896552,0.4827586206896552,0.6206896551724138,0.6551724137931034,0.6896551724137931,0.3103448275862069,0.896551724137931,0.6551724137931034,0.3448275862068966,0.20689655172413793,True,True,0.4482758620689655,-0.5172413793103448,0.5517241379310345,-0.06896551724137934,0.17241379310344826,-0.24137931034482762,0.4137931034482759,0.4137931034482759,0.10344827586206895,-0.24137931034482762,0.3448275862068966,-0.4827586206896552,-0.03448275862068961,0.5517241379310345,0.20689655172413796,0.1724137931034483,2,5.0,1266.3216666666667,1308.7033333333334,False
1610612756,2016,2016-17,Phoenix Suns,106.1,111.3,-5.2,100.85,14.4,0.152,0.493,0.493,0.297,0.152,0.299,0.525,0.338,0.146,0.282,-17.9,West,15,24,58,0.293,False,False,False,0.27586206896551724,0.9310344827586207,0.13793103448275862,0.9655172413793104,0.0,0.7931034482758621,0.13793103448275862,0.13793103448275862,0.9310344827586207,0.7931034482758621,0.8275862068965517,0.8275862068965517,0.9655172413793104,0.5517241379310345,0.5172413793103449,0.0,29,True,0.0,1.0,0.0,0.9655172413793104,0.034482758620689655,0.8620689655172413,0.0,0.0,0.7586206896551724,0.8620689655172413,0.5172413793103449,0.7931034482758621,0.8275862068965517,0.06896551724137931,0.7241379310344828,0.06896551724137931,False,False,-0.27586206896551724,0.06896551724137934,-0.13793103448275862,0.0,0.034482758620689655,0.06896551724137923,-0.13793103448275862,-0.13793103448275862,-0.1724137931034483,0.06896551724137923,-0.31034482758620685,-0.03448275862068961,-0.13793103448275867,-0.48275862068965514,0.2068965517241379,0.06896551724137931,3,4.0,1959.2183333333332,2426.2316666666666,False
1610612743,2020,2020-21,Denver Nuggets,116.3,111.5,4.8,97.74,19.3,0.136,0.557,0.557,0.219,0.136,0.292,0.545,0.258,0.143,0.249,7.8,West,3,47,25,0.653,True,True,True,0.7931034482758621,0.3448275862068966,0.8275862068965517,0.10344827586206896,0.8620689655172413,0.4827586206896552,0.8275862068965517,0.8275862068965517,0.06896551724137931,0.4827586206896552,0.9655172413793104,0.6896551724137931,0.6896551724137931,0.6206896551724138,0.1724137931034483,0.7586206896551724,5,False,0.7931034482758621,0.4827586206896552,0.6551724137931034,0.3448275862068966,1.0,0.8275862068965517,1.0,1.0,0.3448275862068966,0.8275862068965517,0.3793103448275862,0.6551724137931034,0.3793103448275862,0.06896551724137931,0.0,0.5862068965517241,True,True,0.0,0.13793103448275862,-0.1724137931034483,0.24137931034482762,0.13793103448275867,0.3448275862068965,0.1724137931034483,0.1724137931034483,0.27586206896551724,0.3448275862068965,-0.5862068965517242,-0.034482758620689724,-0.31034482758620696,-0.5517241379310345,-0.1724137931034483,-0.1724137931034483,1,26.0,1309.8583333333333,1309.8583333333333,False
1610612760,2018,2018-19,Oklahoma City Thunder,109.8,106.5,3.4,103.38,16.3,0.134,0.514,0.514,0.266,0.134,0.298,0.523,0.271,0.16,0.262,1.6,West,6,49,33,0.598,True,True,True,0.4827586206896552,0.10344827586206896,0.6896551724137931,0.8275862068965517,0.10344827586206896,0.2413793103448276,0.20689655172413793,0.20689655172413793,0.6551724137931034,0.2413793103448276,0.9310344827586207,0.5517241379310345,0.7931034482758621,1.0,0.27586206896551724,0.6206896551724138,9,False,0.4482758620689655,0.20689655172413793,0.6206896551724138,0.3103448275862069,0.10344827586206896,0.20689655172413793,0.41379310344827586,0.41379310344827586,0.9310344827586207,0.20689655172413793,0.034482758620689655,0.2413793103448276,0.06896551724137931,0.41379310344827586,0.6206896551724138,1.0,True,True,-0.03448275862068967,0.10344827586206896,-0.06896551724137934,-0.5172413793103448,0.0,-0.03448275862068967,0.20689655172413793,0.20689655172413793,0.27586206896551724,-0.03448275862068967,-0.896551724137931,-0.31034482758620685,-0.7241379310344828,-0.5862068965517242,0.3448275862068966,0.3793103448275862,2,23.0,1129.46,1140.8600000000001,False
1610612746,2023,2023-24,LA Clippers,117.9,114.6,3.4,97.93,18.7,0.134,0.561,0.561,0.256,0.134,0.283,0.541,0.236,0.133,0.295,14.6,West,4,51,31,0.622,True,True,True,0.896551724137931,0.5172413793103449,0.7931034482758621,0.3448275862068966,0.41379310344827586,0.4482758620689655,0.7241379310344828,0.7241379310344828,0.6896551724137931,0.4482758620689655,0.4482758620689655,0.3448275862068966,0.3103448275862069,0.3448275862068966,0.7931034482758621,0.8275862068965517,5,False,0.5172413793103449,0.06896551724137931,0.8620689655172413,0.27586206896551724,0.3103448275862069,0.7586206896551724,0.6206896551724138,0.6206896551724138,0.7241379310344828,0.7586206896551724,0.3793103448275862,0.2413793103448276,0.5172413793103449,0.7586206896551724,0.0,0.5172413793103449,True,True,-0.3793103448275862,-0.4482758620689655,0.06896551724137923,-0.06896551724137934,-0.10344827586206895,0.31034482758620685,-0.10344827586206895,-0.10344827586206895,0.03448275862068961,0.31034482758620685,-0.06896551724137934,-0.10344827586206898,0.20689655172413796,0.4137931034482758,-0.7931034482758621,-0.31034482758620685,1,46.0,58.64833333333333,58.64833333333333,False
1610612763,2018,2018-19,Memphis Grizzlies,105.6,108.0,-2.4,97.15,17.9,0.143,0.508,0.508,0.272,0.143,0.247,0.521,0.296,0.155,0.276,-9.7,West,12,33,49,0.402,False,False,False,0.10344827586206896,0.27586206896551724,0.20689655172413793,0.0,0.5862068965517241,0.7586206896551724,0.10344827586206896,0.10344827586206896,0.7931034482758621,0.7586206896551724,0.06896551724137931,0.4482758620689655,0.9310344827586207,0.9310344827586207,0.6551724137931034,0.034482758620689655,22,True,0.27586206896551724,0.4482758620689655,0.4482758620689655,0.8275862068965517,0.8620689655172413,0.6551724137931034,0.3448275862068966,0.3448275862068966,0.1724137931034483,0.6551724137931034,0.5862068965517241,0.3103448275862069,0.6896551724137931,0.4827586206896552,0.4827586206896552,0.13793103448275862,True,False,0.1724137931034483,0.1724137931034483,0.2413793103448276,0.8275862068965517,0.27586206896551724,-0.10344827586206895,0.24137931034482762,0.24137931034482762,-0.6206896551724138,-0.10344827586206895,0.5172413793103448,-0.13793103448275862,-0.2413793103448275,-0.44827586206896547,-0.17241379310344823,0.10344827586206896,2,2.0,2074.3233333333333,3374.3433333333332,False
1610612753,2019,2019-20,Orlando Magic,107.9,109.2,-1.3,98.99,17.5,0.129,0.506,0.506,0.256,0.129,0.267,0.535,0.228,0.147,0.251,-8.2,East,8,33,40,0.452,True,True,True,0.2413793103448276,0.3103448275862069,0.3448275862068966,0.13793103448275862,0.4482758620689655,0.10344827586206896,0.10344827586206896,0.10344827586206896,0.3103448275862069,0.10344827586206896,0.4827586206896552,0.5862068965517241,0.13793103448275862,0.5862068965517241,0.13793103448275862,0.27586206896551724,18,False,0.034482758620689655,0.8620689655172413,0.034482758620689655,0.4482758620689655,0.06896551724137931,0.13793103448275862,0.0,0.0,0.3793103448275862,0.13793103448275862,0.2413793103448276,0.7586206896551724,0.06896551724137931,0.20689655172413793,0.2413793103448276,0.6551724137931034,False,False,-0.20689655172413796,0.5517241379310345,-0.3103448275862069,0.3103448275862069,-0.3793103448275862,0.034482758620689655,-0.10344827586206896,-0.10344827586206896,0.06896551724137928,0.034482758620689655,-0.2413793103448276,0.1724137931034483,-0.06896551724137931,-0.3793103448275862,0.10344827586206898,0.3793103448275862,2,15.0,1272.8433333333332,2161.1266666666666,False
1610612750,2024,2024-25,Minnesota Timberwolves,115.7,110.8,5.0,97.95,18.7,0.146,0.554,0.554,0.249,0.146,0.3,0.532,0.232,0.149,0.291,-8.4,West,6,49,33,0.598,True,True,True,0.7586206896551724,0.1724137931034483,0.896551724137931,0.1724137931034483,0.41379310344827586,0.5862068965517241,0.6206896551724138,0.6206896551724138,0.6551724137931034,0.5862068965517241,0.5517241379310345,0.13793103448275862,0.3103448275862069,0.6551724137931034,0.41379310344827586,0.2413793103448276,10,False,0.5862068965517241,0.2413793103448276,0.6896551724137931,0.6896551724137931,0.3448275862068966,0.5172413793103449,0.7586206896551724,0.7586206896551724,0.7931034482758621,0.5172413793103449,0.5517241379310345,0.13793103448275862,0.7931034482758621,0.5172413793103449,0.6206896551724138,0.4827586206896552,True,True,-0.1724137931034483,0.06896551724137931,-0.2068965517241379,0.5172413793103449,-0.06896551724137928,-0.06896551724137923,0.13793103448275856,0.13793103448275856,0.13793103448275867,-0.06896551724137923,0.0,0.0,0.4827586206896552,-0.13793103448275856,0.20689655172413796,0.2413793103448276,2,17.0,314.13166666666666,350.615,False
1610612764,2022,2022-23,Washington Wizards,113.7,114.9,-1.2,99.16,18.5,0.142,0.55,0.55,0.258,0.142,0.273,0.54,0.244,0.123,0.276,-6.7,East,12,35,47,0.427,False,False,False,0.27586206896551724,0.6896551724137931,0.2413793103448276,0.3793103448275862,0.5862068965517241,0.5517241379310345,0.5862068965517241,0.5862068965517241,0.3103448275862069,0.5517241379310345,0.3103448275862069,0.27586206896551724,0.10344827586206896,0.034482758620689655,0.41379310344827586,0.2413793103448276,23,True,0.1724137931034483,0.9310344827586207,0.10344827586206896,1.0,0.7241379310344828,0.5172413793103449,0.3448275862068966,0.3448275862068966,0.10344827586206896,0.5172413793103449,0.0,0.8620689655172413,0.7586206896551724,0.3793103448275862,1.0,0.0,False,False,-0.10344827586206895,0.2413793103448275,-0.13793103448275862,0.6206896551724138,0.13793103448275867,-0.03448275862068961,-0.2413793103448275,-0.2413793103448275,-0.20689655172413796,-0.03448275862068961,-0.3103448275862069,0.5862068965517241,0.6551724137931034,0.3448275862068965,0.5862068965517242,-0.2413793103448276,2,7.0,1715.25,1868.6616666666666,False
1610612762,2025,2025-26,Utah Jazz,112.7,120.8,-8.2,103.54,19.9,0.149,0.536,0.536,0.277,0.149,0.298,0.578,0.292,0.14,0.307,-4.3,West,15,22,60,0.268,False,False,False,0.27586206896551724,0.9655172413793104,0.10344827586206896,0.9655172413793104,0.8620689655172413,0.7241379310344828,0.3448275862068966,0.3448275862068966,0.6896551724137931,0.7241379310344828,0.41379310344827586,1.0,0.9310344827586207,0.3793103448275862,0.5172413793103449,0.3793103448275862,26,True,,,,,,,,,,,,,,,,,,,,,,,,,,,,,,,,,,,0,,,0.0,False
1610612761,2016,2016-17,Toronto Raptors,111.4,107.1,4.3,95.41,14.5,0.132,0.517,0.517,0.293,0.132,0.291,0.507,0.286,0.153,0.283,12.3,East,3,51,31,0.622,True,True,True,0.8275862068965517,0.3103448275862069,0.8275862068965517,0.1724137931034483,0.034482758620689655,0.13793103448275862,0.6206896551724138,0.6206896551724138,0.8275862068965517,0.13793103448275862,0.7586206896551724,0.2413793103448276,0.7586206896551724,0.7931034482758621,0.5862068965517241,0.9310344827586207,5,False,0.9655172413793104,0.13793103448275862,0.9655172413793104,0.5517241379310345,0.8275862068965517,0.10344827586206896,0.8620689655172413,0.8620689655172413,0.4827586206896552,0.10344827586206896,0.6206896551724138,0.06896551724137931,0.8275862068965517,0.5172413793103449,0.6551724137931034,0.4827586206896552,True,True,0.13793103448275867,-0.1724137931034483,0.13793103448275867,0.3793103448275862,0.7931034482758621,-0.034482758620689655,0.2413793103448275,0.2413793103448275,-0.3448275862068965,-0.034482758620689655,-0.13793103448275856,-0.1724137931034483,0.06896551724137934,-0.27586206896551724,0.06896551724137934,-0.44827586206896547,1,23.0,1481.4616666666666,1481.4616666666666,False
1610612757,2017,2017-18,Portland Trail Blazers,108.4,105.7,2.7,97.11,15.0,0.139,0.511,0.511,0.24,0.139,0.279,0.503,0.256,0.13,0.254,2.4,West,3,49,33,0.598,True,True,True,0.5517241379310345,0.1724137931034483,0.7241379310344828,0.3793103448275862,0.0,0.2413793103448276,0.2413793103448276,0.2413793103448276,0.3793103448275862,0.2413793103448276,0.7586206896551724,0.10344827586206896,0.6206896551724138,0.034482758620689655,0.1724137931034483,0.6896551724137931,7,False,0.9310344827586207,0.5172413793103449,0.7931034482758621,0.41379310344827586,0.20689655172413793,0.3793103448275862,0.5862068965517241,0.5862068965517241,0.5517241379310345,0.3793103448275862,0.9655172413793104,0.3448275862068966,0.4482758620689655,0.034482758620689655,0.2413793103448276,0.8275862068965517,True,True,0.3793103448275862,0.3448275862068966,0.06896551724137934,0.03448275862068967,0.20689655172413793,0.1379310344827586,0.34482758620689646,0.34482758620689646,0.1724137931034483,0.1379310344827586,0.206896551724138,0.24137931034482762,-0.1724137931034483,0.0,0.06896551724137931,0.13793103448275856,2,24.0,140.50833333333333,251.05833333333334,False
1610612750,2019,2019-20,Minnesota Timberwolves,107.6,111.6,-4.0,103.94,16.7,0.146,0.514,0.514,0.277,0.146,0.264,0.541,0.279,0.147,0.269,-3.0,West,14,19,45,0.297,False,False,False,0.20689655172413793,0.6551724137931034,0.20689655172413793,0.9310344827586207,0.13793103448275862,0.5517241379310345,0.13793103448275862,0.13793103448275862,0.8620689655172413,0.5517241379310345,0.41379310344827586,0.6551724137931034,0.7241379310344828,0.5862068965517241,0.5172413793103449,0.4482758620689655,28,True,0.1724137931034483,0.9310344827586207,0.13793103448275862,0.8620689655172413,0.5172413793103449,0.5517241379310345,0.1724137931034483,0.1724137931034483,0.7241379310344828,0.5517241379310345,0.6551724137931034,0.9310344827586207,0.8620689655172413,0.8620689655172413,0.896551724137931,0.13793103448275862,False,False,-0.03448275862068964,0.27586206896551724,-0.06896551724137931,-0.06896551724137934,0.37931034482758624,0.0,0.03448275862068967,0.03448275862068967,-0.13793103448275856,0.0,0.24137931034482757,0.27586206896551724,0.13793103448275856,0.27586206896551724,0.3793103448275862,-0.3103448275862069,2,1.0,2314.1666666666665,3824.95,False
1610612761,2017,2017-18,Toronto Raptors,113.0,105.3,7.7,98.02,17.9,0.135,0.539,0.539,0.25,0.135,0.274,0.501,0.277,0.145,0.275,-0.2,East,1,59,23,0.72,True,True,True,0.9655172413793104,0.13793103448275862,0.9655172413793104,0.5517241379310345,0.8275862068965517,0.10344827586206896,0.8620689655172413,0.8620689655172413,0.4827586206896552,0.10344827586206896,0.6206896551724138,0.06896551724137931,0.8275862068965517,0.5172413793103449,0.6551724137931034,0.4827586206896552,2,False,0.8620689655172413,0.13793103448275862,0.9310344827586207,0.5172413793103449,0.6551724137931034,0.41379310344827586,0.9310344827586207,0.9310344827586207,0.3103448275862069,0.41379310344827586,0.3793103448275862,0.10344827586206896,0.3793103448275862,0.7241379310344828,0.5862068965517241,0.8620689655172413,True,True,-0.10344827586206906,0.0,-0.034482758620689724,-0.03448275862068961,-0.1724137931034483,0.3103448275862069,0.06896551724137934,0.06896551724137934,-0.1724137931034483,0.3103448275862069,-0.24137931034482762,0.034482758620689655,-0.4482758620689655,0.2068965517241379,-0.06896551724137934,0.37931034482758613,0,,,0.0,True
1610612756,2025,2025-26,Phoenix Suns,114.2,112.9,1.4,98.14,17.6,0.147,0.537,0.537,0.225,0.147,0.331,0.541,0.276,0.165,0.323,-8.4,West,7,45,37,0.549,True,True,True,0.41379310344827586,0.27586206896551724,0.5172413793103449,0.20689655172413793,0.06896551724137931,0.5862068965517241,0.3793103448275862,0.3793103448275862,0.06896551724137931,0.5862068965517241,0.8275862068965517,0.3103448275862069,0.7241379310344828,0.9310344827586207,0.896551724137931,0.27586206896551724,13,False,,,,,,,,,,,,,,,,,,,,,,,,,,,,,,,,,,,0,,,0.0,False
1610612752,2018,2018-19,New York Knicks,104.0,112.9,-8.9,100.16,14.9,0.14,0.49,0.49,0.27,0.14,0.264,0.533,0.265,0.131,0.283,-4.8,East,15,17,65,0.207,False,False,False,0.0,0.8620689655172413,0.034482758620689655,0.4482758620689655,0.0,0.5517241379310345,0.0,0.0,0.7586206896551724,0.5517241379310345,0.3448275862068966,0.7241379310344828,0.6551724137931034,0.27586206896551724,0.8275862068965517,0.27586206896551724,30,True,0.06896551724137931,0.7586206896551724,0.13793103448275862,0.1724137931034483,0.06896551724137931,0.4482758620689655,0.034482758620689655,0.034482758620689655,0.5172413793103449,0.4482758620689655,1.0,0.6551724137931034,0.9310344827586207,0.27586206896551724,0.20689655172413793,0.5172413793103449,False,False,0.06896551724137931,-0.10344827586206895,0.10344827586206896,-0.27586206896551724,0.06896551724137931,-0.10344827586206895,0.034482758620689655,0.034482758620689655,-0.2413793103448275,-0.10344827586206895,0.6551724137931034,-0.06896551724137934,0.27586206896551724,0.0,-0.6206896551724138,0.24137931034482762,2,3.0,1704.4216666666666,1757.6716666666666,False
1610612743,2024,2024-25,Denver Nuggets,118.9,115.1,3.8,100.67,21.1,0.14,0.573,0.573,0.259,0.14,0.311,0.542,0.222,0.128,0.291,17.0,West,4,50,32,0.61,True,True,True,0.896551724137931,0.6896551724137931,0.7241379310344828,0.7586206896551724,1.0,0.3448275862068966,0.9655172413793104,0.9655172413793104,0.8620689655172413,0.3448275862068966,0.7931034482758621,0.5172413793103449,0.10344827586206896,0.10344827586206896,0.41379310344827586,0.9310344827586207,6,False,1.0,0.6896551724137931,0.7931034482758621,0.3448275862068966,0.9310344827586207,0.034482758620689655,1.0,1.0,0.896551724137931,0.034482758620689655,0.27586206896551724,0.4482758620689655,0.3793103448275862,0.0,0.06896551724137931,0.4482758620689655,True,True,0.10344827586206895,0.0,0.06896551724137934,-0.4137931034482758,-0.06896551724137934,-0.3103448275862069,0.03448275862068961,0.03448275862068961,0.034482758620689724,-0.3103448275862069,-0.5172413793103449,-0.06896551724137934,0.27586206896551724,-0.10344827586206896,-0.3448275862068966,-0.48275862068965514,0,,,0.0,False
1610612755,2021,2021-22,Philadelphia 76ers,113.0,110.2,2.8,96.71,17.9,0.129,0.534,0.534,0.282,0.129,0.246,0.524,0.25,0.136,0.276,3.9,East,4,51,31,0.622,True,True,True,0.6206896551724138,0.3448275862068966,0.7241379310344828,0.13793103448275862,0.4827586206896552,0.10344827586206896,0.4482758620689655,0.4482758620689655,0.9655172413793104,0.10344827586206896,0.0,0.3448275862068966,0.41379310344827586,0.41379310344827586,0.5862068965517241,0.6896551724137931,6,False,0.896551724137931,0.2413793103448276,0.9310344827586207,0.10344827586206896,0.6551724137931034,0.4482758620689655,0.8275862068965517,0.8275862068965517,1.0,0.4482758620689655,0.13793103448275862,0.3793103448275862,0.7241379310344828,0.6206896551724138,0.4482758620689655,1.0,True,True,0.27586206896551724,-0.10344827586206898,0.2068965517241379,-0.034482758620689655,0.17241379310344823,0.3448275862068966,0.3793103448275862,0.3793103448275862,0.03448275862068961,0.3448275862068966,0.13793103448275862,0.03448275862068961,0.3103448275862069,0.20689655172413796,-0.13793103448275856,0.31034482758620685,0,,,0.0,False
1610612740,2023,2023-24,New Orleans Pelicans,116.5,111.9,4.6,98.7,19.4,0.132,0.558,0.558,0.261,0.132,0.278,0.541,0.237,0.144,0.275,-12.1,West,7,49,33,0.598,True,True,True,0.6551724137931034,0.1724137931034483,0.8275862068965517,0.4827586206896552,0.6206896551724138,0.3793103448275862,0.6551724137931034,0.6551724137931034,0.7931034482758621,0.3793103448275862,0.3793103448275862,0.3448275862068966,0.3793103448275862,0.7931034482758621,0.2413793103448276,0.20689655172413793,8,False,0.1724137931034483,0.9655172413793104,0.034482758620689655,0.5172413793103449,0.27586206896551724,0.5862068965517241,0.13793103448275862,0.13793103448275862,0.5172413793103449,0.5862068965517241,0.6551724137931034,0.9655172413793104,0.41379310344827586,0.41379310344827586,0.9310344827586207,0.5517241379310345,False,False,-0.48275862068965514,0.7931034482758621,-0.7931034482758621,0.03448275862068967,-0.3448275862068966,0.2068965517241379,-0.5172413793103448,-0.5172413793103448,-0.27586206896551724,0.2068965517241379,0.27586206896551724,0.6206896551724138,0.03448275862068967,-0.37931034482758624,0.689655172413793,0.3448275862068966,2,21.0,1955.79,2615.3483333333334,True
1610612748,2024,2024-25,Miami Heat,112.4,112.0,0.4,97.08,19.2,0.138,0.544,0.544,0.232,0.138,0.263,0.543,0.202,0.141,0.276,-16.2,East,10,37,45,0.451,True,True,True,0.3103448275862069,0.27586206896551724,0.4827586206896552,0.10344827586206896,0.6551724137931034,0.2413793103448276,0.3793103448275862,0.3793103448275862,0.1724137931034483,0.2413793103448276,0.10344827586206896,0.5517241379310345,0.06896551724137931,0.4482758620689655,0.10344827586206896,0.06896551724137931,20,False,0.6206896551724138,0.41379310344827586,0.5862068965517241,1.0,0.7241379310344828,0.10344827586206896,0.41379310344827586,0.41379310344827586,0.5517241379310345,0.10344827586206896,0.3793103448275862,0.20689655172413793,0.10344827586206896,0.4482758620689655,0.2413793103448276,0.3103448275862069,True,False,0.3103448275862069,0.13793103448275862,0.1034482758620689,0.896551724137931,0.06896551724137934,-0.13793103448275862,0.03448275862068967,0.03448275862068967,0.3793103448275862,-0.13793103448275862,0.27586206896551724,-0.3448275862068966,0.034482758620689655,0.0,0.13793103448275862,0.2413793103448276,1,20.0,944.6283333333333,944.6283333333333,False
1610612763,2017,2017-18,Memphis Grizzlies,103.6,110.4,-6.8,95.65,16.6,0.156,0.5,0.5,0.255,0.156,0.276,0.529,0.333,0.154,0.279,-6.3,West,14,22,60,0.268,False,False,False,0.10344827586206896,0.8620689655172413,0.10344827586206896,0.034482758620689655,0.20689655172413793,0.9310344827586207,0.06896551724137931,0.06896551724137931,0.5517241379310345,0.9310344827586207,0.6896551724137931,0.6896551724137931,1.0,0.8275862068965517,0.7586206896551724,0.3103448275862069,29,True,0.10344827586206896,0.27586206896551724,0.20689655172413793,0.0,0.5862068965517241,0.7586206896551724,0.10344827586206896,0.10344827586206896,0.7931034482758621,0.7586206896551724,0.06896551724137931,0.4482758620689655,0.9310344827586207,0.9310344827586207,0.6551724137931034,0.034482758620689655,False,False,0.0,-0.5862068965517241,0.10344827586206896,-0.034482758620689655,0.3793103448275862,-0.1724137931034483,0.034482758620689655,0.034482758620689655,0.24137931034482762,-0.1724137931034483,-0.6206896551724138,-0.24137931034482762,-0.06896551724137934,0.10344827586206895,-0.10344827586206895,-0.27586206896551724,2,4.0,1514.6883333333333,2091.19,False
1610612744,2018,2018-19,Golden State Warriors,115.0,108.6,6.5,101.74,20.4,0.139,0.565,0.565,0.227,0.139,0.257,0.508,0.266,0.132,0.273,5.7,West,1,57,25,0.695,True,True,True,1.0,0.3448275862068966,0.9655172413793104,0.6896551724137931,1.0,0.4827586206896552,1.0,1.0,0.06896551724137931,0.4827586206896552,0.20689655172413793,0.06896551724137931,0.6896551724137931,0.3793103448275862,0.5172413793103449,0.7931034482758621,3,False,0.0,0.8620689655172413,0.0,0.5172413793103449,0.7586206896551724,0.5517241379310345,0.0,0.0,0.5517241379310345,0.5517241379310345,0.1724137931034483,0.9310344827586207,0.3448275862068966,0.8275862068965517,0.6896551724137931,0.06896551724137931,False,False,-1.0,0.5172413793103448,-0.9655172413793104,-0.1724137931034483,-0.24137931034482762,0.06896551724137928,-1.0,-1.0,0.48275862068965514,0.06896551724137928,-0.03448275862068964,0.8620689655172413,-0.3448275862068966,0.4482758620689655,0.1724137931034483,-0.7241379310344828,3,28.0,1653.795,3066.578333333334,False
1610612748,2021,2021-22,Miami Heat,113.0,108.4,4.5,96.53,18.8,0.149,0.547,0.547,0.252,0.149,0.278,0.524,0.268,0.154,0.265,0.3,East,1,53,29,0.646,True,True,True,0.6206896551724138,0.10344827586206896,0.8275862068965517,0.06896551724137931,0.8275862068965517,0.9310344827586207,0.8620689655172413,0.8620689655172413,0.5862068965517241,0.9310344827586207,0.6896551724137931,0.3448275862068966,0.896551724137931,0.9310344827586207,0.20689655172413793,0.5172413793103449,3,False,0.1724137931034483,0.27586206896551724,0.3103448275862069,0.034482758620689655,0.3103448275862069,0.41379310344827586,0.1724137931034483,0.1724137931034483,0.5862068965517241,0.41379310344827586,0.41379310344827586,0.8275862068965517,0.13793103448275862,0.896551724137931,0.10344827586206896,0.9655172413793104,True,True,-0.4482758620689655,0.1724137931034483,-0.5172413793103448,-0.034482758620689655,-0.5172413793103448,-0.5172413793103448,-0.689655172413793,-0.689655172413793,0.0,-0.5172413793103448,-0.2758620689655173,0.48275862068965514,-0.7586206896551724,-0.03448275862068961,-0.10344827586206896,0.4482758620689655,1,27.0,204.455,204.455,False
1610612745,2020,2020-21,Houston Rockets,107.0,114.4,-7.4,101.69,17.2,0.145,0.521,0.521,0.252,0.145,0.24,0.555,0.256,0.144,0.277,-12.0,West,15,17,55,0.236,False,False,False,0.10344827586206896,0.896551724137931,0.10344827586206896,0.8275862068965517,0.1724137931034483,0.7586206896551724,0.20689655172413793,0.20689655172413793,0.6551724137931034,0.7586206896551724,0.034482758620689655,0.896551724137931,0.5862068965517241,0.6551724137931034,0.8275862068965517,0.06896551724137931,30,True,0.13793103448275862,1.0,0.034482758620689655,0.9655172413793104,0.1724137931034483,1.0,0.4482758620689655,0.4482758620689655,1.0,1.0,0.3448275862068966,0.9655172413793104,0.8275862068965517,0.6206896551724138,0.8275862068965517,0.27586206896551724,False,False,0.034482758620689655,0.10344827586206895,-0.06896551724137931,0.13793103448275867,0.0,0.24137931034482762,0.2413793103448276,0.2413793103448276,0.3448275862068966,0.24137931034482762,0.3103448275862069,0.06896551724137934,0.24137931034482762,-0.03448275862068961,0.0,0.20689655172413793,4,2.0,2137.7233333333334,5199.918333333333,False
1610612757,2021,2021-22,Portland Trail Blazers,107.3,116.3,-9.1,98.74,17.0,0.146,0.515,0.515,0.248,0.146,0.268,0.559,0.286,0.142,0.279,1.6,West,13,27,55,0.329,False,False,False,0.10344827586206896,0.9655172413793104,0.0,0.4827586206896552,0.13793103448275862,0.8275862068965517,0.1724137931034483,0.1724137931034483,0.4482758620689655,0.8275862068965517,0.3793103448275862,1.0,0.9310344827586207,0.6896551724137931,0.6551724137931034,0.6206896551724138,25,True,0.41379310344827586,0.9310344827586207,0.13793103448275862,0.4482758620689655,0.3103448275862069,0.6551724137931034,0.5517241379310345,0.5517241379310345,0.8275862068965517,0.6551724137931034,0.20689655172413793,0.8620689655172413,0.6551724137931034,0.3793103448275862,0.7931034482758621,0.1724137931034483,False,False,0.3103448275862069,-0.034482758620689724,0.13793103448275862,-0.03448275862068967,0.1724137931034483,-0.1724137931034483,0.3793103448275862,0.3793103448275862,0.3793103448275862,-0.1724137931034483,-0.17241379310344826,-0.13793103448275867,-0.27586206896551724,-0.31034482758620696,0.13793103448275867,-0.4482758620689655,2,7.0,1778.6033333333332,2397.7666666666664,False
1610612759,2024,2024-25,San Antonio Spurs,113.5,116.3,-2.8,100.08,20.1,0.138,0.544,0.544,0.234,0.138,0.278,0.551,0.2,0.136,0.31,-3.5,West,13,34,48,0.415,False,False,False,0.3793103448275862,0.8275862068965517,0.27586206896551724,0.5862068965517241,0.896551724137931,0.2413793103448276,0.3793103448275862,0.3793103448275862,0.27586206896551724,0.2413793103448276,0.27586206896551724,0.7586206896551724,0.034482758620689655,0.3103448275862069,0.8620689655172413,0.3793103448275862,23,True,0.896551724137931,0.06896551724137931,0.9310344827586207,0.6206896551724138,0.7241379310344828,0.13793103448275862,0.7586206896551724,0.7586206896551724,0.6206896551724138,0.13793103448275862,0.6206896551724138,0.06896551724137931,0.0,0.06896551724137931,0.0,0.7931034482758621,True,True,0.5172413793103449,-0.7586206896551724,0.6551724137931034,0.034482758620689724,-0.1724137931034483,-0.10344827586206898,0.3793103448275862,0.3793103448275862,0.3448275862068966,-0.10344827586206898,0.3448275862068966,-0.689655172413793,-0.034482758620689655,-0.2413793103448276,-0.8620689655172413,0.4137931034482759,2,2.0,1557.9566666666667,2375.8216666666667,False
1610612759,2020,2020-21,San Antonio Spurs,110.5,112.0,-1.5,99.45,17.9,0.113,0.517,0.517,0.243,0.113,0.243,0.541,0.23,0.131,0.267,-4.4,West,10,33,39,0.458,False,True,False,0.3448275862068966,0.4827586206896552,0.3103448275862069,0.5172413793103449,0.4827586206896552,0.034482758620689655,0.10344827586206896,0.10344827586206896,0.5517241379310345,0.034482758620689655,0.10344827586206896,0.5517241379310345,0.1724137931034483,0.3103448275862069,0.5862068965517241,0.4482758620689655,19,False,0.41379310344827586,0.5172413793103449,0.4482758620689655,0.8275862068965517,0.8620689655172413,0.034482758620689655,0.3103448275862069,0.3103448275862069,0.0,0.034482758620689655,0.7241379310344828,0.4482758620689655,0.2413793103448276,0.41379310344827586,0.7931034482758621,0.10344827586206896,True,False,0.06896551724137928,0.03448275862068967,0.13793103448275862,0.31034482758620685,0.37931034482758613,0.0,0.20689655172413796,0.20689655172413796,-0.5517241379310345,0.0,0.6206896551724138,-0.10344827586206895,0.06896551724137931,0.10344827586206895,0.206896551724138,-0.3448275862068966,2,12.0,965.04,1170.1816666666666,False
1610612742,2018,2018-19,Dallas Mavericks,108.7,110.1,-1.5,99.6,17.0,0.142,0.519,0.519,0.291,0.142,0.273,0.522,0.246,0.13,0.266,-6.7,West,14,33,49,0.402,False,False,False,0.3448275862068966,0.5517241379310345,0.3103448275862069,0.3793103448275862,0.27586206896551724,0.6896551724137931,0.3793103448275862,0.3793103448275862,0.896551724137931,0.6896551724137931,0.5862068965517241,0.5172413793103449,0.2413793103448276,0.20689655172413793,0.3103448275862069,0.20689655172413793,22,True,1.0,0.5862068965517241,0.8275862068965517,0.41379310344827586,0.5172413793103449,0.034482758620689655,0.896551724137931,0.896551724137931,0.5517241379310345,0.034482758620689655,0.6206896551724138,0.41379310344827586,0.1724137931034483,0.0,0.2413793103448276,0.2413793103448276,True,True,0.6551724137931034,0.03448275862068961,0.5172413793103448,0.03448275862068967,0.24137931034482762,-0.6551724137931035,0.5172413793103449,0.5172413793103449,-0.3448275862068966,-0.6551724137931035,0.034482758620689724,-0.103448275862069,-0.06896551724137931,-0.20689655172413793,-0.06896551724137931,0.03448275862068967,0,,,0.0,True
1610612758,2023,2023-24,Sacramento Kings,116.2,114.4,1.8,99.46,19.9,0.131,0.556,0.556,0.229,0.131,0.285,0.555,0.266,0.138,0.256,2.7,West,9,46,36,0.561,False,True,False,0.5517241379310345,0.4482758620689655,0.4482758620689655,0.5517241379310345,0.7586206896551724,0.3448275862068966,0.5517241379310345,0.5517241379310345,0.27586206896551724,0.3448275862068966,0.5172413793103449,0.6551724137931034,0.8275862068965517,0.5172413793103449,0.0,0.6206896551724138,16,False,0.7931034482758621,0.7241379310344828,0.5172413793103449,0.3793103448275862,0.4827586206896552,0.13793103448275862,0.5172413793103449,0.5172413793103449,0.3103448275862069,0.13793103448275862,0.4482758620689655,0.8275862068965517,0.7241379310344828,0.3448275862068966,0.034482758620689655,0.8275862068965517,True,False,0.24137931034482762,0.27586206896551724,0.06896551724137934,-0.1724137931034483,-0.2758620689655172,-0.20689655172413796,-0.03448275862068961,-0.03448275862068961,0.03448275862068967,-0.20689655172413796,-0.06896551724137934,0.1724137931034483,-0.10344827586206895,-0.1724137931034483,0.034482758620689655,0.2068965517241379,1,13.0,395.9433333333333,395.9433333333333,True
1610612766,2021,2021-22,Charlotte Hornets,113.6,113.1,0.5,100.52,19.6,0.131,0.544,0.544,0.234,0.131,0.27,0.544,0.246,0.148,0.294,-3.0,East,10,43,39,0.524,False,True,False,0.7241379310344828,0.7241379310344828,0.4827586206896552,0.8620689655172413,0.9655172413793104,0.27586206896551724,0.7931034482758621,0.7931034482758621,0.1724137931034483,0.27586206896551724,0.5517241379310345,0.8275862068965517,0.3448275862068966,0.8620689655172413,0.896551724137931,0.3793103448275862,16,False,0.0,0.6551724137931034,0.10344827586206896,0.7241379310344828,0.3103448275862069,0.4482758620689655,0.0,0.0,0.4482758620689655,0.4482758620689655,0.4482758620689655,0.5517241379310345,0.4827586206896552,0.5862068965517241,0.5517241379310345,0.3103448275862069,False,False,-0.7241379310344828,-0.06896551724137934,-0.37931034482758624,-0.13793103448275856,-0.6551724137931034,0.1724137931034483,-0.7931034482758621,-0.7931034482758621,0.27586206896551724,0.1724137931034483,-0.10344827586206895,-0.27586206896551724,0.13793103448275862,-0.27586206896551724,-0.3448275862068966,-0.06896551724137928,2,15.0,827.975,1614.9716666666668,False
1610612754,2024,2024-25,Indiana Pacers,115.4,113.3,2.1,100.76,20.5,0.13,0.562,0.562,0.241,0.13,0.254,0.546,0.245,0.148,0.295,20.9,East,4,50,32,0.61,True,True,True,0.7241379310344828,0.41379310344827586,0.5862068965517241,0.7931034482758621,0.9655172413793104,0.06896551724137931,0.896551724137931,0.896551724137931,0.3793103448275862,0.06896551724137931,0.034482758620689655,0.6206896551724138,0.5172413793103449,0.6206896551724138,0.5172413793103449,1.0,6,False,0.06896551724137931,0.7931034482758621,0.13793103448275862,0.7931034482758621,0.6551724137931034,0.4482758620689655,0.20689655172413793,0.20689655172413793,0.3448275862068966,0.4482758620689655,0.0,0.7931034482758621,0.7931034482758621,0.20689655172413793,0.4482758620689655,0.13793103448275862,False,False,-0.6551724137931034,0.37931034482758624,-0.44827586206896547,0.0,-0.31034482758620696,0.3793103448275862,-0.6896551724137931,-0.6896551724137931,-0.03448275862068961,0.3793103448275862,-0.034482758620689655,0.1724137931034483,0.27586206896551724,-0.4137931034482759,-0.06896551724137934,-0.8620689655172413,2,38.0,616.325,1108.555,False
1610612757,2024,2024-25,Portland Trail Blazers,111.0,113.7,-2.7,99.51,16.9,0.16,0.521,0.521,0.246,0.16,0.332,0.543,0.255,0.155,0.318,-7.3,West,12,36,46,0.439,False,False,False,0.2413793103448276,0.5172413793103449,0.3103448275862069,0.4827586206896552,0.034482758620689655,0.9655172413793104,0.1724137931034483,0.1724137931034483,0.5862068965517241,0.9655172413793104,0.9655172413793104,0.5517241379310345,0.7241379310344828,0.8620689655172413,0.9310344827586207,0.27586206896551724,21,True,0.3103448275862069,0.3448275862068966,0.3793103448275862,0.7241379310344828,0.0,1.0,0.27586206896551724,0.27586206896551724,0.7241379310344828,1.0,0.896551724137931,0.3103448275862069,0.6206896551724138,0.7931034482758621,0.6896551724137931,0.41379310344827586,True,True,0.06896551724137931,-0.1724137931034483,0.06896551724137928,0.24137931034482757,-0.034482758620689655,0.03448275862068961,0.10344827586206895,0.10344827586206895,0.13793103448275867,0.03448275862068961,-0.06896551724137934,-0.24137931034482757,-0.10344827586206895,-0.06896551724137923,-0.2413793103448275,0.13793103448275862,1,16.0,299.8933333333333,299.8933333333333,False
1610612741,2018,2018-19,Chicago Bulls,104.5,112.8,-8.3,99.3,16.3,0.141,0.505,0.505,0.235,0.141,0.242,0.541,0.247,0.133,0.273,-6.9,East,13,22,60,0.268,False,False,False,0.034482758620689655,0.8275862068965517,0.10344827586206896,0.3448275862068966,0.10344827586206896,0.6206896551724138,0.06896551724137931,0.06896551724137931,0.13793103448275862,0.6206896551724138,0.0,0.8620689655172413,0.27586206896551724,0.41379310344827586,0.5172413793103449,0.1724137931034483,27,True,0.034482758620689655,0.27586206896551724,0.27586206896551724,0.4827586206896552,0.27586206896551724,0.8620689655172413,0.1724137931034483,0.1724137931034483,0.10344827586206896,0.8620689655172413,0.4827586206896552,0.8620689655172413,1.0,1.0,0.7586206896551724,0.1724137931034483,False,False,0.0,-0.5517241379310345,0.1724137931034483,0.13793103448275862,0.1724137931034483,0.2413793103448275,0.10344827586206898,0.10344827586206898,-0.034482758620689655,0.2413793103448275,0.4827586206896552,0.0,0.7241379310344828,0.5862068965517242,0.2413793103448275,0.0,2,7.0,1674.0,2283.0533333333333,False
1610612742,2016,2016-17,Dallas Mavericks,104.7,107.7,-3.0,93.11,16.8,0.127,0.505,0.505,0.225,0.127,0.216,0.529,0.282,0.16,0.267,-4.2,West,11,33,49,0.402,False,False,False,0.13793103448275862,0.41379310344827586,0.2413793103448276,0.06896551724137931,0.3793103448275862,0.06896551724137931,0.41379310344827586,0.41379310344827586,0.034482758620689655,0.06896551724137931,0.0,0.896551724137931,0.6551724137931034,1.0,0.1724137931034483,0.4482758620689655,22,True,0.20689655172413793,0.5172413793103449,0.27586206896551724,0.13793103448275862,0.5517241379310345,0.0,0.3793103448275862,0.3793103448275862,0.10344827586206896,0.0,0.0,0.7241379310344828,0.5862068965517241,0.3103448275862069,0.13793103448275862,0.0,False,False,0.06896551724137931,0.103448275862069,0.03448275862068964,0.06896551724137931,0.1724137931034483,-0.06896551724137931,-0.03448275862068967,-0.03448275862068967,0.06896551724137931,-0.06896551724137931,0.0,-0.1724137931034483,-0.06896551724137934,-0.6896551724137931,-0.03448275862068967,-0.4482758620689655,1,9.0,2049.105,2049.105,False
1610612754,2022,2022-23,Indiana Pacers,113.8,117.1,-3.3,101.68,18.9,0.146,0.545,0.545,0.265,0.146,0.285,0.554,0.287,0.148,0.315,-3.7,East,11,35,47,0.427,False,False,False,0.3103448275862069,0.8620689655172413,0.1724137931034483,0.8620689655172413,0.7931034482758621,0.7241379310344828,0.4827586206896552,0.4827586206896552,0.5172413793103449,0.7241379310344828,0.5862068965517241,0.7586206896551724,0.8275862068965517,0.7241379310344828,1.0,0.3793103448275862,23,True,0.9655172413793104,0.7931034482758621,0.6896551724137931,0.9655172413793104,1.0,0.1724137931034483,0.9655172413793104,0.9655172413793104,0.13793103448275862,0.1724137931034483,0.4827586206896552,0.7241379310344828,1.0,0.3793103448275862,0.8620689655172413,0.5172413793103449,True,True,0.6551724137931034,-0.06896551724137923,0.5172413793103449,0.10344827586206906,0.2068965517241379,-0.5517241379310345,0.4827586206896552,0.4827586206896552,-0.37931034482758624,-0.5517241379310345,-0.1034482758620689,-0.03448275862068961,0.1724137931034483,-0.3448275862068966,-0.13793103448275867,0.13793103448275867,3,8.0,814.26,1158.9666666666667,True
1610612745,2024,2024-25,Houston Rockets,114.9,110.3,4.6,99.03,16.4,0.14,0.523,0.523,0.242,0.14,0.363,0.528,0.245,0.144,0.285,-0.9,West,2,52,30,0.634,True,True,True,0.6206896551724138,0.13793103448275862,0.7931034482758621,0.41379310344827586,0.0,0.3448275862068966,0.2413793103448276,0.2413793103448276,0.4827586206896552,0.3448275862068966,1.0,0.06896551724137931,0.5172413793103449,0.4827586206896552,0.27586206896551724,0.4827586206896552,4,False,0.7586206896551724,0.13793103448275862,0.8275862068965517,0.034482758620689655,0.2413793103448276,0.896551724137931,0.41379310344827586,0.41379310344827586,0.41379310344827586,0.896551724137931,1.0,0.1724137931034483,0.3448275862068966,0.3103448275862069,0.3448275862068966,0.20689655172413793,True,True,0.13793103448275856,0.0,0.03448275862068961,-0.3793103448275862,0.2413793103448276,0.5517241379310345,0.17241379310344826,0.17241379310344826,-0.06896551724137934,0.5517241379310345,0.0,0.10344827586206898,-0.1724137931034483,-0.1724137931034483,0.06896551724137934,-0.27586206896551724,0,,,0.0,True
1610612749,2016,2016-17,Milwaukee Bucks,108.5,108.7,-0.2,94.99,18.5,0.146,0.527,0.527,0.274,0.146,0.26,0.518,0.279,0.154,0.294,-13.7,East,6,42,40,0.512,True,True,True,0.5862068965517241,0.6206896551724138,0.4482758620689655,0.13793103448275862,0.9310344827586207,0.5862068965517241,0.7931034482758621,0.7931034482758621,0.4827586206896552,0.5862068965517241,0.27586206896551724,0.6551724137931034,0.5517241379310345,0.8620689655172413,0.9310344827586207,0.06896551724137931,13,False,0.6896551724137931,0.5862068965517241,0.3448275862068966,0.3448275862068966,0.7931034482758621,0.3793103448275862,0.7586206896551724,0.7586206896551724,0.896551724137931,0.3793103448275862,0.13793103448275862,0.6551724137931034,0.9310344827586207,0.9310344827586207,1.0,0.6551724137931034,True,True,0.10344827586206906,-0.034482758620689724,-0.10344827586206895,0.20689655172413796,-0.13793103448275856,-0.2068965517241379,-0.034482758620689724,-0.034482758620689724,0.41379310344827586,-0.2068965517241379,-0.13793103448275862,0.0,0.3793103448275862,0.06896551724137934,0.06896551724137934,0.5862068965517241,2,17.0,776.4466666666667,847.5450000000001,False
1610612752,2021,2021-22,New York Knicks,109.7,110.2,-0.4,96.42,16.4,0.137,0.513,0.513,0.28,0.137,0.291,0.521,0.259,0.131,0.26,-24.1,East,11,37,45,0.451,False,False,False,0.2413793103448276,0.3448275862068966,0.3793103448275862,0.034482758620689655,0.034482758620689655,0.3793103448275862,0.13793103448275862,0.13793103448275862,0.9310344827586207,0.3793103448275862,0.8275862068965517,0.1724137931034483,0.7931034482758621,0.1724137931034483,0.10344827586206896,0.0,19,False,0.896551724137931,0.6206896551724138,0.7931034482758621,0.13793103448275862,0.034482758620689655,0.13793103448275862,0.3448275862068966,0.3448275862068966,0.7586206896551724,0.13793103448275862,0.9655172413793104,0.2413793103448276,0.5517241379310345,0.1724137931034483,0.3103448275862069,0.06896551724137931,True,True,0.6551724137931034,0.27586206896551724,0.4137931034482759,0.10344827586206896,0.0,-0.24137931034482757,0.20689655172413796,0.20689655172413796,-0.1724137931034483,-0.24137931034482757,0.13793103448275867,0.06896551724137931,-0.24137931034482762,0.0,0.20689655172413796,0.06896551724137931,1,42.0,8.04,8.04,False
1610612740,2021,2021-22,New Orleans Pelicans,111.2,112.0,-0.8,98.02,18.1,0.143,0.517,0.517,0.264,0.143,0.306,0.547,0.25,0.144,0.258,-4.8,West,9,36,46,0.439,True,True,True,0.3793103448275862,0.5862068965517241,0.3103448275862069,0.3103448275862069,0.5517241379310345,0.6551724137931034,0.20689655172413793,0.20689655172413793,0.8275862068965517,0.6551724137931034,0.896551724137931,0.8620689655172413,0.41379310344827586,0.7241379310344828,0.06896551724137931,0.3103448275862069,20,False,0.3103448275862069,0.1724137931034483,0.6896551724137931,0.4827586206896552,0.5862068965517241,0.6551724137931034,0.4482758620689655,0.4482758620689655,0.6896551724137931,0.6551724137931034,0.7241379310344828,0.4482758620689655,0.5862068965517241,0.7931034482758621,0.13793103448275862,0.8620689655172413,True,False,-0.06896551724137928,-0.4137931034482758,0.37931034482758624,0.1724137931034483,0.03448275862068961,0.0,0.2413793103448276,0.2413793103448276,-0.13793103448275856,0.0,-0.1724137931034483,-0.4137931034482758,0.17241379310344823,0.06896551724137934,0.06896551724137931,0.5517241379310345,1,8.0,1042.125,1042.125,True
1610612763,2016,2016-17,Memphis Grizzlies,107.0,106.5,0.5,92.84,16.5,0.137,0.491,0.491,0.28,0.137,0.295,0.506,0.341,0.152,0.269,12.0,West,7,43,39,0.524,True,True,True,0.3793103448275862,0.20689655172413793,0.6206896551724138,0.034482758620689655,0.3448275862068966,0.2413793103448276,0.06896551724137931,0.06896551724137931,0.6551724137931034,0.2413793103448276,0.7931034482758621,0.1724137931034483,1.0,0.7586206896551724,0.27586206896551724,0.8620689655172413,11,False,0.10344827586206896,0.8620689655172413,0.10344827586206896,0.034482758620689655,0.20689655172413793,0.9310344827586207,0.06896551724137931,0.06896551724137931,0.5517241379310345,0.9310344827586207,0.6896551724137931,0.6896551724137931,1.0,0.8275862068965517,0.7586206896551724,0.3103448275862069,False,False,-0.27586206896551724,0.6551724137931034,-0.5172413793103449,0.0,-0.13793103448275865,0.689655172413793,0.0,0.0,-0.10344827586206895,0.689655172413793,-0.10344827586206895,0.5172413793103449,0.0,0.06896551724137934,0.48275862068965514,-0.5517241379310345,2,35.0,2349.8316666666665,2865.4416666666666,False
1610612766,2016,2016-17,Charlotte Hornets,108.4,108.4,0.0,95.92,17.6,0.119,0.501,0.501,0.279,0.119,0.247,0.523,0.211,0.135,0.251,-8.5,East,11,36,46,0.439,False,False,False,0.5517241379310345,0.5517241379310345,0.5172413793103449,0.3448275862068966,0.7241379310344828,0.0,0.2413793103448276,0.2413793103448276,0.6206896551724138,0.0,0.10344827586206896,0.7241379310344828,0.0,0.27586206896551724,0.06896551724137931,0.3103448275862069,20,False,0.6896551724137931,0.5517241379310345,0.3793103448275862,0.6896551724137931,0.10344827586206896,0.034482758620689655,0.1724137931034483,0.1724137931034483,1.0,0.034482758620689655,0.5172413793103449,0.7241379310344828,0.0,0.20689655172413793,0.034482758620689655,0.5862068965517241,True,False,0.13793103448275867,0.0,-0.13793103448275867,0.3448275862068966,-0.6206896551724138,0.034482758620689655,-0.06896551724137931,-0.06896551724137931,0.3793103448275862,0.034482758620689655,0.4137931034482759,0.0,0.0,-0.06896551724137931,-0.034482758620689655,0.2758620689655172,2,11.0,853.505,1566.5033333333333,False
1610612748,2016,2016-17,Miami Heat,107.4,106.4,1.0,95.51,16.3,0.14,0.512,0.512,0.251,0.14,0.284,0.496,0.281,0.142,0.282,-9.0,East,9,41,41,0.5,False,True,False,0.4482758620689655,0.1724137931034483,0.6896551724137931,0.27586206896551724,0.27586206896551724,0.3448275862068966,0.5172413793103449,0.5172413793103449,0.13793103448275862,0.3448275862068966,0.6206896551724138,0.10344827586206896,0.6206896551724138,0.4482758620689655,0.5172413793103449,0.27586206896551724,15,False,0.3103448275862069,0.2413793103448276,0.4827586206896552,0.10344827586206896,0.41379310344827586,0.6206896551724138,0.5517241379310345,0.5517241379310345,0.20689655172413793,0.6206896551724138,0.3448275862068966,0.20689655172413793,0.7931034482758621,0.5172413793103449,0.20689655172413793,0.8620689655172413,True,True,-0.13793103448275862,0.06896551724137931,-0.20689655172413796,-0.1724137931034483,0.13793103448275862,0.27586206896551724,0.03448275862068961,0.03448275862068961,0.06896551724137931,0.27586206896551724,-0.27586206896551724,0.10344827586206896,0.1724137931034483,0.06896551724137934,-0.31034482758620696,0.5862068965517241,1,14.0,1368.185,1368.185,False
1610612749,2021,2021-22,Milwaukee Bucks,114.3,111.1,3.2,100.59,17.3,0.133,0.546,0.546,0.257,0.133,0.269,0.536,0.22,0.129,0.253,15.9,East,3,51,31,0.622,True,True,True,0.896551724137931,0.4482758620689655,0.7586206896551724,0.9310344827586207,0.2413793103448276,0.3103448275862069,0.8275862068965517,0.8275862068965517,0.7241379310344828,0.3103448275862069,0.4482758620689655,0.6206896551724138,0.06896551724137931,0.06896551724137931,0.034482758620689655,0.9655172413793104,6,False,0.5172413793103449,0.10344827586206896,0.8620689655172413,0.6896551724137931,0.4482758620689655,0.5862068965517241,0.6896551724137931,0.6896551724137931,0.1724137931034483,0.5862068965517241,0.5517241379310345,0.0,0.034482758620689655,0.0,0.034482758620689655,0.5862068965517241,True,True,-0.3793103448275862,-0.3448275862068966,0.10344827586206895,-0.2413793103448275,0.20689655172413793,0.2758620689655172,-0.13793103448275856,-0.13793103448275856,-0.5517241379310345,0.2758620689655172,0.10344827586206895,-0.6206896551724138,-0.034482758620689655,-0.06896551724137931,0.0,-0.3793103448275863,1,24.0,701.3816666666667,701.3816666666667,False
1610612766,2023,2023-24,Charlotte Hornets,108.6,119.2,-10.6,97.81,18.4,0.14,0.529,0.529,0.212,0.14,0.253,0.572,0.236,0.139,0.291,2.6,East,13,21,61,0.256,False,False,False,0.06896551724137931,0.9655172413793104,0.0,0.27586206896551724,0.27586206896551724,0.6896551724137931,0.10344827586206896,0.10344827586206896,0.0,0.6896551724137931,0.10344827586206896,0.9655172413793104,0.3103448275862069,0.6551724137931034,0.7241379310344828,0.5862068965517241,27,True,0.034482758620689655,0.7931034482758621,0.10344827586206896,0.2413793103448276,0.13793103448275862,0.9310344827586207,0.0,0.0,0.10344827586206896,0.9310344827586207,0.7586206896551724,0.6551724137931034,0.3793103448275862,0.27586206896551724,0.5172413793103449,0.3103448275862069,False,False,-0.034482758620689655,-0.1724137931034483,0.10344827586206896,-0.03448275862068964,-0.13793103448275862,0.2413793103448275,-0.10344827586206896,-0.10344827586206896,0.10344827586206896,0.2413793103448275,0.6551724137931034,-0.31034482758620696,0.06896551724137928,-0.3793103448275862,-0.2068965517241379,-0.2758620689655172,2,6.0,1244.3533333333332,2086.4366666666665,False
1610612746,2017,2017-18,LA Clippers,109.4,109.2,0.2,99.54,16.5,0.147,0.527,0.527,0.299,0.147,0.284,0.52,0.259,0.141,0.282,-7.1,West,10,42,40,0.512,False,True,False,0.7586206896551724,0.6206896551724138,0.4482758620689655,0.7931034482758621,0.1724137931034483,0.5517241379310345,0.6896551724137931,0.6896551724137931,0.9655172413793104,0.5517241379310345,0.8275862068965517,0.3793103448275862,0.6551724137931034,0.3103448275862069,0.896551724137931,0.27586206896551724,18,False,0.7241379310344828,0.6206896551724138,0.5862068965517241,0.7931034482758621,0.3448275862068966,0.6206896551724138,0.6206896551724138,0.6206896551724138,1.0,0.6206896551724138,0.3103448275862069,0.2413793103448276,0.896551724137931,0.10344827586206896,0.6896551724137931,1.0,True,True,-0.03448275862068961,0.0,0.13793103448275856,0.0,0.1724137931034483,0.06896551724137934,-0.06896551724137934,-0.06896551724137934,0.03448275862068961,0.06896551724137934,-0.5172413793103448,-0.1379310344827586,0.24137931034482762,-0.20689655172413796,-0.2068965517241379,0.7241379310344828,3,11.0,2173.9066666666668,4296.32,False
1610612744,2019,2019-20,Golden State Warriors,104.4,113.0,-8.6,101.04,18.2,0.146,0.497,0.497,0.264,0.146,0.255,0.553,0.247,0.154,0.278,-17.8,West,15,15,50,0.231,False,False,False,0.0,0.8620689655172413,0.0,0.5172413793103449,0.7586206896551724,0.5517241379310345,0.0,0.0,0.5517241379310345,0.5517241379310345,0.1724137931034483,0.9310344827586207,0.3448275862068966,0.8275862068965517,0.6896551724137931,0.06896551724137931,30,True,0.3448275862068966,0.13793103448275862,0.5172413793103449,0.9310344827586207,0.9655172413793104,0.7931034482758621,0.7931034482758621,0.7931034482758621,0.3448275862068966,0.7931034482758621,0.0,0.10344827586206896,0.9655172413793104,0.7586206896551724,0.7241379310344828,0.3448275862068966,True,False,0.3448275862068966,-0.7241379310344827,0.5172413793103449,0.4137931034482758,0.206896551724138,0.24137931034482762,0.7931034482758621,0.7931034482758621,-0.2068965517241379,0.24137931034482762,-0.1724137931034483,-0.8275862068965517,0.6206896551724138,-0.06896551724137934,0.03448275862068961,0.27586206896551724,2,2.0,835.88,1199.7983333333334,False
1610612754,2020,2020-21,Indiana Pacers,111.9,111.9,0.1,102.05,19.2,0.131,0.542,0.542,0.227,0.131,0.247,0.531,0.258,0.144,0.299,-2.8,East,9,34,38,0.472,False,True,False,0.5517241379310345,0.4482758620689655,0.4827586206896552,0.896551724137931,0.7586206896551724,0.1724137931034483,0.5862068965517241,0.5862068965517241,0.13793103448275862,0.1724137931034483,0.13793103448275862,0.20689655172413793,0.6896551724137931,0.6551724137931034,1.0,0.4827586206896552,17,False,0.41379310344827586,0.9310344827586207,0.20689655172413793,0.41379310344827586,0.5517241379310345,0.7931034482758621,0.3448275862068966,0.3448275862068966,0.27586206896551724,0.7931034482758621,0.9310344827586207,0.9310344827586207,0.6896551724137931,0.3103448275862069,0.5172413793103449,0.034482758620689655,False,False,-0.13793103448275862,0.48275862068965514,-0.27586206896551724,-0.4827586206896552,-0.2068965517241379,0.6206896551724138,-0.2413793103448275,-0.2413793103448275,0.13793103448275862,0.6206896551724138,0.7931034482758621,0.7241379310344828,0.0,-0.3448275862068965,-0.48275862068965514,-0.4482758620689655,2,13.0,1540.8266666666666,2081.8716666666664,False
1610612764,2020,2020-21,Washington Wizards,110.7,112.3,-1.6,104.67,17.8,0.137,0.531,0.531,0.288,0.137,0.25,0.539,0.277,0.139,0.264,4.5,East,8,34,38,0.472,True,True,True,0.4482758620689655,0.6551724137931034,0.27586206896551724,1.0,0.41379310344827586,0.5172413793103449,0.3448275862068966,0.3448275862068966,0.9310344827586207,0.5172413793103449,0.20689655172413793,0.4827586206896552,0.9310344827586207,0.5172413793103449,0.4827586206896552,0.7241379310344828,17,False,0.3103448275862069,0.8275862068965517,0.2413793103448276,0.27586206896551724,0.7586206896551724,0.3103448275862069,0.41379310344827586,0.41379310344827586,0.5862068965517241,0.3103448275862069,0.034482758620689655,0.41379310344827586,0.4827586206896552,0.0,0.3448275862068966,0.896551724137931,False,False,-0.13793103448275862,0.1724137931034483,-0.03448275862068964,-0.7241379310344828,0.3448275862068965,-0.20689655172413796,0.06896551724137928,0.06896551724137928,-0.3448275862068966,-0.20689655172413796,-0.1724137931034483,-0.06896551724137934,-0.44827586206896547,-0.5172413793103449,-0.13793103448275862,0.1724137931034483,2,15.0,1801.0583333333334,1875.2066666666667,False
1610612751,2016,2016-17,Brooklyn Nets,103.6,110.1,-6.5,101.75,15.9,0.162,0.507,0.507,0.289,0.162,0.241,0.513,0.275,0.13,0.284,-15.3,East,15,20,62,0.244,False,False,False,0.034482758620689655,0.7586206896551724,0.034482758620689655,1.0,0.13793103448275862,0.9655172413793104,0.4482758620689655,0.4482758620689655,0.7931034482758621,0.9655172413793104,0.06896551724137931,0.5517241379310345,0.4482758620689655,0.06896551724137931,0.7241379310344828,0.034482758620689655,30,True,0.27586206896551724,0.6896551724137931,0.20689655172413793,0.8275862068965517,0.5517241379310345,0.7241379310344828,0.41379310344827586,0.41379310344827586,0.6206896551724138,0.7241379310344828,0.20689655172413793,0.3448275862068966,0.7241379310344828,0.0,0.4482758620689655,0.13793103448275862,False,False,0.24137931034482757,-0.06896551724137923,0.1724137931034483,-0.1724137931034483,0.41379310344827586,-0.24137931034482762,-0.03448275862068967,-0.03448275862068967,-0.1724137931034483,-0.24137931034482762,0.13793103448275862,-0.2068965517241379,0.27586206896551724,-0.06896551724137931,-0.27586206896551724,0.10344827586206896,1,22.0,1441.115,1441.115,False
1610612737,2019,2019-20,Atlanta Hawks,107.0,114.4,-7.4,103.28,16.9,0.155,0.515,0.515,0.258,0.155,0.267,0.543,0.303,0.143,0.292,-3.3,East,14,20,47,0.299,False,False,False,0.1724137931034483,0.9310344827586207,0.06896551724137931,0.7931034482758621,0.27586206896551724,0.896551724137931,0.1724137931034483,0.1724137931034483,0.3793103448275862,0.896551724137931,0.4827586206896552,0.7931034482758621,0.9655172413793104,0.4827586206896552,0.9655172413793104,0.41379310344827586,27,True,0.7241379310344828,0.5862068965517241,0.6551724137931034,0.27586206896551724,0.3448275862068966,0.2413793103448276,0.4827586206896552,0.4827586206896552,0.896551724137931,0.2413793103448276,0.8275862068965517,0.1724137931034483,0.3103448275862069,0.034482758620689655,0.27586206896551724,0.5172413793103449,True,True,0.5517241379310345,-0.3448275862068966,0.5862068965517241,-0.5172413793103449,0.06896551724137934,-0.6551724137931034,0.3103448275862069,0.3103448275862069,0.5172413793103449,-0.6551724137931034,0.3448275862068965,-0.6206896551724138,-0.6551724137931034,-0.4482758620689655,-0.6896551724137931,0.103448275862069,2,6.0,601.2083333333334,870.405,False
1610612739,2023,2023-24,Cleveland Cavaliers,114.7,112.1,2.5,97.62,20.2,0.138,0.557,0.557,0.234,0.138,0.274,0.535,0.24,0.138,0.279,-5.3,East,4,48,34,0.585,True,True,True,0.4827586206896552,0.20689655172413793,0.6206896551724138,0.20689655172413793,0.896551724137931,0.5862068965517241,0.5862068965517241,0.5862068965517241,0.3103448275862069,0.5862068965517241,0.27586206896551724,0.1724137931034483,0.4827586206896552,0.5172413793103449,0.41379310344827586,0.41379310344827586,11,False,1.0,0.2413793103448276,0.9310344827586207,0.6896551724137931,0.6896551724137931,0.10344827586206896,1.0,1.0,0.3793103448275862,0.10344827586206896,0.5172413793103449,0.06896551724137931,0.3103448275862069,0.4827586206896552,0.7241379310344828,0.9655172413793104,True,True,0.5172413793103448,0.03448275862068967,0.31034482758620685,0.48275862068965525,-0.2068965517241379,-0.48275862068965514,0.4137931034482759,0.4137931034482759,0.06896551724137928,-0.48275862068965514,0.24137931034482762,-0.10344827586206898,-0.1724137931034483,-0.03448275862068967,0.3103448275862069,0.5517241379310345,1,20.0,452.96,452.96,False
1610612752,2025,2025-26,New York Knicks,118.7,112.3,6.4,97.71,19.4,0.139,0.557,0.557,0.238,0.139,0.328,0.541,0.265,0.147,0.285,20.5,East,3,53,29,0.646,True,True,True,0.896551724137931,0.20689655172413793,0.8620689655172413,0.1724137931034483,0.6551724137931034,0.3103448275862069,0.7241379310344828,0.7241379310344828,0.1724137931034483,0.3103448275862069,0.7931034482758621,0.3103448275862069,0.5517241379310345,0.5172413793103449,0.10344827586206896,0.9310344827586207,6,False,,,,,,,,,,,,,,,,,,,,,,,,,,,,,,,,,,,0,,,0.0,False
1610612738,2018,2018-19,Boston Celtics,111.3,107.0,4.3,100.43,18.8,0.127,0.534,0.534,0.215,0.127,0.257,0.514,0.259,0.15,0.272,10.9,East,4,49,33,0.598,True,True,True,0.6896551724137931,0.1724137931034483,0.8275862068965517,0.4827586206896552,0.896551724137931,0.06896551724137931,0.7931034482758621,0.7931034482758621,0.0,0.06896551724137931,0.20689655172413793,0.2413793103448276,0.5862068965517241,0.7586206896551724,0.4827586206896552,0.896551724137931,9,False,0.896551724137931,0.10344827586206896,0.9310344827586207,0.4482758620689655,0.13793103448275862,0.20689655172413793,0.4482758620689655,0.4482758620689655,0.41379310344827586,0.20689655172413793,0.8275862068965517,0.10344827586206896,0.7931034482758621,0.7241379310344828,0.5172413793103449,0.6206896551724138,True,True,0.2068965517241379,-0.06896551724137932,0.10344827586206895,-0.03448275862068967,-0.7586206896551724,0.13793103448275862,-0.3448275862068966,-0.3448275862068966,0.41379310344827586,0.13793103448275862,0.6206896551724138,-0.13793103448275862,0.206896551724138,-0.03448275862068961,0.03448275862068967,-0.27586206896551724,4,14.0,1043.2233333333334,1882.2516666666668,True
1610612763,2019,2019-20,Memphis Grizzlies,108.7,109.7,-1.0,103.31,18.7,0.147,0.528,0.528,0.24,0.147,0.271,0.521,0.277,0.143,0.267,-16.4,West,9,34,39,0.466,False,True,False,0.27586206896551724,0.4482758620689655,0.4482758620689655,0.8275862068965517,0.8620689655172413,0.6551724137931034,0.3448275862068966,0.3448275862068966,0.1724137931034483,0.6551724137931034,0.5862068965517241,0.3103448275862069,0.6896551724137931,0.4827586206896552,0.4827586206896552,0.13793103448275862,16,False,0.5172413793103449,0.20689655172413793,0.5517241379310345,0.7586206896551724,0.7241379310344828,0.1724137931034483,0.27586206896551724,0.27586206896551724,0.1724137931034483,0.1724137931034483,0.896551724137931,0.3793103448275862,0.4482758620689655,0.7586206896551724,0.4827586206896552,0.3103448275862069,True,True,0.24137931034482762,-0.2413793103448276,0.10344827586206895,-0.06896551724137934,-0.13793103448275856,-0.48275862068965514,-0.06896551724137934,-0.06896551724137934,0.0,-0.48275862068965514,0.31034482758620696,0.06896551724137928,-0.24137931034482762,0.2758620689655172,0.0,0.1724137931034483,2,30.0,1518.965,2603.64,False
1610612741,2023,2023-24,Chicago Bulls,114.0,115.7,-1.7,96.94,18.2,0.124,0.534,0.534,0.236,0.124,0.291,0.556,0.251,0.142,0.283,23.5,East,9,39,43,0.476,False,True,False,0.3793103448275862,0.7241379310344828,0.3448275862068966,0.06896551724137931,0.20689655172413793,0.06896551724137931,0.27586206896551724,0.27586206896551724,0.3793103448275862,0.06896551724137931,0.6551724137931034,0.7241379310344828,0.6206896551724138,0.7586206896551724,0.5172413793103449,0.9655172413793104,20,False,0.3448275862068966,0.5862068965517241,0.3448275862068966,0.9655172413793104,0.7931034482758621,0.4482758620689655,0.5862068965517241,0.5862068965517241,0.034482758620689655,0.4482758620689655,0.06896551724137931,0.3103448275862069,0.20689655172413793,0.034482758620689655,0.13793103448275862,0.8620689655172413,True,False,-0.03448275862068961,-0.13793103448275867,0.0,0.896551724137931,0.5862068965517242,0.3793103448275862,0.31034482758620685,0.31034482758620685,-0.3448275862068965,0.3793103448275862,-0.5862068965517241,-0.41379310344827586,-0.4137931034482759,-0.7241379310344828,-0.37931034482758624,-0.10344827586206906,1,11.0,1511.295,1511.295,False
1610612746,2020,2020-21,LA Clippers,116.7,110.6,6.1,97.63,18.1,0.135,0.564,0.564,0.222,0.135,0.27,0.531,0.239,0.132,0.246,-5.5,West,4,47,25,0.653,True,True,True,0.9310344827586207,0.2413793103448276,0.9655172413793104,0.06896551724137931,0.6206896551724138,0.4482758620689655,0.896551724137931,0.896551724137931,0.10344827586206896,0.4482758620689655,0.6206896551724138,0.20689655172413793,0.3793103448275862,0.3793103448275862,0.13793103448275862,0.3793103448275862,5,False,0.1724137931034483,0.2413793103448276,0.41379310344827586,0.3793103448275862,0.3793103448275862,0.41379310344827586,0.3448275862068966,0.3448275862068966,0.13793103448275862,0.41379310344827586,0.13793103448275862,0.10344827586206896,0.0,0.5172413793103449,0.896551724137931,0.8620689655172413,True,False,-0.7586206896551724,0.0,-0.5517241379310345,0.31034482758620685,-0.24137931034482762,-0.03448275862068967,-0.5517241379310345,-0.5517241379310345,0.034482758620689655,-0.03448275862068967,-0.4827586206896552,-0.10344827586206896,-0.3793103448275862,0.13793103448275867,0.7586206896551724,0.48275862068965514,1,51.0,760.245,760.245,False
1610612766,2022,2022-23,Charlotte Hornets,108.4,114.7,-6.3,101.47,17.8,0.139,0.516,0.516,0.261,0.139,0.276,0.544,0.266,0.14,0.283,-4.1,East,14,27,55,0.329,False,False,False,0.0,0.6551724137931034,0.10344827586206896,0.7241379310344828,0.3103448275862069,0.4482758620689655,0.0,0.0,0.4482758620689655,0.4482758620689655,0.4482758620689655,0.5517241379310345,0.4827586206896552,0.5862068965517241,0.5517241379310345,0.3103448275862069,27,True,0.06896551724137931,0.9655172413793104,0.0,0.27586206896551724,0.27586206896551724,0.6896551724137931,0.10344827586206896,0.10344827586206896,0.0,0.6896551724137931,0.10344827586206896,0.9655172413793104,0.3103448275862069,0.6551724137931034,0.7241379310344828,0.5862068965517241,False,False,0.06896551724137931,0.31034482758620696,-0.10344827586206896,-0.4482758620689655,-0.03448275862068967,0.24137931034482762,0.10344827586206896,0.10344827586206896,-0.4482758620689655,0.24137931034482762,-0.3448275862068966,0.4137931034482759,-0.1724137931034483,0.06896551724137934,0.1724137931034483,0.2758620689655172,3,2.0,2382.963333333333,3176.3066666666664,False
1610612740,2016,2016-17,New Orleans Pelicans,104.7,106.8,-2.1,98.56,17.1,0.129,0.504,0.504,0.256,0.129,0.228,0.509,0.232,0.14,0.272,-2.7,West,10,34,48,0.415,False,True,False,0.13793103448275862,0.27586206896551724,0.27586206896551724,0.7586206896551724,0.4827586206896552,0.10344827586206896,0.3448275862068966,0.3448275862068966,0.20689655172413793,0.10344827586206896,0.034482758620689655,0.3793103448275862,0.10344827586206896,0.41379310344827586,0.3448275862068966,0.5172413793103449,21,True,0.5862068965517241,0.4482758620689655,0.5862068965517241,1.0,0.9310344827586207,0.5172413793103449,0.896551724137931,0.896551724137931,0.27586206896551724,0.5172413793103449,0.034482758620689655,0.27586206896551724,0.10344827586206896,0.3103448275862069,0.6206896551724138,0.7931034482758621,True,True,0.44827586206896547,0.1724137931034483,0.31034482758620685,0.24137931034482762,0.44827586206896547,0.4137931034482759,0.5517241379310345,0.5517241379310345,0.06896551724137931,0.4137931034482759,0.0,-0.10344827586206895,0.0,-0.10344827586206895,0.27586206896551724,0.27586206896551724,0,,,0.0,False
1610612755,2019,2019-20,Philadelphia 76ers,110.7,108.4,2.3,99.59,18.5,0.142,0.534,0.534,0.255,0.142,0.281,0.523,0.285,0.138,0.247,2.8,East,6,43,30,0.589,True,True,True,0.5517241379310345,0.2413793103448276,0.6896551724137931,0.3448275862068966,0.8275862068965517,0.3448275862068966,0.5862068965517241,0.5862068965517241,0.27586206896551724,0.3448275862068966,0.7931034482758621,0.3448275862068966,0.8275862068965517,0.27586206896551724,0.034482758620689655,0.5517241379310345,12,False,0.5862068965517241,0.034482758620689655,0.8620689655172413,0.6206896551724138,0.1724137931034483,0.6551724137931034,0.5517241379310345,0.5517241379310345,0.9655172413793104,0.6551724137931034,0.7586206896551724,0.06896551724137931,0.8275862068965517,0.9310344827586207,0.41379310344827586,0.8620689655172413,True,True,0.03448275862068961,-0.20689655172413796,0.17241379310344818,0.27586206896551724,-0.6551724137931034,0.31034482758620685,-0.03448275862068961,-0.03448275862068961,0.6896551724137931,0.31034482758620685,-0.034482758620689724,-0.27586206896551724,0.0,0.6551724137931034,0.3793103448275862,0.31034482758620685,3,21.0,935.575,1495.68,False
1610612758,2021,2021-22,Sacramento Kings,109.6,114.8,-5.2,100.1,17.3,0.14,0.525,0.525,0.264,0.14,0.259,0.551,0.226,0.134,0.286,0.9,West,12,30,52,0.366,False,False,False,0.20689655172413793,0.896551724137931,0.1724137931034483,0.7241379310344828,0.2413793103448276,0.4827586206896552,0.27586206896551724,0.27586206896551724,0.8275862068965517,0.4827586206896552,0.27586206896551724,0.896551724137931,0.20689655172413793,0.3793103448275862,0.7241379310344828,0.5517241379310345,24,True,1.0,0.7586206896551724,0.7586206896551724,0.6206896551724138,0.896551724137931,0.1724137931034483,0.9655172413793104,0.9655172413793104,0.7241379310344828,0.1724137931034483,0.2413793103448276,0.8620689655172413,0.27586206896551724,0.5172413793103449,0.1724137931034483,0.8620689655172413,True,True,0.7931034482758621,-0.13793103448275867,0.5862068965517241,-0.10344827586206895,0.6551724137931034,-0.3103448275862069,0.6896551724137931,0.6896551724137931,-0.10344827586206895,-0.3103448275862069,-0.03448275862068964,-0.034482758620689724,0.06896551724137931,0.13793103448275867,-0.5517241379310345,0.31034482758620685,1,4.0,2381.673333333333,2381.673333333333,False
1610612755,2024,2024-25,Philadelphia 76ers,111.0,117.3,-6.3,98.13,17.1,0.138,0.527,0.527,0.257,0.138,0.279,0.57,0.245,0.162,0.322,-11.8,East,13,24,58,0.293,False,False,False,0.2413793103448276,0.8620689655172413,0.1724137931034483,0.20689655172413793,0.06896551724137931,0.2413793103448276,0.27586206896551724,0.27586206896551724,0.8275862068965517,0.2413793103448276,0.3103448275862069,1.0,0.5172413793103449,0.9310344827586207,1.0,0.10344827586206896,26,True,0.4827586206896552,0.5172413793103449,0.41379310344827586,0.5172413793103449,0.034482758620689655,0.1724137931034483,0.13793103448275862,0.13793103448275862,0.6551724137931034,0.1724137931034483,0.6206896551724138,0.3103448275862069,0.5862068965517241,0.7241379310344828,0.8620689655172413,0.896551724137931,True,True,0.2413793103448276,-0.34482758620689646,0.24137931034482757,0.31034482758620696,-0.034482758620689655,-0.06896551724137931,-0.13793103448275862,-0.13793103448275862,-0.1724137931034483,-0.06896551724137931,0.3103448275862069,-0.6896551724137931,0.06896551724137923,-0.2068965517241379,-0.13793103448275867,0.7931034482758621,2,3.0,2623.305,2678.0666666666666,False
1610612750,2017,2017-18,Minnesota Timberwolves,112.5,110.2,2.3,96.75,17.0,0.128,0.523,0.523,0.28,0.128,0.289,0.539,0.242,0.155,0.28,-8.2,West,8,47,35,0.573,True,True,True,0.896551724137931,0.8275862068965517,0.6896551724137931,0.20689655172413793,0.3103448275862069,0.034482758620689655,0.5862068965517241,0.5862068965517241,0.8620689655172413,0.034482758620689655,0.896551724137931,0.8620689655172413,0.3448275862068966,0.896551724137931,0.8275862068965517,0.10344827586206896,12,False,0.5862068965517241,0.7931034482758621,0.2413793103448276,0.5862068965517241,0.41379310344827586,0.13793103448275862,0.1724137931034483,0.1724137931034483,0.7241379310344828,0.13793103448275862,0.896551724137931,0.7931034482758621,0.27586206896551724,0.6896551724137931,0.896551724137931,0.0,False,False,-0.31034482758620696,-0.03448275862068961,-0.4482758620689655,0.3793103448275862,0.10344827586206895,0.10344827586206896,-0.4137931034482758,-0.4137931034482758,-0.13793103448275856,0.10344827586206896,0.0,-0.06896551724137923,-0.06896551724137934,-0.2068965517241379,0.06896551724137934,-0.10344827586206896,2,20.0,1757.17,2260.5466666666666,False
